latent_0,latent_1,latent_2,latent_3,latent_4,latent_5,latent_6,latent_7,latent_8,latent_9,latent_10,latent_11,latent_12,latent_13,latent_14,latent_15,Result,Season
4.085579,5.363892,3.3981347,3.2221148,0.8993619,2.62855,0.0,1.4932775,0.0,0.14644861,0.0,0.0,1.2664313,0.17539054,2.0904095,3.3297007,1,2006
1.8657843,2.1031504,2.1002097,0.74215806,1.290631,1.9092225,2.3606672,0.15930277,0.8804683,0.1988821,0.0,0.0,0.09770268,0.18941456,0.0,2.3618824,2,2006
1.4241716,1.6917063,1.3305961,0.77517086,1.1429396,1.3675848,0.0,1.1116164,0.0,0.13021588,0.003726542,0.0,0.34949642,0.49015412,0.0,2.2805119,1,2006
0.7342743,1.8994957,1.2337267,0.5246847,0.61888295,1.4918551,0.0,1.3978629,0.0,0.10303438,0.2636128,0.0,0.0,1.1744739,0.0,1.9912548,1,2006
0.7271204,1.5714681,1.9939449,0.29460528,1.7997298,2.378931,0.79322934,0.40713555,0.0,0.22244471,0.14543235,0.0,0.81774557,0.35690585,0.0,1.4426175,1,2006
0.9929321,1.4349103,1.6176436,0.43392268,1.6431011,1.9022206,0.5074754,0.6315689,0.03794232,0.13974297,0.014672875,0.0,0.6585346,0.39982334,0.0,1.7233564,2,2006
1.6871402,1.1298751,0.75042063,0.83889633,0.89962476,0.607437,0.0,1.393439,0.0,0.094475925,0.100185394,0.0,0.39538497,0.28192812,0.0,2.6122108,2,2006
1.3011081,1.050454,1.0853684,0.68885577,1.4192574,1.2077701,0.0,1.085295,0.06387688,0.08091855,0.1631495,0.0,0.6998415,0.29299927,0.0,2.1099703,0,2006
0.2878046,0.8562859,0.33714986,0.6083777,0.0,0.74489796,0.0,1.9887378,0.0,0.0,1.2709637,0.0,0.0,1.7168574,1.0228289,1.7734458,0,2006
0.8228727,0.0,1.3848467,0.0,0.6996656,1.7732961,5.0118523,0.0,3.0843627,0.109577954,0.40548146,0.0,0.0,0.51494765,0.0,1.9096066,2,2006
1.4154565,1.2623788,1.1210765,0.0036835074,1.5557854,2.064921,0.0,2.3875072,0.25087258,0.22203237,0.37103838,0.0,0.08201653,0.0,0.0,1.104982,2,2006
0.95109284,0.05408901,0.0069193244,1.7694829,1.4322425,1.6249855,0.0,2.2829754,1.46433,0.14311373,0.5374096,0.047491588,2.1091807,0.0,0.0,1.4328538,0,2006
2.8952107,3.4771252,0.40762866,0.29353914,0.511666,2.7735538,0.0,0.49081624,0.0,1.533108,0.8301382,0.99056304,0.0,0.14889115,1.0885509,2.7888339,0,2006
0.0,1.9399136,1.3110255,0.53589565,0.015045345,0.056152344,0.0,0.9288755,0.0,0.0,2.5582116,0.76935434,0.0,2.5487828,1.3436167,1.9151862,0,2006
0.25011563,0.18266976,0.39487785,0.29162672,0.0,0.5402405,0.0,0.6969414,0.0,0.0,3.0854988,0.0,0.0,2.8872783,2.5947106,1.8527864,0,2006
0.79732317,0.7140365,2.762891,1.7709014,1.1727746,1.2990177,0.0,4.176608,1.4451048,0.0,1.2982081,0.0,2.489984,0.9547504,0.5736498,0.8853232,1,2006
1.0543346,0.5216526,0.0,1.1516266,0.9097327,0.7188786,0.0,0.0,0.0,0.78872186,1.4531062,0.0,0.0,0.6557823,0.0,3.147174,0,2006
1.6656656,2.4982533,0.9035508,0.07011169,0.4583219,0.3569154,0.0,0.92710227,0.0,0.20403737,0.72644794,1.0998322,0.0,0.4918043,0.0,2.7271903,0,2006
0.9706675,1.8024955,0.4436279,0.39457935,0.92374027,2.2627437,0.0,0.0,0.0,0.8509416,0.29378292,0.9845491,0.0,0.49290547,0.0,2.173519,2,2006
0.7018572,1.13485,1.4111972,0.631418,1.3975635,0.61427724,0.0,1.3224757,0.0,0.0,0.89128697,0.0,0.80731046,0.9635937,0.0,2.0167594,0,2006
1.7568836,0.58695984,0.6617478,0.6650165,1.1189128,1.3826325,0.0,1.2840357,0.18505818,0.16051406,0.0,0.0,0.6172724,0.005333364,0.0,2.087217,2,2006
0.7090952,0.0,1.2236534,1.4297817,2.1496449,1.2235093,0.0,0.19160247,1.7409263,0.0,0.99287456,0.76942533,3.318164,0.5219883,0.0,1.7233725,1,2006
1.5379174,0.0,1.370827,1.8937964,1.6614575,1.6749806,0.0,2.6804132,3.1001973,0.0,0.15457985,0.12653391,3.2060373,0.0,0.0,1.3741257,2,2006
0.8053916,0.29968768,0.14975488,0.022870123,0.0,1.134345,0.0,2.1086235,0.0,0.05213076,2.088603,0.0,0.0,2.4102778,2.8096108,1.4711674,0,2006
1.6011473,0.37360734,1.8550951,0.8685595,1.7310075,2.2091718,0.44599122,2.03198,0.6810188,0.0,0.0,0.0,1.6302848,0.4895702,0.0,1.4234972,1,2006
1.1498258,0.29420432,0.8467047,0.970641,1.2493498,2.1081555,0.0,0.41151482,0.0,0.25520128,0.0,0.0,1.1117797,0.6875782,0.0,1.9818919,0,2006
0.0,0.15550601,0.6226984,0.5938821,0.0,1.0484413,0.0,1.0793988,0.0,0.0,2.813422,0.0,0.0,2.994488,2.9605665,1.5338185,0,2006
0.8363018,1.607689,0.7617185,1.0605187,1.2143818,1.2861047,0.0,2.5171313,0.6792763,0.18616217,0.47346416,0.0,0.7610117,0.0,0.0,1.641114,0,2006
0.5528903,0.7094384,1.5724454,1.5643247,1.4490266,1.9728065,0.26252836,0.8168284,0.585567,0.0,0.0,0.0,2.2641475,0.7180045,0.0,1.7625139,0,2006
0.77050304,2.401891,0.28214663,0.6860867,0.5952395,0.53232753,0.0,0.4106542,0.0,0.5048454,1.7832787,0.20779565,0.0,0.51731706,0.59166795,2.5864654,0,2006
0.7108278,1.597466,1.7362353,1.2763896,1.990225,1.1103984,1.9181122,1.1224766,1.602989,0.0,0.053474963,0.0,1.1727322,0.19301951,0.0,1.8928418,2,2006
1.3208205,1.4578266,0.13515198,0.52490264,1.3304269,0.3065359,0.0,1.2075986,0.27352864,0.22279137,1.1023211,0.3930238,0.12047857,0.0,0.0,2.2880087,2,2006
0.5865348,1.7728165,0.46612105,1.104718,1.6516933,0.48076436,0.0,1.19721,0.3591526,0.19699812,0.85733354,0.0,0.44126022,0.0,0.0,2.0762975,2,2006
0.31742966,1.4438648,1.3946235,0.40214288,1.4411404,1.3621376,0.0,1.0167879,0.7135875,0.0,1.6155753,2.3763654,1.4396404,0.28536308,0.0,0.9486065,0,2006
0.6817541,1.6652585,1.6573399,1.1052074,1.209934,1.486079,0.0,3.1199875,0.19955894,0.0,0.4973188,0.0,0.8127366,0.46982548,0.0,1.3655214,2,2006
0.5493069,1.5513852,2.5012789,1.9414079,1.5948837,1.5735384,2.4160302,2.1582308,2.898304,0.0,0.26392362,0.0,1.9388032,0.21372002,0.0,1.44139,2,2006
1.593255,1.0645571,1.9535698,1.4722619,1.4649189,1.3793449,0.0,2.9709518,0.8746763,0.0,0.0,0.0,1.8361354,0.64551353,0.0,1.7364775,2,2006
4.508421,6.7544055,4.0228844,3.812936,0.0,3.1115732,0.0,1.1129339,0.0,0.4686317,3.7184882,4.707406,0.0,0.80404437,8.170587,2.4742246,0,2006
0.7866226,1.4111975,0.2781903,0.29614544,0.833659,0.12728518,0.0,1.8515232,0.0,0.0,1.6256256,0.8324629,0.0,0.14217764,0.0,2.0047004,2,2006
0.54248446,0.61221975,0.037229776,0.25214532,0.0028585792,0.7504668,0.0,2.0312564,0.0,0.03808099,1.4143102,0.0,0.0,1.5153731,0.8628048,1.967422,1,2006
0.77429396,1.8976911,2.371976,0.6742061,2.0216522,1.6907995,2.190643,1.6198884,2.2944012,0.0,0.51992327,0.0,1.075009,0.0,0.0,1.2559314,0,2006
0.5875717,0.87217104,1.0337465,0.8054009,0.61157805,1.0073829,0.0,2.285285,0.18545765,0.0,0.6462855,0.33089757,1.1955813,1.0756772,0.0,1.6815246,1,2006
0.86211276,1.750347,1.2303436,0.92115515,1.3269316,1.9278952,0.22916877,1.574125,0.1431051,0.21283633,0.0,0.0,0.49983102,0.0,0.0,1.725043,1,2006
1.6261109,0.79379135,0.27343035,1.0850871,0.55809885,0.988866,0.0,1.8255275,0.0,0.126189,0.0245229,0.03357388,0.5845047,0.1728692,0.0,2.2979705,2,2006
0.90085,1.3479327,0.5860288,0.50970596,1.2578667,1.365358,0.0,0.41852474,0.0,0.41145778,0.7924597,0.0,0.0,0.32746744,0.0,2.1474392,1,2006
0.78679407,0.6210752,0.9695534,1.3370444,1.602326,1.2891052,0.0,0.473371,0.1584189,0.07788396,0.23444921,0.0,1.6468065,0.57523215,0.0,2.2227929,0,2006
1.8027896,0.4533124,1.1406238,0.31189924,1.6762495,2.098518,0.3854977,2.0364542,0.98575425,0.06145066,0.05571246,0.0,1.0704964,0.027339935,0.0,1.3340544,1,2006
0.7133827,0.8536272,1.6048527,0.560278,1.86741,1.9715487,3.1031764,0.0,1.5838916,0.16370994,0.46485335,0.0,0.5468769,0.4815104,0.0,1.7866148,2,2006
1.3843117,0.687338,1.8205307,0.4909504,1.7441188,1.467304,0.0,1.9461544,0.33928582,0.0,0.21541876,0.0,1.5878243,0.76475275,0.0,1.6856301,2,2006
1.0876204,0.7010667,0.9304381,0.57459104,1.3946455,1.2661258,0.0,0.8588041,0.07221015,0.0,0.48844332,0.062087797,0.83487415,0.35015732,0.0,1.8888874,1,2006
0.8883146,0.0,0.481573,0.27523735,1.311913,0.75578994,0.0,0.94628704,4.9447117,0.0,0.30758047,3.4626145,3.541253,0.0,0.0,1.4897306,1,2006
1.3555671,0.8922515,0.958654,0.25449648,1.2492391,1.4647036,0.0,0.59586155,0.0,0.17399937,0.3916055,0.3148553,0.28962114,0.14055985,0.0,1.9625425,2,2006
0.7475954,0.8959819,1.7692758,1.2866042,2.1496003,0.95045626,0.20503241,1.1034913,0.5113606,0.0,0.40554202,0.0,2.1043372,0.8890987,0.0,2.067373,1,2006
1.2007993,1.1489359,0.63304335,0.6348777,1.1733826,0.81298023,0.0,1.1202873,0.0,0.2164855,0.53426075,0.0,0.064418316,0.17471594,0.0,2.3555758,2,2006
0.79834706,0.9848782,0.94486094,1.1116457,1.9680668,0.76103663,0.0,0.61522925,0.4074966,0.065491915,0.7405076,0.0,1.295663,0.27116758,0.0,2.197383,1,2006
0.48495373,0.3810886,0.0,0.7841975,0.0,1.5120976,0.0,0.32797658,0.0,0.26108772,1.034595,0.57476974,0.0,2.032187,0.95099276,2.1979103,0,2006
1.23327,0.6442139,1.2714258,0.5003784,1.7797178,2.6978488,1.3197848,1.3255751,1.6105595,0.1903559,0.0,0.0,1.4637194,0.0,0.0,1.1831584,1,2006
0.9607948,1.7284938,0.7787827,0.17517513,0.65739673,1.0448574,0.0,0.98127127,0.0,0.21840137,1.056496,0.035965264,0.0,0.314322,0.07757315,2.0201075,0,2006
1.6572523,2.2879148,1.2842507,1.7674468,0.0,1.5402861,0.0,0.40063065,0.0,0.22631055,2.611499,0.0,0.0,0.96725583,4.6450357,2.226008,0,2006
1.8842928,0.5166608,0.93510664,0.97513473,0.48180047,0.8841068,0.0,2.5312269,0.957159,0.0,0.15008017,0.8329289,1.5773431,0.55342185,0.0,2.1546926,2,2006
0.5384228,1.9951909,0.18447554,0.71118736,0.0,0.4223725,0.0,1.475447,0.0,0.28820133,2.202598,0.0,0.0,1.1589248,2.18464,2.3415847,2,2006
0.92575496,0.83345807,1.0033563,0.8848028,1.6949548,1.3427145,0.0,2.18039,0.58747196,0.0,0.6928948,0.0,1.2902507,0.36066145,0.0,1.484865,0,2006
2.0199895,0.48778927,1.0744984,1.6306384,1.1876479,0.91981035,0.0,2.5393887,2.123174,0.0,0.070942044,0.08209567,2.3402774,0.17469698,0.0,2.168213,2,2006
1.0269578,1.3182747,1.2733862,0.5925814,1.9083753,1.524466,2.1640575,0.35660565,1.6461189,0.20717984,0.54451215,0.0,0.05004829,0.0,0.0,1.6233032,1,2006
0.31797117,1.3718803,0.91135776,0.0,0.773122,1.9121608,0.0,0.7464495,0.0,0.061449707,1.6022074,2.4803638,0.0,0.6811118,0.0,1.0115001,2,2006
0.36038363,1.3214846,0.5553657,0.7768686,0.43119818,0.35944682,0.0,1.1208279,0.0,0.014467895,1.018613,0.18869229,0.0,0.81398773,0.0,2.3874187,0,2006
1.0930104,0.80705065,1.3669181,0.0,1.1122805,1.33322,0.0,0.69124645,0.0,0.0,1.2560812,2.0289557,0.30435917,0.90871656,0.0,1.5747898,0,2006
0.9168631,1.0507691,0.89149755,0.50017244,1.8903519,2.2333283,0.0,0.1396296,0.0,0.50988007,0.4824497,0.0,0.27677527,0.15458745,0.0,1.6090857,2,2006
0.92392457,0.5648414,1.504116,0.60968745,1.7657701,2.1615796,2.376963,0.85017985,2.9141836,0.0554294,0.41748375,0.0,1.601934,0.18172622,0.0,1.2610834,2,2006
0.9919163,0.58517826,1.2851684,0.92485034,1.5502329,1.7550445,0.64102066,0.95286614,1.4193482,0.0,0.0,0.0,2.0769386,0.4564716,0.0,1.768978,1,2006
1.3662951,0.6043611,1.0819548,1.127228,1.7320521,0.7646942,0.060800828,1.8817174,1.3933942,0.0,0.5223427,0.0,2.1742992,0.5473824,0.0,2.0491242,1,2006
0.45385906,0.4750591,0.2064293,0.5701624,0.0,0.57425535,0.0,1.5051223,0.0,0.0,1.3491645,0.0,0.0,1.9592314,1.6999171,2.138562,0,2006
1.2387822,0.8702413,0.72664803,0.91768587,1.1180829,0.73077005,0.0,1.882751,0.42018288,0.0,0.55300623,0.0,0.97186774,0.23230737,0.0,2.0551364,2,2006
1.1236583,1.4002262,2.1151252,1.7758615,2.3015153,1.181539,0.8001631,2.208729,1.1580305,0.0,0.0,0.0,3.2142415,1.3356395,0.0,2.1912174,2,2006
1.0186346,1.1322266,0.8417428,0.53556037,0.6894264,1.6077201,0.0,0.12736332,0.0,0.23183292,0.7348321,2.5901198,0.20836782,0.56066835,0.0,2.0247235,0,2006
0.36472815,1.2046001,0.99997056,1.4144058,1.986039,1.230161,0.42593563,1.247411,0.6279878,0.0,0.39153236,0.0,1.6535153,0.43394348,0.0,1.8055933,0,2006
0.9735857,0.9430546,0.020907879,1.050279,0.0,1.0000384,0.0,0.8985495,0.0,0.33335477,2.1540306,0.0,0.0,0.799978,3.3110404,2.2718546,0,2006
0.3628038,1.2853072,0.28734547,1.4306302,0.45524725,0.3577116,0.0,2.092947,0.0,0.0,0.80645657,0.0,0.7675022,1.0929009,0.0,2.405022,0,2006
0.43068197,1.0317869,0.31289458,0.46556386,0.9938203,1.5092328,0.0,1.0679717,0.0,0.2602299,0.63724226,0.0,0.0,0.3309365,0.0,1.775053,1,2006
0.97168773,0.22807282,1.0349882,0.76074916,1.8406532,1.1762962,3.533566,0.53070563,3.2924523,0.0,0.47987702,0.0,0.74919486,0.35589176,0.0,1.9946556,2,2006
0.972542,1.8229008,0.98602784,0.26847604,0.5530307,1.0566975,0.0,0.0,0.0,0.24520952,2.0054598,3.7386742,0.0,0.5694479,0.35870147,2.1498811,0,2006
0.71931994,0.5817442,1.2357898,1.11369,1.2331759,1.2159659,2.536408,1.022941,5.246497,0.0,0.0,0.20554814,2.586031,0.124495804,0.0,1.8705764,0,2006
0.7277532,1.2454424,1.1531589,0.5222596,1.840796,1.51305,0.03809499,0.0062874556,0.0,0.28669018,0.7572745,0.0,0.27043074,0.24138474,0.0,1.7417554,0,2006
1.0398529,0.97659427,0.95055664,0.5004816,1.632445,1.3231465,0.0,0.93926245,0.28366944,0.0,0.60857147,0.55330074,0.9800495,0.02046132,0.0,1.7456458,2,2006
1.3856704,0.75199294,1.2364136,0.72283846,0.873556,1.3796203,0.0,1.3936845,0.0,0.0062924623,0.0,0.0,0.52670866,1.0846564,0.0,2.2359197,0,2006
0.39171135,1.6631598,0.95267403,0.53299975,0.9758475,1.0678539,0.0,0.0,0.0,0.18673778,1.3784177,2.1810136,0.083969474,0.27678138,0.0,2.088907,1,2006
0.20088702,0.68029016,0.008457184,0.9951557,0.33988637,0.8076427,0.0,1.9194765,0.0,0.0,0.9251336,0.0,0.21483648,1.4277713,0.25249124,1.9899931,0,2006
1.7575064,0.8929305,1.2200693,1.675576,0.8350685,1.5029533,0.0,2.8946724,0.1306753,0.0041778088,0.0,0.0,1.7200062,0.91644305,0.0,2.0606773,2,2006
1.2403878,0.8588684,1.0721538,0.08116138,1.1165469,0.79426104,0.0,0.33550656,0.0,0.09964192,1.0098544,0.92591786,0.34290713,0.80232006,0.0,2.3329344,0,2006
0.6674821,1.0069897,1.4381149,0.9669757,1.8758243,2.211277,1.3070275,0.91081566,1.8538997,0.054601252,0.0,0.0,2.1019342,0.0,0.0,1.4181727,0,2006
0.8570806,0.74850684,0.38348764,1.145811,0.38355744,1.0936298,0.0,2.0713234,0.0,0.06467533,0.34504476,0.0,0.23316276,0.9774295,0.0,2.1614702,1,2006
1.7143712,0.37634847,1.1548976,0.5364631,1.7796042,1.0507337,0.26774317,1.5682926,1.0177487,0.0,0.49262252,0.0,1.6936061,0.6607628,0.0,1.9226665,2,2006
0.5666946,1.5598139,1.3527411,0.0,0.8009208,1.6555121,0.0,1.6162326,0.0,0.011420071,0.524804,0.05214742,0.0,0.53305674,0.0,1.3392107,0,2006
0.90547895,0.8193892,2.2729826,0.4957329,0.1976074,1.0967647,4.3440886,2.315152,7.845637,0.0,0.0,0.49201483,3.1138055,2.471926,0.057681486,2.0053158,1,2006
0.66726553,0.964917,0.92485875,0.0,0.6996978,1.4966886,0.0,1.2876647,0.0,0.028812349,0.6922928,0.34788382,0.0,0.82127297,0.0,1.6223726,0,2006
1.1057861,1.3182547,0.5465215,1.0546458,1.0934081,0.7708856,0.0,1.6568594,0.4131495,0.19002777,0.35264233,0.0,0.44715458,0.0,0.0,2.155589,0,2006
0.7905974,1.0462226,0.9731078,0.08626431,1.0898814,1.9663521,0.0,1.1593838,1.5432608,0.23637676,0.0,1.0923952,1.4358475,0.15148318,0.0,1.4693561,2,2006
0.5910648,1.863429,1.2627652,1.3595982,1.3897316,1.6086199,0.0,0.94853646,0.0,0.2017873,0.20702887,0.0,0.5682626,0.3377482,0.0,2.0526006,2,2006
1.3116685,1.6815132,0.93824303,1.6962745,0.0,1.6873744,0.0,1.1890265,0.0,0.2345478,1.8061268,0.0,0.0,0.89746165,4.7013,1.937971,0,2006
1.3225276,0.49533516,1.0696495,0.7384485,0.40971377,0.65634996,0.0,2.240189,0.0,0.0,0.767223,0.0,0.69627756,1.9144487,0.036445186,2.1889737,0,2006
0.9524317,0.61606556,1.9194193,0.65684897,2.0692883,2.6153965,2.0788164,0.49727267,1.6162932,0.06978297,0.017463207,0.0,2.1553454,0.5202724,0.0,1.5535289,0,2006
1.0856192,0.88101983,0.0,0.91534495,1.0530193,0.45509005,0.0,1.2775911,1.0672834,0.08683026,0.83052963,0.6658666,1.1467385,0.0,0.0,2.1987214,2,2006
1.2734492,1.4971546,1.3720552,0.7446374,1.7970089,1.8124877,0.13873303,0.6611092,0.0,0.28975344,0.10750395,0.0,0.43825817,0.0,0.0,1.9418564,1,2006
1.1215297,1.3932849,1.0282711,0.0,1.3586048,1.2879283,0.0,0.024249554,0.0,0.48976567,1.0037358,0.0,0.0,0.0776912,0.0,2.0004232,0,2006
1.3035988,0.8387214,1.262118,1.204217,1.371675,0.94349766,0.61870885,1.4953256,1.7459612,0.0,0.027732909,0.0,1.8169796,0.26521277,0.0,2.0208914,2,2006
0.9202013,0.97410417,1.1630557,0.49376726,0.8233932,1.0419357,0.0,0.60918605,0.0,0.076520324,0.57500285,0.76222414,0.12543371,0.54818714,0.0,2.2325592,0,2006
0.083507776,0.6166664,1.2753339,0.022679925,0.0,0.6977773,0.0,1.1776671,0.0,0.0,3.0482993,1.8116671,0.0,2.038286,3.4393845,1.1735083,0,2006
0.50658095,1.3198147,1.2320868,0.9696859,1.5941825,1.7627741,1.0272002,1.1282002,2.2981389,0.023640215,0.0,0.25021833,2.0647218,0.03362608,0.0,1.4333967,2,2006
1.6900132,0.352404,0.45131117,0.77798957,1.530057,1.0392824,0.0,1.1218848,0.0,0.12027347,0.47327542,0.0,1.2874599,0.5602139,0.0,2.3738916,0,2006
0.6496825,1.2779446,0.9495011,1.2521577,1.941491,1.5320462,0.32293546,2.0317488,1.3244271,0.0,0.5345935,0.0,1.9043355,0.22194457,0.0,1.310855,0,2006
0.50216424,0.7537725,0.0,0.28999236,0.6294919,0.7025337,0.0,0.0,0.0,0.2663359,2.1443882,3.0985231,0.0,0.30375051,0.0,2.2715158,0,2006
1.0690851,0.73504287,1.019521,2.1484408,1.4128355,1.5379708,0.0042886585,2.4176395,0.8279745,0.0,0.0,0.0,2.5731137,0.95121866,0.0,1.9105711,2,2006
0.4240838,1.049576,0.9381091,0.27168715,0.9708644,1.3622609,0.0,0.92373127,0.0,0.03614539,0.86898303,1.4570082,0.19276959,0.0,0.0,1.5085303,0,2006
1.9132583,1.3011633,1.1698886,0.8612777,1.4846123,0.119201005,0.0,2.3229275,0.760458,0.0,1.0562235,0.0,0.89678544,0.21112508,0.0,2.2955785,0,2006
1.5725148,1.5404302,1.7919805,1.3684264,1.9715465,1.1433845,1.0485846,2.50831,1.0579393,0.0,0.0,0.0,2.363073,1.4908174,0.0,2.2209246,0,2006
0.90698856,0.8429687,1.3841815,0.5331292,1.8344653,1.6694019,0.411646,1.2016661,0.22223985,0.0,0.2502443,0.0,0.7982162,0.49478042,0.0,1.5200226,0,2006
0.30177563,1.6359587,2.031083,0.99520946,2.017316,2.4325566,1.9760551,1.4230747,1.6637173,0.10371435,0.0,0.0,1.8780413,0.052707076,0.0,1.2788676,2,2006
1.8287044,1.8117373,1.6157808,2.1392498,0.0,2.0805714,0.0,1.2944497,0.0,0.0,0.2703496,0.0,0.0,1.1803051,3.3595893,2.3700778,0,2006
1.2501668,0.001814425,0.0935151,0.0,0.0,0.56108797,0.0,1.4099422,0.0,0.0,1.5408573,0.4080251,0.0,1.4977264,1.4720124,2.1175392,0,2006
1.0038512,1.2127292,1.479251,0.6059564,0.8975554,0.937592,0.0,1.4272829,0.0,0.0,0.11940336,0.0,0.49889624,0.9005983,0.0,2.2450097,1,2006
1.276871,0.21864429,0.075968206,1.0293067,1.0300366,1.0272297,0.0,0.9712846,1.5867851,0.0,0.47815588,2.157837,1.667388,0.0,0.0,1.5740206,2,2006
0.3524224,1.276209,0.91694474,1.1887971,0.95766616,1.1508831,0.07734949,1.2888466,2.5286932,0.045127094,0.0,1.1433113,2.636403,0.41395414,0.0,2.043826,0,2006
1.4349177,1.283652,1.7537272,0.0469954,2.0353863,2.3173785,1.7117068,0.0,0.8288219,0.49416998,0.6266011,0.0,0.0,0.0,0.0,1.4688373,2,2006
0.92632973,0.14606768,1.2514646,0.8616849,1.044155,1.9859054,0.0,0.5546643,0.0,0.102671504,0.0,0.0,1.0199006,1.1643384,0.0,1.9771295,0,2006
1.000768,0.71155065,0.59768414,0.7280305,0.3986299,1.3213029,0.0,1.5195994,0.0,0.1186437,0.17985627,0.0,0.04755187,0.9652762,0.0,2.1292934,1,2006
0.5414672,0.78290117,0.6133846,0.44824153,0.0,0.45524743,0.0,0.9795939,0.0,0.0,1.5828848,0.0,0.0,1.7098556,1.8012624,2.2374642,0,2006
1.6621611,0.57631963,0.07085931,0.26918313,1.1439244,0.65146285,0.0,1.4518845,1.2316971,0.0,0.9605969,0.95070946,1.2280023,0.20569569,0.0,2.0119915,0,2006
0.29861066,1.6528529,1.7470176,1.4633869,1.7760613,1.6101781,0.6690399,1.1717443,0.6085812,0.0,0.0,0.0,1.6053191,0.11184615,0.0,1.8129696,2,2006
0.58916736,1.0300481,1.6356612,0.17803934,1.2162645,1.3967258,4.5207324,1.7276032,4.836611,0.0,0.6272309,0.0,1.2287612,1.8090043,0.0,1.5206422,2,2006
1.4509931,0.034725428,0.0,1.2277967,0.85097,0.7104189,0.0,0.5805805,1.4087183,0.0,0.9083678,3.4626322,1.6377916,0.0,0.0,1.6188786,2,2006
0.8834893,1.3548313,1.2800633,0.32693246,2.1053066,1.8447243,0.27656034,0.0,0.0,0.4253253,0.80810475,0.0,0.21227258,0.08291513,0.0,1.5571516,2,2006
1.864058,0.61842906,1.184082,0.6014115,1.6623236,1.0199052,0.0,1.6972532,0.49777776,0.0,0.5749904,0.0,1.2345548,0.52379405,0.0,1.9302323,0,2006
0.4616327,1.2506802,0.3715201,1.5747135,1.67311,1.2754412,0.18383422,1.8316584,1.1120477,0.04906261,0.3375195,0.0,2.1325042,0.53849864,0.0,1.8044838,0,2006
0.28028148,0.2239205,1.0698153,0.49567598,0.9611261,2.5162272,0.0,0.0,0.0,0.36776054,0.21760234,0.0,0.24191132,1.1835455,0.0,1.5872663,1,2006
1.0266426,1.4584367,2.0981429,0.5829229,2.054268,1.82323,2.3483536,1.4859054,2.0364802,0.0,0.0185107,0.0,1.306757,0.34491143,0.0,1.5678403,2,2006
0.5127611,0.6919133,0.7101077,0.608611,0.41473457,0.9688637,2.9930665,1.462727,8.5521555,0.0016834736,0.0,1.9063371,3.0190825,0.26011926,0.0,1.7202759,2,2006
0.0,1.5035657,0.86472523,1.3178818,1.1235787,1.673191,0.0,1.4017954,0.08190012,0.20602614,0.0,0.0,1.0160861,0.07514322,0.0,1.7099953,2,2006
1.3470505,1.0097544,2.1667502,0.44424576,1.8993392,2.1338527,2.055587,1.4856856,1.455472,0.0,0.0,0.0,1.4539185,0.522745,0.0,1.5857211,0,2006
1.4007452,1.9030361,1.2336605,1.6556845,0.0,0.8154429,0.0,1.4114954,0.0,0.06881559,1.7671044,0.0,0.0,0.6657571,4.46633,2.4053152,0,2006
1.3957336,0.32680026,0.0,0.23849878,0.2679859,0.06528741,0.0,1.1873103,0.0,0.22726524,1.4263859,0.0,0.0,1.3009573,0.45893502,2.86123,0,2006
1.2774836,0.9500368,0.8524845,0.66952735,0.0,0.6390263,0.0,0.6012429,0.0,0.0,3.2538407,2.0853076,0.0,1.7133633,4.06519,2.0493622,0,2006
0.27264136,1.0629251,0.68395656,0.6065126,0.6813037,1.0898726,0.0,1.079912,0.0,0.0,0.7046336,0.6271759,0.44499117,0.6504612,0.0,1.8499037,1,2006
0.65141976,1.0592258,1.5195036,0.3721717,0.0,1.0415803,0.0,0.13377923,0.0,0.0,3.6114573,8.502358,0.0,1.9420013,1.3087363,1.2246679,0,2006
1.8278868,0.7674398,1.0693866,1.2281609,1.0483094,1.1502787,0.0,1.8658102,0.1512514,0.0,0.0,0.0,1.0801433,0.46988317,0.0,2.2350914,1,2006
0.8295736,0.6218909,1.324015,0.37047136,1.5851696,1.8566061,0.13383219,0.8918061,1.1784426,0.0,0.15472078,0.5210453,1.8299131,0.42196423,0.0,1.4437826,2,2006
0.9632204,0.30611065,0.9110925,0.16131645,1.4171395,1.0666375,0.0,1.3207928,2.9351602,0.0,0.4898591,1.7179507,2.6068997,0.660666,0.0,1.4817002,2,2006
1.3642712,0.11757672,1.2831268,0.0,0.84178686,1.1378746,0.0,1.3434292,3.711408,0.0,0.0,2.6934423,2.822222,0.91414994,0.0,1.7436846,0,2006
0.7475936,0.75044644,0.72404605,1.1567495,1.206939,1.410501,0.0,1.4996899,0.19958681,0.0,0.16558784,0.0,1.5955794,0.73229825,0.0,1.8443167,0,2006
0.7589111,1.2585399,1.0497733,0.005364716,0.9265902,1.2716119,0.0,0.6308632,0.0,0.14740175,0.8679719,0.6597461,0.0,0.0,0.0,1.7701845,1,2006
1.0195986,1.1364958,2.1056366,1.4414648,0.7373,1.9359068,0.0,0.016199887,0.0,0.023519278,3.0591183,11.018309,1.6693561,1.8432331,0.0,0.65661514,0,2006
1.0883545,0.5120181,0.9658966,1.0854223,0.0,0.5981158,0.0,0.6686807,0.0,0.0,3.0015922,0.0,0.0,1.4402225,4.6320496,2.2188637,0,2006
1.8620503,1.1132696,0.062107146,0.019856215,0.0,0.24848652,0.0,1.1707602,0.0,0.39767972,1.2058783,0.0,0.0,0.261374,1.0370029,2.8138437,0,2006
1.4061586,0.7926945,1.6612089,0.5900572,1.8446524,1.9866056,1.7234079,1.2812754,1.8547571,0.0,0.0,0.0,1.9268956,0.61218214,0.0,1.7187974,0,2006
1.6456586,0.5228084,0.9008735,0.7407505,1.9308156,1.0954589,0.59836096,1.5106881,0.9941634,0.0,0.58536756,0.0,1.5119517,0.5031917,0.0,1.8191882,0,2006
0.29127803,1.400872,0.99536014,1.3754842,0.0,1.1816937,0.0,0.83435977,0.0,0.10769528,1.2674266,0.0,0.0,1.3323015,2.7348762,2.160121,1,2006
1.6911826,1.0025005,1.0992193,0.0,0.0,0.96415555,0.0,0.70717704,0.0,0.03342724,1.6368287,3.9928465,0.0,0.87222946,1.4092196,2.0006897,0,2006
1.7202482,0.09428185,0.5314214,0.32495484,1.5981685,0.7849237,0.0,0.8287332,0.0,0.0,1.2710004,0.0,0.7877703,0.6850256,0.0,2.1853583,2,2006
1.2706394,0.047088146,0.0,0.0,0.0,0.241754,0.0,0.5984926,0.0,0.21812785,2.3367958,0.0,0.0,1.7183626,2.3737702,2.6893861,0,2006
1.052693,1.369875,1.6713886,0.8516424,2.196568,1.6415603,2.754027,1.8077183,2.49886,0.0,0.38888186,0.0,1.8914995,1.0273156,0.0,1.5792472,2,2006
1.557886,0.8023822,0.6652043,1.1758366,1.5877393,0.8132615,0.0,2.052082,0.6173349,0.0,0.6858467,0.0,1.5467492,0.6359873,0.0,2.1359057,2,2006
0.60450244,1.1465445,0.9975312,0.860052,1.7570578,0.9124488,0.0,1.3256407,0.44782293,0.0,0.83862305,0.0,1.1228225,0.3547876,0.0,1.6293961,0,2006
0.5682784,1.4038694,0.5092209,1.359633,0.24568829,1.0463573,0.0,1.529755,0.0,0.23523742,0.0,0.47596562,0.04543197,0.0,0.0,2.1487877,0,2006
0.0,1.1591759,1.1855758,0.2916728,0.80179733,1.2818879,0.0,1.3207603,4.755409,0.0,0.0,3.2820294,3.537027,0.38436732,0.0,1.378885,0,2006
1.3252447,0.9347474,0.9656042,0.57106405,1.4133687,1.5999569,0.0,1.2423383,0.14648394,0.22709852,0.029919922,0.0,0.34223294,0.0,0.0,1.8055973,2,2006
1.0253423,1.0187142,1.313555,0.90644187,1.0826077,1.196073,0.0,1.4780252,0.6334429,0.0,0.38348198,1.2276778,1.1599679,0.036991775,0.0,1.6042346,0,2006
1.2426176,1.8003944,0.94775784,1.5850792,2.0284328,1.635769,0.4783063,2.4985373,0.6804897,0.102641046,0.0,0.0,2.3890505,1.1623094,0.0,2.0573895,2,2006
0.021148264,1.1631774,1.4016485,1.5579116,1.9217496,1.9236705,0.7047762,1.3346003,1.075806,0.0,0.051714897,0.0,2.8761861,0.892571,0.0,1.4863136,1,2006
0.42079216,1.0659378,0.79185945,0.7344347,1.4659656,1.3486856,0.0,0.8229704,0.0,0.14342576,0.5467222,0.0,0.9279686,0.42041698,0.0,1.8113956,0,2006
1.0540793,0.66510516,1.7123692,0.0,1.6106005,2.039122,1.9600221,0.04916644,3.5058467,0.1249246,0.3457269,0.9961297,1.892086,0.45135063,0.0,1.4725738,2,2006
1.9194621,2.3474078,2.462645,1.8686748,0.0,1.1902336,0.0,0.6274843,0.0,0.0,2.3734787,0.0,0.0,0.6133784,5.862427,2.2725925,0,2006
1.6288058,0.60503167,0.37494236,0.44415122,0.31928822,1.2065701,0.0,0.31060857,0.0,0.50648916,0.5576749,0.0,0.0,0.8543204,0.33034888,2.81572,0,2006
1.1748875,0.9782253,1.3709933,1.1747837,0.0,1.6691638,0.0,0.28502744,0.0,0.068718016,1.8054564,0.0,0.0,1.4604099,4.389036,1.9697766,0,2006
0.4958489,0.6928107,1.1053127,0.67408997,1.5938277,1.517479,0.0,0.63317883,0.0,0.0,0.6765112,0.052404046,1.1135702,0.66390944,0.0,1.7384797,2,2006
0.9750776,0.9354776,1.3761286,0.6258752,2.0081599,1.0145748,0.14460483,1.5668614,1.0853903,0.0,0.810592,0.0,2.1121716,1.0319581,0.0,1.6034327,1,2006
0.5456828,0.25912395,0.0,0.0,0.3470084,0.0,0.040730596,1.412585,14.122322,0.88332593,0.0,9.390427,7.1968246,0.003444314,0.0,2.4891334,1,2006
1.2533201,1.2996542,0.6171229,0.44273728,0.0,1.3542924,0.0,0.8902109,0.0,0.42248958,0.6521646,1.2939919,0.0,0.0963428,1.2369491,2.2477949,0,2006
0.83636117,0.8912402,2.0442004,0.55792594,1.6893631,1.9573692,0.26998314,1.0467718,0.054756716,0.0,0.0,0.0,1.4054499,0.7411137,0.0,1.5342696,0,2006
0.29650867,0.56864244,0.6750237,0.837471,0.0,0.8471133,0.0,1.5793276,0.0,0.0,1.6498425,0.07149159,0.0,1.8661537,3.2462275,1.8324409,0,2006
0.39753783,1.575525,1.6441523,0.710424,1.2255116,1.4374466,3.7701147,1.9783659,4.979088,0.0,0.90945464,0.0,2.143724,1.876617,0.0,1.2613442,1,2006
1.3341408,1.5379997,1.9375663,1.5811858,1.7717443,1.6070054,2.2512283,2.7036738,2.6719792,0.0,0.0,0.0,2.4271069,1.1154673,0.0,1.7497103,2,2006
0.6710825,1.3147898,1.160511,0.58164865,1.4339547,1.3562961,0.0,1.7822366,0.3204068,0.0,0.48885906,0.0,0.7679856,0.23667377,0.0,1.4304519,1,2006
1.2143679,0.99648523,1.2128173,1.2450409,1.3587829,2.3142052,3.6481032,1.9915602,2.5145986,0.0,0.0,0.0,2.1278996,1.7098954,0.0,2.0385485,2,2006
0.88630366,1.3153677,1.2327548,1.814553,2.0549135,0.893073,1.204046,1.9446082,2.0771372,0.0,0.48647583,0.0,2.642931,0.8465199,0.0,1.8606255,0,2006
1.1234013,1.0958741,0.37597436,0.9485867,1.0768548,0.85125685,0.0,1.7978597,0.09191413,0.13223767,0.48167259,0.0,0.70492107,0.19190389,0.0,2.1642146,2,2006
1.264896,0.3718031,0.7648134,0.6823826,1.7758342,1.7825043,2.7298691,0.4025821,2.0450962,0.08610344,0.3614175,0.0,1.0044589,0.5924445,0.0,1.8113968,1,2006
0.2793852,0.5364983,0.88608783,0.0,1.2463021,0.9083302,0.0,0.3952701,3.4665864,0.0,0.4809226,2.9406164,2.8217406,0.641717,0.0,1.6077813,0,2006
2.0608702,2.9875684,2.9308994,2.384051,0.0,1.6402676,0.0,0.5451567,0.0,0.17294228,2.871377,0.05905874,0.0,0.0,7.429707,1.9995894,0,2006
0.5312549,0.17620796,0.96544915,0.4254033,0.0,1.6854285,0.0,0.0,0.0,0.24667943,2.119758,0.0,0.0,1.752804,3.7955308,1.765296,0,2006
1.2288599,0.3048042,0.35254115,0.80648535,0.0,0.9851802,0.0,0.97498304,0.0,0.051520467,0.7509067,0.0,0.0,1.5598568,2.0146754,2.5051548,0,2006
0.85623324,0.61443144,1.5090971,0.61220217,1.9223409,1.8094411,0.08768432,1.3907465,0.40277416,0.0,0.62858206,0.0,1.7069042,0.7576934,0.0,1.169492,1,2006
1.1076179,0.9429981,1.2616011,0.53410083,1.648487,0.92291117,0.0,1.1881754,0.98925567,0.0,0.5794755,0.38201487,1.8172936,0.8577081,0.0,1.8895171,0,2006
1.0727869,1.0846343,0.801245,0.7533772,1.7260665,0.85753167,0.22269286,1.0307932,0.7555009,0.0,0.9975858,0.33214444,1.2235255,0.3792591,0.0,1.7694074,2,2006
1.4668674,0.86755395,0.6795904,0.87596273,0.7055647,1.6450363,0.0,0.8484315,0.0,0.47092336,0.0,0.0,0.0,0.07863253,0.0,2.4197493,0,2006
0.67210996,1.3656894,1.117716,0.6032132,1.4820547,1.6497157,0.0,0.36518312,0.0,0.32868734,0.44063562,0.0,0.083512604,0.021127522,0.0,1.8804655,2,2006
1.7971445,0.6861243,0.98929477,1.2389559,1.7455524,1.1243994,0.0,2.3117456,0.9656109,0.0,0.633545,0.0,2.2705572,0.93982893,0.0,1.8561664,0,2006
1.0744522,0.64647746,0.7070143,0.1912457,0.19353032,1.5424526,0.0,1.0672346,0.0,0.29653007,0.24049139,0.29792297,0.0,0.36131105,0.0,2.0138834,0,2006
0.50640243,2.5886486,1.8216807,1.4013629,2.0876732,1.9399871,1.7423416,2.630053,1.6626337,0.06695956,0.037665248,0.0,1.6679063,0.14337093,0.0,1.3012776,1,2006
2.0195022,0.43204373,0.74307805,1.1906482,1.0297627,0.55525076,0.0,1.574131,0.21987921,0.0,0.543077,0.75604594,1.3734723,0.7182126,0.0,2.2905624,0,2006
0.0,0.63177526,0.573067,0.0,0.5385018,2.0052578,0.0,1.1978233,0.0,0.1786055,0.6918459,0.60228294,0.0,0.016170323,0.0,0.96517175,0,2006
1.4096137,1.246371,0.4144039,0.3839708,0.97646624,0.51773494,0.0,1.1956141,0.0,0.18282384,0.7446404,0.3766833,0.22038433,0.0,0.0,2.499335,1,2006
1.0869608,1.469629,1.0910711,0.7789953,1.5517745,0.50494146,0.0,1.6247576,0.77388716,0.0,0.69354826,0.0,1.0386438,0.24720383,0.0,2.0133817,2,2006
0.85652924,1.2903304,1.2625344,0.97929657,0.9590621,2.121832,4.8399405,2.542534,4.049295,0.0,0.0,0.0,1.5831842,1.9680555,0.0,1.9618568,2,2006
0.94345295,2.2250547,2.0166314,1.1565785,2.1078997,0.98971456,0.3070982,2.6561966,0.66708523,0.0,0.52679265,0.0,1.9170177,1.107179,0.0,1.8397803,1,2006
0.92015743,0.8584471,1.231532,1.433173,1.6079285,1.5049694,0.05756238,1.4624104,0.8104477,0.0,0.0,0.0,2.2910187,0.8046786,0.0,1.9896355,2,2006
0.8850988,1.1328669,0.50608814,0.17769283,0.0,0.031188548,0.0,1.4709029,0.0,0.0,1.5023975,0.16322054,0.0,0.9981029,1.8211372,2.4731946,0,2006
1.178765,0.36688212,0.05774504,0.22261497,1.5058725,1.0758942,0.0,0.27431577,0.0,0.2601009,1.5817441,0.8304263,0.4416768,0.35606542,0.0,2.0750732,2,2006
1.6605747,0.6189014,0.5335532,0.0,1.4716578,1.4278518,0.0,1.0645181,0.0,0.3141359,0.7282443,0.0,0.24529874,0.90406924,0.0,2.0796413,1,2006
0.39015812,1.0252373,0.8967877,0.2754302,0.7714911,1.2538738,0.0,0.6078218,1.114794,0.12524694,0.0,1.6193018,1.2646527,0.18434745,0.0,1.9503162,0,2006
1.2544941,0.5146398,0.9420159,0.39405176,1.6575782,1.7690349,0.0,0.9813677,0.12655433,0.04864955,0.40345252,0.0,0.8812213,0.40409458,0.0,1.5761335,0,2006
1.1304977,0.0,0.8926964,0.53133905,0.6572864,1.156323,0.0,0.37603205,0.0,0.11074054,0.63330483,0.0,0.17645538,1.4642687,0.0,2.4030519,0,2006
1.2222915,1.4536028,2.06385,0.80824673,1.8451061,1.8293393,2.0068321,1.9641001,2.6881206,0.0,0.0,0.0,2.565732,1.2372806,0.0,1.6480281,0,2006
0.3260694,1.1338739,1.1265705,0.56434953,1.6445765,1.6483228,0.0,1.0658096,0.7835563,0.0,0.52360404,0.30211383,1.6272769,0.49791268,0.0,1.3350351,2,2006
0.24121499,0.0,0.45553473,0.0,0.0,0.7305621,7.496064,2.1452444,7.125225,0.0,0.0,0.0,0.0,3.5930095,0.0,2.522036,2,2006
0.36724865,1.0866601,1.3394512,0.17892572,1.0124494,2.2673168,0.0,0.0,0.0,0.44808605,0.32959852,0.5044606,0.029430151,0.7056988,0.0,1.6604681,2,2006
1.3028557,0.78569806,0.66141576,0.40866458,1.1443622,1.1237282,0.0,1.5085514,0.35936,0.0,0.8686768,1.2566837,0.7666834,0.0,0.0,1.6369915,0,2006
0.22698236,1.710463,1.0611879,0.7887498,1.7717457,0.9013378,0.0,1.221178,0.095963806,0.010482132,0.8145305,0.0,0.42658138,0.00358665,0.0,1.6356859,0,2006
1.9430425,0.58298784,1.2935257,0.012781918,1.9954149,1.4686844,2.349332,1.4634027,2.173553,0.0,0.3425295,0.0,1.0102226,1.1241539,0.0,1.7243202,0,2006
1.3161039,0.82188606,0.7435133,0.60554904,1.6066723,0.99187744,0.0,2.1234183,1.2451684,0.0,1.0498979,0.43023276,1.5980732,0.31952482,0.0,1.4839057,2,2006
0.7707179,1.2926362,1.2168074,1.5489192,1.2318686,0.9403752,0.0,2.0780597,1.139677,0.0,0.013848662,0.0,1.9402711,0.49977753,0.0,2.01329,2,2006
0.81533086,1.8988128,1.4017404,0.40355822,0.22039166,1.0539689,0.0,1.747743,0.0,0.15392971,0.47963578,0.0,0.0,0.07414973,0.41263372,2.057221,1,2006
0.6485839,0.8847249,0.68547153,0.0,0.6880152,0.92164123,0.0,1.262773,0.027995378,0.0,1.4543151,2.4753826,0.0,0.0,0.0,1.3324502,2,2006
1.5843612,1.0845835,1.8086172,1.3193002,0.0,1.0786507,0.0,0.36202586,0.0,0.054732382,2.649174,0.0,0.0,0.2820853,6.2742176,1.9492905,1,2006
1.1132717,1.779757,1.1389971,1.7023451,1.0984789,1.3503332,0.0,2.266212,0.0,0.18844819,0.0,0.0,0.9820682,0.12915474,0.0,2.254717,0,2006
1.1244649,1.2035806,1.6073661,0.86726826,1.0464464,1.0654587,0.0,1.7289636,0.0,0.0,0.0,0.0,0.84094334,0.5240725,0.0,2.036393,0,2006
0.14688486,0.92040575,1.2225418,0.40386248,1.3612493,1.6817491,0.0,0.30725718,0.0,0.04599732,1.0058162,0.7674525,0.2511069,0.3954746,0.0,1.3901706,1,2006
0.98352605,0.8335516,0.4320487,0.91253257,2.2568996,1.893637,0.43557137,1.0066979,0.79484046,0.12891358,0.7129016,0.0,1.7989492,0.6978968,0.0,1.491765,0,2006
1.8272425,0.5956526,0.48085386,0.8053943,1.4496429,0.029287577,0.0,0.5932393,0.8026868,0.0,1.470733,1.3416533,1.676527,0.8315904,0.0,2.518787,2,2006
0.0,1.4317796,2.1146135,1.6115298,1.242038,2.3043067,0.01948534,0.6008141,0.0,0.11433256,0.0,0.0,1.6001804,0.36627442,0.0,1.8484294,1,2006
0.0,0.37675142,0.0077126026,1.1542819,0.0,0.74078906,0.0,0.92096704,0.0,0.0,0.84770834,0.0,0.0,1.5734117,1.330025,2.3073065,2,2006
1.1219959,0.9923378,0.64786524,0.67372876,1.5430655,1.9443146,4.1082826,2.1912436,3.144447,0.008092046,0.03188753,0.0,1.3622518,2.0406716,0.0,1.5886595,1,2006
1.5660052,1.164319,1.1607533,0.0,2.5909767,2.1763864,1.6339531,1.1816999,1.0950143,0.20271069,0.70634884,0.0,1.2268364,0.87587714,0.0,1.3419603,0,2006
0.49688673,1.0667721,1.7098527,1.1457301,0.0,0.6774404,0.0,0.40635562,0.0,0.0,1.0921032,0.0,0.0,1.5463572,3.1074314,2.5455208,1,2006
1.486759,0.6429977,1.1539422,0.16720456,1.0383832,1.153739,0.0,0.604481,0.0,0.023672044,0.68927974,1.3494972,0.46161258,0.3857977,0.0,2.0581443,0,2006
1.6493666,0.47295335,1.2809352,0.56343114,1.5783944,1.5069773,0.37149963,1.3568218,2.540242,0.0,0.0,0.98845994,3.4881034,1.9271758,0.0,1.9531875,1,2006
1.4103533,1.2084594,1.0996194,0.10079849,2.8787956,1.9562951,1.0849165,1.3652941,1.2934444,0.0,1.4232317,0.0,1.5430014,0.571716,0.0,0.9134925,2,2006
0.83881325,1.2799308,0.40962324,0.54358846,1.1655685,0.58754694,0.0,1.8357799,0.0,0.19031292,1.1287225,0.0,0.0,0.0,0.0,1.906091,1,2006
1.4613463,0.95558137,0.19979668,0.28890076,1.6838832,1.1817994,0.0,1.1120296,0.0,0.20276797,1.0157249,0.0,0.55932206,0.7077524,0.0,2.0437632,0,2006
0.61029196,1.8069872,1.2862169,1.9784262,0.0,0.6712632,0.0,1.6389658,0.0,0.0,1.0124424,0.0,0.0,0.9258946,3.2388382,2.427568,0,2006
0.4381767,1.2465355,0.9081706,0.7036621,1.5936978,1.560705,0.0,1.1939778,0.95195967,0.11072421,0.3082337,0.34152365,1.6647749,0.49121407,0.0,1.621906,2,2006
0.76265794,0.9894732,0.768764,0.458835,0.09113014,0.7884042,0.0,1.874538,1.2592825,0.092155635,0.06475198,1.6226925,0.5846339,0.0,0.0,1.9162072,0,2006
1.5796473,1.1438298,1.7241921,1.7668211,1.6028874,0.99996394,0.5171784,2.3176882,1.2648191,0.0,0.0,0.0,2.5764716,1.2379389,0.0,2.2453923,0,2006
0.30345145,0.84162253,0.80661595,0.0,0.1812576,1.6697073,0.0,1.041002,0.0,0.25734824,1.216763,2.007598,0.0,0.0,0.7499096,0.9944259,0,2006
0.7907674,1.2608755,0.92019385,0.75722694,1.1270165,0.824638,0.0,1.0421745,0.0,0.2547611,0.61704034,0.0,0.0,0.0,0.0,2.2121434,0,2006
2.2310934,1.338942,1.7470012,0.7598536,0.012219727,1.26481,0.0,2.1565232,0.0,0.20343864,0.0,0.0,0.0,0.43438578,0.00033658743,2.5954783,0,2006
0.4083482,1.5507178,0.54296637,1.0733353,2.6505685,1.6852285,2.1152456,0.82695156,1.9688194,0.13591743,1.1988364,0.0,1.4791025,0.08972424,0.0,1.2434411,0,2006
1.2507391,0.123672426,0.34028673,0.75466377,0.0,1.071112,0.0,1.5996208,0.0,0.010561883,0.18623197,0.0,0.0,1.5520586,0.79058444,2.33051,1,2006
1.1804078,0.7210842,0.56388503,0.35318992,1.4105413,1.2550013,0.0,0.54563,0.0,0.20864224,0.9313155,0.3932703,0.25331873,0.0,0.0,1.9004415,2,2006
1.6183722,0.9622753,0.54287857,0.36251342,1.5959442,0.771462,0.0,1.5511265,0.0,0.055327177,0.79166484,0.0,0.6786733,0.7063484,0.0,2.2358541,0,2006
0.42472744,0.65675527,0.9332642,0.43639886,1.1036837,2.1384294,0.0,0.8837736,0.0,0.21537054,0.04683417,0.0,0.87416136,0.9247939,0.0,1.665921,0,2006
0.91787887,1.2632515,0.7940112,0.3710701,1.4301697,2.2080607,4.0053706,2.1705778,4.339972,0.0,0.625624,0.0,2.0453334,2.3306282,0.0,1.0832843,0,2006
1.0535762,1.3264191,1.750756,0.5865132,2.0948231,1.8798723,3.248837,1.8779619,2.869314,0.0,0.9992342,0.0,2.4067612,2.1839907,0.0,1.2844304,2,2006
0.56026304,1.2076463,1.143864,0.6445536,2.647197,1.9273475,1.3512882,0.16224813,0.805882,0.19252223,1.1273386,0.0,1.1991297,0.18064404,0.0,1.339365,2,2006
2.0008712,0.5827267,1.1689867,0.53866434,0.4479161,1.2932471,0.0,2.1346593,0.0,0.112576604,0.0,0.0,0.38208154,0.5575689,0.0,2.2223294,0,2006
1.2605637,0.503807,0.10320073,0.9366149,1.5110619,0.46584195,2.5220191,0.77763146,4.8034472,0.0,0.9033791,0.36195904,2.7026794,1.6175367,0.0,2.1425285,1,2006
1.1089542,0.9768533,0.8485832,0.0,0.8486779,0.9990024,0.0,0.59215534,0.0,0.35018912,0.6134584,0.28672057,0.0,0.0,0.0,2.191801,0,2006
1.0917399,1.4760907,2.218596,0.48513645,1.5695978,1.0687978,0.0,1.7947298,0.0,0.0,0.3321226,0.0,0.7264085,0.6827854,0.0,1.9261818,0,2006
0.06557673,0.45142582,1.3743789,0.0,0.02159661,1.8066847,0.0,0.88299406,0.0,0.10533571,0.5256263,0.80526125,0.0,0.0,0.7833458,1.2222168,0,2006
1.4388182,0.8923869,0.67897475,0.60464096,0.028690279,0.8204102,0.0,1.8497181,0.0,0.20067364,0.35334668,0.0,0.0,0.44068196,0.410321,2.3271496,1,2006
2.159941,0.40426978,0.83795536,0.0,0.9115758,1.1380564,0.0,2.0257907,0.0,0.056385636,0.5744257,0.0,0.012816727,0.47112107,0.0,2.007115,1,2006
0.52652997,0.1438905,0.85301447,0.18541372,0.67120564,2.2418933,0.0,0.997699,0.0,0.010477245,0.39831463,1.5061333,0.24731869,0.21273315,0.0,1.0484123,0,2006
1.3289976,1.4631288,1.6520517,0.0,2.3902044,1.6678444,0.5883167,1.203359,0.62933326,0.029508114,1.1128691,0.0,0.4783693,0.3909346,0.0,1.0809512,0,2006
0.052054405,1.4756837,1.4297578,0.81980884,1.6605704,1.249783,0.0,0.8402437,0.0,0.0,0.5223812,0.0,0.9361751,0.71968687,0.0,1.7372255,1,2006
1.8865509,3.0098991,3.2282712,3.256447,0.0,1.767113,0.0,0.6014924,0.0,0.0,2.0816355,0.9482918,0.0,0.0,7.806055,2.1044343,0,2006
0.6561929,0.84166497,1.7184708,1.1483592,1.3359878,1.5140758,0.0,1.6040592,0.0,0.0,0.0,0.0,1.4920745,0.9070784,0.0,1.8530159,0,2006
0.47756666,1.5608094,1.7041068,0.54320496,0.92523867,0.8352386,0.0,1.8155485,0.0,0.0,0.5296136,0.0,0.087557554,0.42104542,0.0,1.8375742,0,2006
0.8761479,0.99992746,1.8119006,0.551353,0.0020983815,0.71215844,0.0,1.4629635,0.0,0.0,0.5141887,0.0,0.0,1.2120526,1.009575,2.1638718,0,2006
1.704707,0.7019158,1.17301,0.7487218,1.1109436,0.4509956,0.0,1.2785196,0.1748076,0.0,0.18018618,0.0,1.1707556,0.899514,0.0,2.6516342,2,2006
0.6357318,0.27864423,0.2072115,0.15484011,0.2905449,0.78026134,0.0,0.54020065,0.0,0.14457858,1.1705552,1.9444233,0.0,0.0,0.108175464,1.8954138,0,2006
0.6728719,0.6548542,0.29698372,0.8087646,2.488439,2.340767,0.9302916,0.20642698,0.74077964,0.35108596,1.0001771,0.0,1.4979317,0.18182278,0.0,1.2235771,2,2006
2.5713558,0.3616123,1.4649528,0.0,0.0,0.92070353,0.0,1.4421128,0.0,0.14731354,0.32649025,0.0,0.0,0.8218422,1.7902899,2.66957,1,2006
0.6485192,0.91977245,0.52564204,0.16156322,1.2376878,1.2837617,0.0,1.2385712,0.0,0.16135037,0.914212,0.22684436,0.0,0.0,0.0,1.4184682,0,2006
1.5904937,0.46830726,0.73761857,0.62884074,1.5697643,1.049059,0.0,1.0745173,0.0,0.032642365,0.5880826,0.0,1.041412,1.0022116,0.0,2.2925706,0,2006
1.2007415,0.74292076,0.36641437,0.2980286,1.5440965,1.3833072,4.369486,1.7477192,3.5552285,0.0,0.47905612,0.0,1.1637542,2.5607955,0.0,1.8261166,2,2006
0.48880124,0.862306,0.3726229,0.60879916,1.3940003,1.7451771,0.0,0.07441735,0.0,0.6369817,0.54196715,0.0,0.0,0.0,0.0,1.9311557,1,2006
0.0,0.012888432,0.66352713,0.0,0.0,1.6498692,0.0,0.4349437,0.0,0.13696688,1.1389778,2.4186704,0.0,0.27460945,1.3730929,1.1967282,0,2006
1.0694022,0.78280795,1.3815953,1.2220114,0.6856372,1.0955745,0.0,1.5266349,0.0,0.0,0.0,0.0,0.6903446,0.9370968,0.0,2.3985496,0,2006
0.92182314,1.1302285,2.0933516,0.5560053,1.9688395,2.461482,2.7998285,1.0116856,1.574559,0.0,0.3270484,0.0,2.072055,1.4567683,0.0,1.4988525,2,2006
0.55493635,0.70267516,0.56096005,0.57275003,1.447119,1.7637806,0.0,0.87314516,0.040681064,0.06436807,0.7228194,0.6403637,1.0744421,0.3553868,0.0,1.3900573,1,2006
0.33532816,1.6131778,1.1462579,1.0103885,0.8646032,1.4776363,0.0,1.3189595,0.0,0.14546168,0.035306334,0.0,0.14266348,0.39198977,0.0,1.9472573,0,2006
0.9007327,1.1134496,2.0514145,0.9540394,1.1257613,1.4630684,0.0,1.9692204,0.0,0.0,0.0,0.0,1.0082943,0.9672976,0.0,1.7780741,0,2006
0.4517514,0.7182114,1.1905718,0.43156803,0.0,0.70664054,0.0,1.2710428,0.0,0.0,1.0753518,0.0,0.0,0.08071244,2.0391831,1.9099996,0,2006
1.7991592,1.0974257,1.1820709,0.0,0.8695271,0.62411475,0.0,1.8524586,0.0,0.0,1.0601323,0.53896177,0.0,0.57056695,0.0,2.0655074,0,2006
1.2733614,1.0319043,1.4152105,0.5735271,1.5953934,1.6988859,0.45182866,1.9600434,3.2381573,0.0,0.22730047,1.160148,3.2873058,1.3043349,0.0,1.2642783,0,2006
1.7634426,0.98303723,0.022054374,0.60345984,1.1952635,0.0,0.0,1.6535094,3.8791802,0.0,1.1299422,1.83947,2.8357644,1.0064032,0.0,2.341218,2,2006
0.50991535,1.1412854,0.06814855,1.6695065,1.3682387,1.311558,0.0,1.6486578,0.29029816,0.27410966,0.04304564,0.0,1.2767957,0.15215617,0.0,2.0628574,0,2006
0.50080335,1.4080637,1.9473137,1.42883,1.222199,0.9867826,0.0,1.6266747,0.03028652,0.0,0.0,0.0,1.4326191,0.7776036,0.0,2.1163669,0,2006
0.20651984,1.9087172,0.8204384,1.8366339,0.0,0.7130792,0.0,1.3936946,0.0,0.08778286,0.7415259,0.0,0.0,0.27902776,2.211026,2.3762481,0,2006
1.7746582,0.8975247,2.08011,0.0,0.0,0.5365248,0.0,1.2971358,0.0,0.0,1.1508176,0.90002644,0.0,1.456044,2.6806521,2.2960608,0,2006
1.029316,0.51515454,0.5622889,0.6644569,0.0,0.92778754,0.0,1.8455517,0.0,0.037647367,0.59840834,0.0,0.0,1.7013472,2.0434568,2.358371,0,2006
1.5421199,0.8177613,1.488663,0.6514831,2.3711653,1.5380777,0.94589984,1.3708243,1.7815187,0.0,0.8317082,0.0,2.8092365,1.5570006,0.0,1.4692919,2,2006
1.4093142,1.1344643,1.6921198,0.22857276,0.47850573,1.0779929,0.0,1.4666225,0.0,0.0203982,0.010001421,0.0,0.0,0.42156982,0.0,2.2631333,0,2006
0.0,0.39350086,1.0573753,0.0,0.0,1.9029038,0.0,0.0,0.0,0.24175614,2.4260743,5.139908,0.0,0.46935484,1.7886972,0.8291218,0,2006
0.6838734,1.1770244,0.4136076,0.4708165,1.1208701,0.7507297,0.0,1.1755154,0.0,0.10116351,1.0812536,0.0,0.0,0.46550432,0.0,2.0315666,0,2006
1.6672311,0.26931137,0.27252477,0.9494816,0.8245598,0.8322409,0.0,1.3454528,0.0,0.18036497,0.19146368,0.0,0.8201344,0.26335728,0.0,2.4725826,2,2006
1.6401708,0.97465706,1.83457,0.5157616,1.3760538,2.0606403,3.2136953,2.494921,2.9708285,0.0,0.0,0.0,2.3462713,2.5482512,0.0,1.6061983,2,2006
0.20550054,0.91698444,0.24282634,0.9803885,0.6947839,0.7020983,0.0,0.0,0.0,0.66433245,0.66061294,0.98152316,0.0,0.0,0.0,2.5557907,2,2006
0.43604735,1.0772485,0.29356658,1.1830986,1.124154,2.0484607,4.4854136,1.6066239,4.497278,0.0,0.24635848,0.0,2.3330503,2.229337,0.0,1.6653624,0,2006
1.0641987,1.2210944,0.6386478,0.6948018,2.4533405,1.7337246,0.73771656,1.5411534,0.8151271,0.0,0.92370605,0.0,1.3840051,0.6538511,0.0,1.2197976,2,2006
2.336143,0.1355213,1.5177604,0.0,0.7326345,1.7448767,0.0,1.8221236,0.0,0.0,0.0,0.040284015,0.7879281,0.97486,0.0,2.0295093,1,2006
1.4016277,1.6160489,2.1351438,1.3744373,0.0,1.5195425,0.0,0.9918292,0.0,0.0,1.4498961,0.0,0.0,0.39848694,4.8819704,1.9194865,0,2006
0.7138553,0.4613845,1.572923,0.85169667,0.010727525,1.1924611,0.0,0.8727907,0.0,0.062892616,0.0,0.0,0.0,0.7618569,0.79281586,2.4014685,0,2006
0.90667075,0.8366882,0.37951386,0.69702476,0.69869673,0.011254907,1.57401,1.4210488,8.0981045,0.0,0.0,3.0973098,4.655071,1.6402752,0.0,2.2710881,2,2006
0.75287527,1.2189648,1.7580245,0.0,1.7290654,1.265705,0.0,1.2996303,0.0,0.0,0.8506041,0.0,0.36489695,0.69786304,0.0,1.4142014,2,2006
0.13132656,1.5355985,1.381463,0.83502114,1.9944562,1.033981,0.08676645,1.0936716,0.25004777,0.0,0.94545174,0.0,0.8885415,0.3106001,0.0,1.4082558,0,2006
0.25560147,0.47526214,0.43297786,0.9714211,0.0,0.826651,0.0,0.0,0.0,0.4660872,3.214929,0.8607518,0.0,0.0,4.8308167,2.03707,0,2006
0.870304,1.4298177,0.7967659,1.1857994,2.110662,1.3154887,0.39546257,1.8666725,0.96065265,0.0,0.49114212,0.0,2.0602522,0.8460192,0.0,1.7059287,0,2006
0.0,1.3179278,0.64138865,0.44433513,0.0,1.0479954,0.0,0.12579376,0.0,0.43357268,1.4783684,1.2204369,0.0,0.0,1.6137508,1.9299448,0,2006
0.69027334,0.10281438,0.6771016,0.20315263,0.0,0.5158716,0.0,0.40372336,0.0,0.09302664,2.201203,0.0,0.0,0.7636665,3.7069507,2.014014,0,2006
0.0,0.87046266,0.1536696,0.96380496,0.0,0.5205445,0.0,0.7940374,0.0,0.35858488,2.1012084,0.0,0.0,0.60698843,2.341176,1.9462342,0,2006
0.5868579,0.90343803,0.49987495,0.47998255,0.94712543,1.4286664,4.630701,1.4407637,5.320505,0.0,1.2654718,0.18298183,1.9891303,3.2039003,0.0,1.336859,1,2006
1.3204461,1.3976686,1.5285742,0.61553174,1.9717808,2.937095,2.2290225,2.295637,1.2909541,0.08158839,0.0,0.0,2.1163297,1.0895143,0.0,1.3640759,2,2006
0.83664054,0.59358263,0.8529647,0.55821794,0.0,1.5236865,0.0,0.27703428,0.0,0.22194421,3.5432293,9.826814,0.0,1.0465201,1.050564,0.8793108,1,2006
0.0,1.2403557,1.2817081,1.216003,0.989931,0.39834124,0.0,0.9115303,0.0,0.0,0.5697135,0.0,0.5203944,0.0,0.0,2.041497,2,2006
1.5608095,0.69475657,1.4784727,0.9337919,1.8393579,1.7400879,0.43743867,1.821801,0.81170017,0.0,0.0,0.0,2.4333322,1.4160662,0.0,1.739717,0,2006
1.3651226,1.2368661,1.2561116,0.77293426,1.1921663,1.4580021,2.9275365,2.2077415,4.4478583,0.0,0.22406152,0.0,2.5931265,2.0064342,0.0,1.6262836,2,2006
1.3780638,0.91533875,1.7762904,0.90883505,0.29427895,0.67339754,0.0,2.0472844,1.021235,0.0,0.0,1.0754507,1.4771647,0.5701724,0.0,2.3079045,2,2006
1.2618299,0.7161485,0.7990592,1.5615376,0.6890994,1.5557829,0.0,1.4956694,0.0,0.23084772,0.0,0.0,0.9581739,0.45473272,0.0,2.3228643,1,2006
1.2440772,0.7122573,0.04919821,0.07195634,0.76374584,0.88825154,0.0,1.1698223,0.0,0.33376005,0.9847746,0.0,0.0,0.0,0.0,2.083437,1,2006
1.7670343,1.2895861,1.5695574,0.71007717,2.3791394,0.91422564,0.3708351,2.2874112,1.1730912,0.0,1.1308429,0.0,2.1769273,1.3947065,0.0,1.6099756,0,2006
0.50173837,1.6594841,1.9242892,0.23232809,2.1219862,1.2403868,0.0,1.492626,0.34890455,0.0,0.91464,0.0,0.73002815,0.019976377,0.0,1.2046599,1,2006
1.9126837,0.4671269,0.59081763,0.63072354,2.3106377,1.9767998,0.19444764,1.4890342,0.31520632,0.0,0.7727592,0.0,2.267768,1.7321513,0.0,1.6875036,1,2006
1.0937939,0.9221476,0.36759043,0.20967665,0.2727503,1.5679083,0.0,0.5482927,0.0,0.31065375,1.0478694,2.4174018,0.0,0.14320743,0.27286017,1.8817616,0,2006
0.011027455,0.8633095,1.0722418,0.8866063,0.7606893,1.6632807,0.0,0.079953134,0.0,0.34126768,0.0,0.0,0.0,0.14815593,0.0,2.0671494,1,2006
1.5177119,0.493995,1.4586298,0.0,0.9145532,1.4737921,0.0,1.0472157,0.0,0.0,0.9990169,3.4752622,0.6024964,0.5802461,0.0,1.4379234,1,2006
1.0943971,1.0503615,1.8313398,0.8523062,0.0,1.2440106,0.0,1.1834567,0.0,0.049656928,1.4054999,0.0,0.0,0.80110955,4.9830875,1.9220365,0,2006
0.7001926,0.027663648,0.20172125,0.048223674,0.00096702576,0.32507235,0.0,0.53698695,0.0,0.25381184,1.7389941,0.0,0.0,0.47040626,1.7626138,2.2378154,0,2006
1.0499787,0.88165414,1.5692834,0.7195692,1.2043846,0.67938566,0.0,0.27068812,0.0,0.039785266,0.6682627,0.0,0.0,0.0,0.0,2.3037205,0,2006
0.6717944,0.9655513,0.8219576,0.6113336,2.119678,1.4552038,0.0,0.5070175,0.0,0.16531658,0.98136425,0.0,0.724467,0.33615837,0.0,1.58953,2,2006
1.5864704,0.8397337,0.9761771,0.22294033,2.449363,2.1247659,2.4477577,1.3114747,1.705966,0.0,1.1720929,0.0,1.5911585,1.5220711,0.0,1.2053224,1,2006
0.42654675,0.29619443,2.572658,1.1633552,0.0,1.681816,0.0,0.0,0.0,0.093598485,4.49607,1.1683244,0.0,0.0,8.432117,0.9716151,1,2006
0.0,0.3183772,0.555623,0.5650188,0.0,1.3557383,0.0,0.06748301,0.0,0.25356728,2.1046245,1.8241409,0.0,0.9448614,3.4564269,1.7021677,0,2006
0.44602922,1.627118,0.9184298,1.503322,1.8942345,1.8829871,3.3338695,1.2149704,2.1555705,0.0,0.3203125,0.0,2.3057787,1.8121848,0.0,1.7672726,2,2006
1.361999,1.0255146,0.54896396,0.95371675,1.8103793,1.4147952,0.22208849,1.7601742,0.52948225,0.0,0.5712776,0.0,1.5568368,0.8979725,0.0,1.7291071,2,2006
0.7686984,0.8354668,0.82030416,1.3033397,1.3010349,1.104118,0.0,1.4742117,0.0,0.0,0.3718179,0.0,1.5685161,1.1159928,0.0,2.0471506,0,2006
1.1837296,0.5413468,0.0,0.9761889,0.8798461,0.8698722,0.0,1.6352673,0.0,0.19643956,0.6435636,0.0,0.13991874,0.34211385,0.0,2.1782076,0,2006
1.0989351,0.751871,0.10529071,0.0,1.1051778,1.5149038,0.0,1.7063029,0.0,0.041070104,1.1483686,0.0,0.1965411,1.417777,0.0,1.4775596,0,2006
1.5507705,0.74182063,1.0405422,0.07279813,1.2565343,1.6202899,0.0,0.80326563,0.0,0.0470829,1.1674887,3.3006713,0.6716457,0.3616688,0.0,1.4842739,0,2006
1.8063377,0.31541127,1.5272946,0.9704107,0.8388655,1.2991879,0.0,1.0885522,0.28637263,0.0,0.0,0.49310738,1.4301641,0.21944976,0.0,2.4322157,0,2006
1.5587536,1.6682488,1.7938287,0.34224656,2.062501,2.360698,1.3009765,2.4555216,0.9986733,0.0,0.0,0.0,1.517093,0.7363687,0.0,1.258704,2,2006
0.7709224,1.6873682,2.2502728,0.9258319,0.9611731,1.1557484,0.16713332,2.1184113,0.67632174,0.0,0.0,0.0,0.40865505,0.0,0.0,1.819617,0,2006
1.3020257,1.5584712,2.5168152,0.8733716,0.0,1.4370556,0.0,1.0016087,0.0,0.0051664114,1.4693391,0.0,0.0,0.0,5.5699773,1.7436764,0,2006
0.73469347,0.37929514,0.5602283,1.2783208,1.8761553,1.6231925,0.43644822,0.4480316,0.47865564,0.05183184,0.4208902,0.0,1.8203733,0.7236068,0.0,1.9442232,0,2006
1.8395809,1.3847857,1.1797919,1.581989,2.154879,0.83226043,1.6660058,2.052988,1.8543985,0.0,0.368483,0.0,2.7581694,1.8301132,0.0,2.314646,2,2006
1.0657438,1.8966538,0.9134233,0.7443832,2.2339396,1.9132998,1.3248101,1.9056661,0.74125606,0.19582206,0.048238754,0.0,1.4404184,1.0101993,0.0,1.6785501,2,2006
1.8682766,0.3523649,0.0,0.11670256,1.3430983,0.6514232,0.0,1.3326609,2.7946963,0.0,1.0068579,1.8159333,2.3178992,0.8893699,0.0,1.8827461,1,2006
0.0,1.2166989,1.262611,0.8754887,1.217649,1.7431178,0.0,0.74651647,0.0,0.039360404,0.091201365,0.0,0.638755,0.36717647,0.0,1.6308526,0,2006
1.5737371,0.81365126,1.0170821,0.6916946,2.2162747,1.2713735,0.5384501,1.7243004,1.0207162,0.0,0.858531,0.0,2.3065028,1.647584,0.0,1.682865,0,2006
0.70373774,0.5932858,0.0,0.62932795,0.5655211,0.9311064,0.0,1.590443,0.0,0.22506255,0.81895554,0.0,0.0,0.28347033,0.0,2.0182025,1,2006
0.1889891,1.3166955,1.1630731,1.4481556,0.505103,0.91359025,0.0,1.8378837,0.47450736,0.0,0.0,0.29679328,1.2580353,0.5023905,0.0,2.0567212,0,2006
0.7750226,1.0226605,0.98443574,1.8592596,0.46389234,0.8322948,0.0,1.4250867,0.11053403,0.008845031,0.0,0.0,0.87326425,0.006839514,0.0,2.4265258,1,2006
0.8545199,0.3826762,0.21417117,0.041593015,0.77920324,1.3233715,0.0,0.0,0.0,0.70658183,1.599268,3.199758,0.0,0.0,0.0,1.9926631,0,2006
0.0,0.0,0.20013946,0.06168276,0.43297908,2.3577843,0.0,0.40010935,0.0,0.39013404,1.3478839,0.0,0.0,0.8164037,1.3359938,0.70582473,0,2006
0.8129021,1.4344637,0.23558664,0.7932316,1.7206297,0.51551723,0.0,1.9453127,0.12670378,0.0,1.4378369,0.0,0.8559176,0.49975255,0.0,1.8418891,0,2006
2.055177,0.3542623,0.7017446,0.30897254,1.232749,1.7811904,0.0,0.9123166,0.0,0.07044178,1.7452176,4.9553704,0.91383547,0.76810807,0.0,1.2945849,2,2006
1.71596,1.518057,2.5334642,0.78390646,1.6859558,2.1408324,2.5776842,2.5991817,2.0362983,0.0,0.0,0.0,2.295237,1.8545265,0.0,1.66086,2,2006
1.351677,1.7402502,2.0838118,0.9617164,2.1419013,1.5637159,0.4071666,2.8616223,0.99680185,0.0,0.54168844,0.0,2.543737,1.6128055,0.0,1.4194407,1,2006
1.225167,0.6639164,1.042354,0.7693355,2.144423,1.3939974,0.27621323,0.59783286,0.22803068,0.0,0.749061,0.0,1.3543166,0.7862692,0.0,1.8299541,2,2006
1.3598752,1.3797355,1.2191937,0.49730152,1.1580231,1.82213,0.0,2.107745,0.0,0.3913277,0.0,0.0,0.11832839,0.0,0.0,1.9158106,0,2006
0.21544516,0.82508415,0.7305968,0.4377519,0.0,0.39712805,0.0,0.0,0.0,0.5019008,2.161197,0.75482273,0.0,0.0,2.8534606,2.3941839,0,2006
1.1580006,0.8883329,1.5527735,1.0440426,0.2919074,1.0461996,0.0,1.9633508,0.69776845,0.0,0.0,0.9635645,1.4006951,0.6424194,0.0,2.1577613,2,2006
0.79279387,0.29316127,0.41904894,0.5806229,2.0564346,2.1021671,0.0,0.0,0.0,0.4784127,0.8308697,0.0,0.8458786,0.2352525,0.0,1.6381946,2,2006
0.6624483,1.2972889,1.9992386,0.81624043,0.89878047,1.2465966,0.14359602,1.2128949,0.30973858,0.0,0.0,0.0,0.41735807,0.0,0.0,2.003235,2,2006
1.1005465,0.27775398,0.79490757,0.60458183,0.24168956,1.3476105,0.0,0.8300735,0.0,0.14919263,0.17510378,0.0,0.0,1.1539052,0.22525926,2.3064537,0,2006
1.1641538,1.1190087,1.8973045,0.80053365,0.0,0.31684,0.0,1.2362123,0.0,0.0,1.532031,0.0,0.0,0.3287561,4.5896645,2.2504184,1,2006
1.007554,0.50271016,0.42297238,0.056913555,1.0235826,0.6202459,4.7906933,1.540607,4.0988345,0.0,1.199294,0.0,0.37933886,3.1869578,0.0,1.7764113,2,2006
0.6479302,1.0226295,0.0,0.90989053,1.2662457,0.28404272,0.0,1.3153102,3.281308,0.0,1.1495472,2.3351777,2.8109052,0.50814366,0.0,1.8505793,2,2006
1.0441566,2.1590624,1.8223228,0.74897027,2.162494,2.4953465,1.7718421,2.8311808,0.53974605,0.0,0.08784503,0.0,2.6767292,2.4848564,0.0,1.2807578,0,2006
0.25046557,1.2039449,0.7892897,0.3145435,0.12115073,1.168971,0.0,1.9181356,0.0,0.12438083,0.52056706,0.0,0.0,0.5284842,0.4056187,1.6238201,1,2006
1.2954178,1.0121515,1.7056158,0.49887156,1.454117,1.0619168,2.3776448,1.1269126,4.244211,0.0,0.5838279,0.19672711,2.527708,1.5697417,0.0,1.772311,2,2006
2.2805624,1.1559837,0.9781529,1.7110727,1.186141,1.2177175,0.5475096,2.2256005,1.5582261,0.0,0.0,0.0,2.8707814,1.978066,0.0,2.4114156,0,2006
0.15196198,0.41842797,0.1298663,0.27753413,0.0,0.26040232,0.0,1.7552576,0.0,0.3461038,2.952395,0.0,0.0,0.7590445,3.7210429,1.623685,0,2006
0.0,0.47752056,1.0480659,0.16450119,0.0,1.2918305,0.0,1.137625,0.6496545,0.0,0.0790903,0.8916142,0.0,0.0,0.6249213,1.2649524,0,2006
0.6764145,1.2914817,0.9406233,0.0,0.7128514,1.2624723,0.0,0.8115707,0.0,0.0,1.8918035,3.6993697,0.0,0.0,0.0,1.2459861,0,2006
0.09586567,0.84346336,1.4602482,0.5615341,0.044872463,1.4169675,0.0,1.1701871,0.0,0.11237228,0.0,0.0,0.0,0.42423233,0.23623075,1.8931227,0,2006
1.1869984,0.58016664,1.1829964,0.41675553,0.4582855,1.1298815,0.0,0.54025024,0.0,0.021602273,1.7350583,5.908505,0.0,0.67410904,0.0,1.576108,1,2006
0.7356951,0.8683609,0.100328684,0.11500543,0.9277607,1.268524,0.0,1.6710172,0.0,0.18658519,1.0690079,0.0,0.0,0.63131446,0.0,1.6148521,0,2006
0.7710638,0.6578168,1.6059967,1.0585,0.0,0.6190428,0.0,1.0881509,0.0,0.0,1.7511842,0.0,0.0,1.0484045,5.0749745,2.1027346,0,2006
1.1821258,1.3565457,0.2625643,0.9119833,2.7196298,2.2658062,0.80845296,1.0038275,0.0,0.1749599,1.1892507,0.0,2.1111841,2.1155105,0.0,1.6310873,0,2006
1.7414305,0.4508713,1.0574392,0.5409156,2.1155694,2.49844,3.119582,1.2868792,1.2807362,0.0,0.576765,0.0,2.409838,2.7619483,0.0,1.5983481,2,2006
1.6347383,0.9227514,1.1890863,0.61650515,1.5606971,1.4295602,2.2028403,1.4737618,2.2289436,0.0,0.11220297,0.0,1.073362,0.86770964,0.0,1.6824077,0,2006
0.0,0.20829153,0.2391566,0.738413,0.027309835,0.7668597,0.0,2.228167,0.0,0.30698013,2.0058448,0.0,0.0,2.117048,1.9058518,1.2304834,1,2007
0.97451437,0.6843499,1.2495831,0.5783716,1.7931416,1.613306,0.3252817,0.8162553,0.3249834,0.49207586,0.25366876,0.0,1.1466708,0.21123666,0.0,1.3747119,0,2007
1.2739074,2.7633576,1.50932,0.9432641,0.29412884,1.4697747,0.0,1.4054914,0.0,0.18924099,0.079791725,0.0,0.0,1.336447,0.034899294,2.1427882,0,2007
0.89173555,0.37928015,0.36213958,0.80870676,0.7155501,0.6508815,0.0,1.7843499,0.0,0.45322576,0.7378806,0.0,0.5032663,0.7515716,0.0,1.7688732,0,2007
1.1564989,1.1554244,1.2494872,0.6361204,1.4665489,1.3781456,0.0,1.0820973,0.0,0.58121,0.07260698,0.0,0.7559829,0.43535736,0.0,1.7973082,0,2007
1.2511585,0.44674078,0.91161907,0.8402527,1.88406,1.2973328,0.0,1.0549035,0.63269746,0.017207563,0.43079412,0.0,1.4232714,0.0,0.0,1.6065872,0,2007
1.4023569,0.20088306,1.0468789,0.5449418,1.3079462,1.340481,2.942607,0.07082963,2.2323604,0.05417639,0.28223848,0.0,0.05412793,0.12209755,0.0,1.7186614,1,2007
0.82743865,0.99074656,1.1107488,0.583611,1.3537285,1.4049869,0.0,1.2327108,0.0,0.5339891,0.27581692,0.0,0.7036366,0.6387974,0.0,1.5681696,0,2007
0.0,0.21323285,0.35948044,0.7513382,0.0,0.95774645,0.0,2.2610273,0.0,0.20630944,2.3767772,0.0,0.0,2.3392267,2.5491967,0.85264367,0,2007
0.21541959,0.39889172,0.31591976,0.94128215,0.0,0.5566784,0.0,2.4312592,0.0,0.23020321,2.3123782,0.0,0.0,2.4586327,2.626106,1.2912978,0,2007
0.8039059,0.0,1.3102447,1.0018167,0.7005366,1.3867154,0.0,1.9047997,0.25209993,0.0,0.7450149,0.1068592,1.8987362,1.7762985,0.7007628,1.0815128,0,2007
1.7045903,0.0,2.5159345,2.7877827,1.6864007,1.0737231,0.0,2.2260563,1.9387734,0.0,0.0,0.0,3.513545,0.47924927,0.0,1.6915426,1,2007
0.05961132,2.2716267,1.7504066,2.2007887,1.1857213,0.0,0.0,2.694824,0.72035503,0.0,1.3485987,0.0,1.3827505,0.63381183,0.0,1.9059811,0,2007
1.3891704,0.0,3.1210585,2.3527496,1.8883964,1.9639457,0.0,1.9588597,1.3302567,0.0,0.0,0.2329058,4.370129,1.2067341,0.0,1.4009864,1,2007
0.6753855,1.1051294,3.7438679,1.8138599,2.001008,0.56719106,3.120529,2.3478951,4.50743,0.0,1.1625298,0.0,2.5257623,0.37873945,0.0,1.4870634,2,2007
0.4636147,0.0,2.0322337,3.157633,1.778321,1.0839067,0.0,1.4569981,1.5913405,0.0,0.0,0.0,4.274803,0.56323946,0.0,1.4840634,1,2007
1.1140305,1.917316,2.6323774,2.5424995,1.8031557,0.27601743,0.0,4.511196,2.8407338,0.20826775,2.184847,0.36391693,2.6887386,0.0,0.4976306,1.0704995,1,2007
0.2852128,0.0,2.3001456,1.9289978,1.3986487,1.7207284,4.3437796,0.92028457,4.538523,0.0,0.0,0.0,2.393957,0.027686656,0.0,1.571028,0,2007
0.6986332,0.0,1.1819022,2.470606,1.9655838,0.40904465,0.0,1.7797463,2.7911143,0.0,0.7870443,0.3426022,4.043875,0.0,0.0,1.6254075,0,2007
0.57339305,0.25393793,0.7652459,0.9740611,1.5080357,1.738012,0.0,0.17521262,0.0,0.085006535,0.67241234,0.0,1.1521076,1.0097312,0.0,1.5431591,0,2007
2.126834,0.0,1.4078807,0.27066845,0.0,1.5761328,0.0,3.0698369,0.0,0.19513106,0.38434285,0.0,0.21734041,2.0806212,0.90549546,1.2692461,0,2007
0.0,2.8704395,1.2876943,2.0523698,2.0396357,0.0,2.6830652,1.2017312,2.8626761,0.40084746,1.2862904,0.0,0.68668187,0.0,0.0,1.6538273,0,2007
1.199798,0.0,1.3631892,0.74789953,1.2321429,1.610723,0.0,0.95942074,0.0,0.30114824,0.20871225,0.0,1.3224814,1.7894237,0.0,1.671722,2,2007
0.7306785,0.9410753,3.0996635,1.184641,1.1132094,0.7849842,3.80129,1.6741076,3.3722327,0.0,0.7284125,0.0,0.78975046,1.0874003,0.13713396,1.5388565,2,2007
1.6198797,0.0,1.6557231,1.2922604,1.4212989,1.540302,0.0,1.7212411,0.9204281,0.0,0.10754681,0.3468521,2.7463765,0.96808803,0.0,1.3125759,0,2007
0.8487536,1.930613,1.7176503,1.2201419,1.3897452,0.9438649,0.0,1.5653464,0.0,0.37158886,0.041824996,0.0,0.8724929,0.249282,0.0,1.8331096,0,2007
1.2881972,0.1351378,2.4409513,0.5401329,1.8170553,1.396411,3.1335306,0.21051747,2.2947316,0.105835676,0.540974,0.0,1.1808949,0.6471549,0.0,1.7103714,2,2007
0.81778955,1.0708263,0.45450047,0.8195303,1.5437764,1.3974334,0.0,2.1624644,0.07565829,0.68139935,0.7269086,0.0,0.57544065,0.0,0.0,1.1579487,2,2007
2.1470704,0.0,1.4014204,0.13878793,0.0,1.1835014,0.0,2.5585172,0.0,0.0,0.4736185,0.0,0.0,2.9489121,1.8187349,1.6208656,1,2007
0.64728034,2.0225358,0.9056078,0.0,0.72325665,1.463665,0.0,1.6504291,0.0,0.14247537,0.83717465,0.032513924,0.0,0.6380098,0.0,1.1772741,0,2007
0.08805984,0.73963356,0.289662,0.8401028,0.0,1.2745225,0.0,1.3045156,0.0,0.55469835,2.4137015,0.0,0.0,2.5926266,3.1294982,1.4011215,0,2007
0.17618454,2.2676897,0.81535923,1.326819,1.9970843,0.52879167,1.3387456,0.75772244,1.2896564,0.68094033,0.72326326,0.0,0.43593642,0.0,0.0,1.6299478,0,2007
1.9979458,1.82857,0.0,0.7192663,0.014540672,1.922018,0.0,0.51409185,0.0,1.3329306,0.99605083,0.0,0.0,0.50230277,1.798251,2.3917801,0,2007
0.56757116,0.7374679,0.5889004,0.8812998,0.793656,0.952114,0.0,1.8411393,0.0,0.49464718,0.38837498,0.0,0.69069946,0.7909865,0.0,1.694205,2,2007
0.39384454,1.7110622,0.07413739,1.1730413,0.8562319,1.090598,0.0,0.6835581,0.0,1.0309663,0.5646814,0.0,0.0,0.029079854,0.0,2.14271,0,2007
1.2329681,1.2959641,0.5381605,0.8875822,1.1559622,0.5484935,0.028620027,1.3514512,1.1028564,0.021861315,0.45663202,0.03641866,0.82354057,0.0,0.0,1.8504426,1,2007
0.9805441,0.92886543,1.5285356,1.3808389,1.1740638,1.7761772,0.0,2.0206618,0.0,0.4153213,0.0,0.0,1.6969912,0.9775162,0.0,1.5627009,1,2007
1.338067,0.38849917,1.2499145,0.7637985,1.3254812,2.989392,0.0,1.2164717,0.0,0.2832079,0.0,0.0,1.3545803,0.3570298,0.0,1.2036668,0,2007
1.7717086,1.23487,1.1011143,0.0,0.91131,1.0443684,0.0,1.6695395,0.0,0.6333504,0.33793297,0.0,0.0,0.23500448,0.0,1.8744426,1,2007
1.2337508,1.2072432,1.3552741,1.831526,1.4479308,0.7856205,0.0,2.9791164,1.2456946,0.30628544,0.45351088,0.0,2.2749767,0.56712914,0.0,1.6411842,2,2007
0.64619815,2.433201,0.0,1.2163239,0.5418967,0.06733316,0.0,0.9136733,0.0,1.142814,1.6141922,0.0,0.0,0.0,0.28528282,2.4760017,1,2007
1.1739693,0.9800923,1.012733,1.851738,1.4195421,0.0,0.0,1.60956,1.347301,0.0,0.59169817,0.0,2.2386627,0.31234598,0.0,2.3749626,2,2007
1.9351406,0.07433039,1.7805151,1.5955884,1.3246657,1.5496924,0.16595948,1.8218267,1.6342001,0.0,0.0,0.0,2.8494196,0.86231697,0.0,1.690594,1,2007
0.7846362,0.35406548,1.1275787,0.7161465,1.4444919,1.7557594,0.0,1.3833238,0.19983019,0.3586423,0.19144022,0.0,1.6421697,0.6100637,0.0,1.2036815,0,2007
0.18419069,2.1155877,0.0,1.0560489,0.9739183,0.6449779,0.0,0.66685474,0.0,0.97585285,1.1055082,0.0,0.0,0.0,0.0,2.107154,0,2007
1.0964634,3.3256698,0.3662796,1.6326742,0.98442745,1.1041512,0.0,0.056709826,0.0,1.599496,1.5399381,0.14743456,0.0,0.0,0.69312143,2.524401,2,2007
0.736373,0.35391274,1.2334409,1.459872,0.53279054,0.8601549,0.0,2.107647,0.0,0.14702696,0.08446753,0.0,1.9439414,1.687748,0.0,1.8481658,1,2007
0.89277565,1.6230903,0.9112632,0.49920666,1.2072184,1.2670896,0.0,1.147967,0.0,0.6665822,0.5444875,0.14977275,0.08319056,0.054739535,0.0,1.5251122,2,2007
1.3585491,0.23073193,1.0560266,0.5911051,0.2284489,1.1089251,0.0,2.4229257,0.0,0.2693987,0.4702444,0.0,0.67247397,1.6142719,0.3285267,1.5781369,0,2007
1.1595314,0.0,0.7893941,0.0,0.0,1.5491304,0.0,1.1142415,0.0,0.0,2.5728145,0.8193587,0.0,3.2088516,3.622924,1.0152292,0,2007
0.5914191,1.6600008,0.9205859,0.3782679,0.8269058,1.0642302,0.0,0.0,0.0,0.73656535,1.0451689,0.7634266,0.0,0.620225,0.0,2.0137131,0,2007
1.0441222,0.17353404,1.8914849,0.2606019,1.0901377,1.6738061,4.217679,0.602602,2.5037515,0.3007511,0.28446132,0.0,0.0062203407,0.89560467,0.033337906,1.4787651,2,2007
0.8927234,0.6939943,0.3062606,0.14788532,0.20033675,1.1140226,0.0,1.2819959,0.0,0.6452526,0.68165267,0.0,0.0,1.1070747,0.2563252,1.6991184,0,2007
1.4708695,0.49050766,1.0865691,0.653731,1.3392336,0.78424186,0.0,1.3855412,0.2546785,0.3286945,0.30950034,0.0,1.281965,0.5974968,0.0,1.8708886,0,2007
0.59077156,0.9717816,1.0616701,0.86078507,1.6138899,1.3474703,0.0,1.0920051,0.0,0.48867851,0.30543128,0.0,1.1987822,0.44471687,0.0,1.5880927,2,2007
0.9778756,1.1164644,1.8935807,0.0,1.6613839,1.9357572,3.586396,1.0494076,2.6302366,0.07478231,0.54623944,0.0,0.0,0.0,0.0,1.0056179,1,2007
0.53855157,0.9064862,0.91037434,0.10753757,1.3406686,2.020051,0.0,0.71888334,0.0,0.18529928,0.59835386,0.0,0.21582046,0.7239304,0.0,1.1385661,1,2007
1.3844094,0.24653378,1.9636518,0.9228171,1.5611731,1.6462162,0.0,1.6668252,0.0,0.12663525,0.0,0.0,2.1480558,1.4428606,0.0,1.5195572,1,2007
0.86318314,1.2334679,0.8508563,1.023777,1.2645979,1.5993301,0.0,0.0,0.0,0.9394741,0.71866536,0.0,0.01205194,0.47493798,0.0,2.1789103,2,2007
0.8966928,1.8637893,1.7335699,0.4671227,2.1133075,1.447789,1.4220871,1.3578815,1.3344364,0.5192925,0.42392713,0.0,0.48226488,0.0,0.0,1.0478431,0,2007
0.12225121,1.5865989,1.0432056,1.3803458,1.2794511,0.67853147,3.132079,1.3062588,4.5612254,0.4074216,0.49587005,0.0,1.4750888,0.0,0.0,1.4833807,2,2007
1.2340384,1.3732721,0.7052034,1.0549552,0.0,1.143871,0.0,1.9089642,0.0,0.43099642,1.4046652,0.0,0.0,1.6926973,2.8076704,1.6334386,1,2007
0.62101746,1.2933061,0.37916797,0.6913509,0.69336563,1.2670428,0.0,1.1427732,0.0,0.84560555,0.33202317,0.0,0.0,0.0,0.0,1.7930641,1,2007
1.7226725,0.54244226,0.79495776,0.96091104,0.7966797,0.4557304,0.0,1.4138609,1.9976087,0.0,0.1657247,0.98116285,1.6005782,0.083829105,0.0,1.9458783,0,2007
1.0460407,1.1598288,0.5384854,0.2949439,1.0534842,0.61464614,0.0,1.2712955,0.0,0.62007236,0.84301364,0.0,0.0,0.44731313,0.0,1.9612548,0,2007
0.8990538,1.2693613,0.3111896,0.4931398,0.0,1.1671137,0.0,1.4709063,0.0,0.663013,1.4834862,0.0,0.0,1.757688,2.4955628,1.8558784,0,2007
1.2623307,0.5931771,1.2306952,1.5587032,1.1208258,0.56196934,0.0,2.4861956,0.3134163,0.0974676,0.5095551,0.0,2.4306843,1.5066445,0.0,1.9219236,0,2007
0.6022905,1.0648346,0.78434545,1.9019809,0.9814602,0.53287256,0.0,1.7839811,0.33891666,0.0,0.32668954,0.0,1.9224288,0.930912,0.0,2.0477514,2,2007
1.6782763,0.30634025,1.0246927,1.4039047,1.2356207,0.99092364,0.0,1.4155718,0.45364878,0.0,0.0,0.0,1.5373564,0.42244697,0.0,1.9031122,1,2007
0.909036,0.0,0.9053056,0.0,0.0,1.5386258,0.0,0.9846139,0.0,0.021323502,2.779808,0.0,0.0,3.1238203,4.203449,0.946599,0,2007
0.57141286,1.5012447,0.7863393,0.60336965,1.4857967,1.2467897,0.0,0.4281524,0.0,0.880757,0.55405927,0.0,0.019354701,0.0,0.0,1.7664682,1,2007
0.75335777,0.3938679,0.87169725,1.1732849,0.0,0.9335886,0.0,2.0905,0.0,0.15304524,0.21595293,0.0,0.37265182,2.35068,0.75555354,1.8577495,1,2007
0.21359265,1.0913411,0.44406998,0.6456533,0.5958246,0.99699116,0.0,0.5586952,0.0,0.0791263,1.0698658,0.44554287,0.0005954504,0.96763766,0.0,1.6680795,1,2007
0.85294574,0.8613679,1.9953758,0.8648527,2.0006175,1.7147098,0.42526639,1.6529479,1.6179314,0.08987498,0.15573376,0.08269338,2.9479508,0.7069577,0.0,1.0981026,0,2007
1.38587,1.2401607,1.0319424,0.0,0.9014678,1.6933229,0.0,0.28097343,0.0,0.9056479,0.49946097,0.96263266,0.0,0.23267359,0.0,1.8101766,0,2007
1.0802392,0.60304904,1.668407,0.0,1.2474854,2.0934067,3.918085,1.0466952,2.7763302,0.14292443,0.41636646,0.0,0.0,0.1554398,0.0,0.8925789,2,2007
0.45265624,0.9733653,1.5751767,0.93937767,1.840029,2.0080667,3.3821285,1.3117087,2.9488099,0.38666448,0.66099167,0.0,1.4911584,0.29622298,0.0,0.89241034,2,2007
1.3127439,0.09965825,1.3307118,2.0547268,1.2569933,1.4083538,0.0,1.267124,0.0,0.30040765,0.0,0.0,2.738659,1.6347498,0.0,2.1688719,2,2007
1.0195373,1.1807134,0.94222945,0.20313546,1.2974,1.2892836,0.0,0.22560847,0.0,0.6157166,1.2337161,3.0246284,0.623381,0.08554876,0.0,1.5603158,0,2007
0.44134155,0.9326529,1.0744963,0.8793959,0.7114869,0.8143196,0.0,1.1024908,0.0,0.44754383,0.46944284,0.0,0.21775216,0.90247786,0.0,1.8862301,1,2007
0.6113675,0.6410829,0.43535683,0.22699064,0.5613492,1.0288148,0.0,1.2938098,2.6523683,0.0,0.0,2.5529215,1.8509738,0.30437857,0.0,1.2909867,1,2007
0.35141245,0.80540794,0.16798574,0.61210406,0.0,0.0,0.0,1.7240977,0.0,0.37857282,2.3475854,0.0,0.0,1.7849925,2.0901074,1.8673182,0,2007
0.4115317,1.1710035,0.4334498,0.99718416,0.089826524,1.5476562,0.0,1.0063584,0.0,0.3180418,0.23040023,0.0,0.0,0.6975176,0.013636738,1.7521194,0,2007
0.71152973,0.9208993,1.326237,0.50100243,1.6601046,1.9960663,0.10159314,1.6714929,1.0528915,0.40929997,0.0,0.04741185,1.8330071,0.013079405,0.0,0.9466288,0,2007
1.3535862,0.3449024,0.88082093,1.2893732,1.6237094,1.5539558,0.0,1.2298675,0.0,0.5616792,0.0,0.0,1.8196259,0.85994166,0.0,1.971942,2,2007
1.17332,1.3474901,0.9193134,0.7009541,0.7975997,1.0157893,0.0,0.6018033,0.0,0.7309592,0.43527582,0.0,0.0,0.05878043,0.0,2.1843967,0,2007
1.0996822,1.0989211,1.2961295,0.13251144,1.844239,1.4636269,0.0,0.9850978,0.21092999,0.49095196,0.63380134,0.40146434,0.7724596,0.025717676,0.0,1.2348632,0,2007
0.64536864,2.2824037,2.0748816,0.53902465,1.6544194,1.8961272,2.8088589,1.7639601,2.3322685,0.14053428,0.40389776,0.0,0.30013835,0.0,0.0,0.92451465,2,2007
1.3639873,0.5435684,0.56900054,0.25084206,0.7717238,0.5968703,0.0,0.5932209,0.0,0.4349101,1.3332564,2.0341406,0.34608513,0.65059364,0.0,1.9695942,0,2007
0.6076382,0.21051398,0.0,0.0,0.236987,0.85287553,0.0,0.6091724,0.0,0.7471212,1.9075837,0.0,0.0,1.6976187,1.2375698,1.734402,1,2007
0.90405107,1.5163285,1.3964435,0.08774388,2.3597698,1.5597011,1.7453278,1.0058115,1.4554067,0.6660138,0.8279435,0.0,0.3680772,0.0,0.0,0.96222824,2,2007
1.198864,1.4246656,1.0163244,0.540844,0.9809996,0.71534485,0.0,1.331427,0.0,0.5077216,0.37797242,0.0,0.15467048,0.32092375,0.0,1.9746346,2,2007
1.312207,0.03885728,0.5760377,0.68763155,0.319175,1.1001978,0.0,1.8667141,0.0,0.3234337,0.29484797,0.0,0.7620055,2.0738864,0.06409955,1.9120939,0,2007
0.5780648,0.6255269,0.76966894,0.8262409,0.71559227,1.1515539,0.0,0.7467605,0.0,0.32655212,0.56198555,1.6685898,1.01546,0.7062299,0.0,1.487495,1,2007
0.9894312,0.45131874,1.0653787,1.0302317,0.69208187,1.2062403,0.0,0.58407164,0.0,0.0922541,0.13754758,0.0,0.46652544,1.0490209,0.0,2.1087968,0,2007
0.6380847,0.0,1.0945159,0.15019065,0.22682709,1.0776203,5.7964253,1.3425608,5.570331,0.0,0.0,0.0,0.0,1.4354836,0.0,2.020141,2,2007
1.2938977,0.7515454,1.1066397,1.1578065,1.3834021,1.3574694,1.4063845,1.0512547,2.0299315,0.0,0.0,0.0,1.7536409,0.20156431,0.0,1.7442048,1,2007
1.3537691,0.7525698,1.7008678,0.9720748,1.0169158,0.9953752,0.0,2.2201564,2.9253933,0.3281153,0.0,1.5468655,2.5829775,0.2514776,0.0,1.3899257,0,2007
1.4004843,0.7513278,0.8509603,1.6537836,1.0296681,0.5026016,0.0,1.1412691,0.06563151,0.45071226,0.0,0.0,1.74438,0.63715035,0.0,2.4763978,0,2007
1.9506466,2.1232157,1.7552112,0.06751472,0.6305843,0.936914,0.0,1.6219304,0.0,0.51490974,0.25104752,0.0,0.0,0.3451087,0.0,2.1354647,2,2007
1.2551451,0.6640771,1.4160194,0.76320505,1.2127976,1.2874355,0.0,1.8259339,1.6091938,0.27364433,0.0,0.8907879,2.2423003,0.38749403,0.0,1.4055564,0,2007
0.57813424,1.6321256,1.195302,1.0053291,2.1832404,1.1531217,0.50417924,1.4179764,0.8547522,0.4295478,0.5327771,0.0,1.6252661,0.2361288,0.0,1.3559034,0,2007
0.757283,0.0,0.0,1.0163757,0.0,0.38929093,0.0,0.41245365,0.0,0.0,1.7171328,0.0,0.0,2.695416,1.7817756,2.4374168,0,2007
0.8824393,0.6394832,0.09782857,0.5894628,0.0,0.23860508,0.0,1.0123827,0.0,0.5169809,2.1475303,0.0,0.0,1.5040882,2.6943526,2.1131637,0,2007
0.6107166,0.49910462,0.9687781,0.8488251,0.6213664,1.1797252,0.0,0.72188187,0.0,0.0,0.6618111,1.8083751,1.0407662,1.0695269,0.0,1.3445983,2,2007
1.9369872,0.8808429,0.65208435,1.3010396,1.3280282,0.6513262,0.0,1.684217,0.67596686,0.0,0.28774506,0.0,1.3734071,0.0,0.0,2.1054273,0,2007
0.71758246,1.4590728,1.1138972,0.6642924,1.1593038,0.59318125,0.0,1.6844395,0.0,0.44324565,0.6179352,0.0,0.34736267,0.04608047,0.0,1.7348896,0,2007
1.4557577,0.9636791,1.6561846,0.9740143,1.9827623,1.5138425,2.5001695,1.7800313,2.0437558,0.2680071,0.0,0.0,1.8566947,0.9568021,0.0,1.5841434,0,2007
1.1890649,1.5427346,2.4623322,0.928388,1.7791201,1.4570576,2.5862656,2.3616111,3.154776,0.24235123,0.6239221,0.0,1.6271479,0.57092416,0.0,1.0930429,0,2007
0.80555224,1.4494399,2.5376964,1.2476425,1.5892179,2.0141175,3.1990423,2.2606392,2.6878905,0.11289328,0.0,0.0,2.814659,1.5251465,0.0,1.4226329,2,2007
0.7973037,1.4081002,2.0408301,2.0188847,0.0,1.9238939,0.0,1.1003171,0.0,0.0,2.9597256,0.0,0.0,2.7123542,5.942269,1.0000352,0,2007
1.7766778,0.46699303,1.359181,0.49668023,0.9583645,1.3834913,0.0,1.8299701,0.0,0.46552047,0.0,0.0,0.7168601,0.8388281,0.0,1.8157388,2,2007
1.3757638,0.8840699,0.75894296,0.35887128,1.0594255,0.96928686,0.0,0.60730934,0.0,0.5005827,1.0567031,2.5226998,0.7312387,0.28108072,0.0,1.7127538,1,2007
0.4156198,0.9193809,1.0332837,0.9019526,1.3688838,1.4805727,0.0,0.8493779,0.369036,0.52085704,0.11877778,0.024086758,1.7371264,0.5897167,0.0,1.5926455,0,2007
1.2544074,0.42069945,1.7355138,0.6709792,0.7021517,1.9853525,0.0,1.1250328,0.0,0.5096849,0.0,0.0,0.5851733,1.2558069,0.0,1.7097781,1,2007
1.7393913,0.24788898,0.65380716,0.9141873,1.6510597,0.708241,0.30821902,1.2137096,2.1220744,0.0,0.54178023,0.0,2.4044182,0.5755445,0.0,1.9658549,1,2007
0.198102,1.3683207,0.6799987,0.2765284,1.2920659,1.6499709,0.0,0.3527853,0.0,0.8572402,0.89248216,0.57759356,0.0,0.0,0.0,1.2338786,0,2007
0.8896644,0.8995425,0.7560099,0.98403007,1.0399882,1.347611,0.0,0.81373256,0.0,0.7573683,0.0,0.0,0.59394175,0.5329157,0.0,2.0613415,0,2007
1.1250412,1.5467236,2.2502422,0.82509184,1.3541291,2.5155385,1.0230871,2.090511,1.8372526,0.05147314,0.0,0.0,2.0443163,0.15920597,0.0,1.0723417,0,2007
0.8066602,1.1477704,0.3664161,0.99016845,0.0,1.6026764,0.0,0.25938153,0.0,0.77737635,1.9523621,1.2507744,0.0,1.6714501,3.0707102,1.7868617,1,2007
1.0413551,1.1699796,1.0689516,1.4575595,0.0,1.5861784,0.0,0.7740061,0.0,0.48758346,2.119538,0.0,0.0,1.8620458,4.601,1.6878437,0,2007
1.9927115,0.38950336,1.2400188,0.8691888,1.015157,1.0257607,0.0,1.6706225,0.0,0.47580686,0.0,0.0,1.0643538,0.6242261,0.0,2.1060169,0,2007
1.9686419,0.046956718,1.705723,0.7548776,1.0078288,0.9979698,0.0,1.3839586,0.0,0.17863697,0.0,0.11605384,1.8053682,1.5033727,0.0,2.077168,0,2007
0.7364418,1.4098667,1.3933616,0.42339888,2.3881862,1.7969097,1.3776057,0.8228307,1.3531468,0.583911,0.78036916,0.0,1.2173285,0.0,0.0,0.95907724,1,2007
0.4970504,0.94662833,1.6157659,0.4555642,0.37044528,2.2515988,0.0,0.15744346,0.0,0.2645594,0.0,0.12401561,0.0,1.329718,0.07270186,1.5299208,0,2007
1.0991831,1.6958756,1.6989615,0.0,0.985185,2.2182646,0.0,1.9101608,0.0,0.036426306,0.25820342,1.0559379,0.0,0.0,0.0,0.6986133,0,2007
0.8722546,0.84694105,1.6233196,0.77396655,1.0592811,1.3335402,4.4867926,2.1403034,4.0878634,0.0,0.15847328,0.0,1.0012847,1.7604136,0.0,1.5770253,2,2007
0.54720724,0.81953895,1.8420637,1.109127,1.239382,1.6790869,0.37207747,1.1146967,1.193892,0.23260432,0.0,0.55103904,2.5524194,0.75748193,0.0,1.4373056,1,2007
0.8979077,0.5932142,0.5662662,0.5059427,2.095613,1.6843238,0.0,0.5948685,0.0,0.76474726,0.8546604,0.0,0.790802,0.3262939,0.0,1.2924713,1,2007
0.85140055,1.2874188,0.83064747,0.9000218,0.52998596,0.6982112,0.0,0.8400613,0.0,0.6877507,0.41411567,0.0,0.0,0.33994776,0.0,2.2505271,1,2007
0.8942871,1.9041609,2.2728906,0.5498515,1.9696369,1.6954099,1.561186,1.8251083,1.252662,0.34731603,0.2743593,0.0,1.2368804,0.18313152,0.0,1.0689328,0,2007
1.0095756,0.2537828,0.70141315,1.0210016,1.7347137,1.1417878,0.28673643,0.7617787,2.1637614,0.32129186,0.5128494,0.7406664,3.0250034,0.8509325,0.0,1.6397691,1,2007
0.44226402,1.2839723,0.5296757,1.8135672,1.4078002,0.38283587,0.0,1.0148877,0.08954373,0.04365611,0.45437813,0.0,1.5897954,0.48204038,0.0,2.3350317,2,2007
0.4979761,0.5445831,0.46404663,0.591655,0.0,1.0814052,0.0,1.7613901,0.0,0.39348322,0.63488173,0.0,0.0,1.5901093,0.5908461,1.612448,0,2007
1.0730743,0.76333886,1.0497482,0.03242016,0.9567919,1.5523274,0.0,1.2769693,0.0,0.0,0.5029747,0.5070055,0.4382457,0.71357816,0.0,1.242926,0,2007
1.3986163,0.88653886,0.7366547,0.8097452,1.6032732,1.0144732,0.0,0.53323066,0.0,0.7907195,0.49033988,0.0,0.28368446,0.0,0.0,2.0422986,1,2007
1.1598439,1.3573952,0.9631616,1.3886517,1.8160286,0.24828118,0.0,2.4559338,1.2037935,0.2456842,1.0873158,0.0,2.257623,0.5896359,0.0,1.8474078,0,2007
1.7933284,0.812461,1.2775179,1.2942786,0.5782214,0.7857946,0.0,2.4694004,0.0,0.35453138,0.0,0.0,0.9409602,1.3033307,0.0,2.142488,0,2007
1.7568005,0.6335258,0.92779464,0.23583513,1.1851102,1.2586157,0.0,1.3521788,0.3644068,0.0,0.51931953,1.1501486,0.9480877,0.07167727,0.0,1.4048538,2,2007
0.42577457,1.6554099,1.0014606,0.49385285,0.8635544,1.2372268,0.0,1.0927433,0.0,0.6514782,0.5173588,0.0,0.0,0.0,0.0,1.5656644,2,2007
1.0597155,1.8472841,2.0359511,0.61968327,1.7121769,1.9312508,2.823791,1.9858923,1.6956034,0.47066107,0.048070133,0.0,0.8039411,0.5954306,0.0,1.1425662,2,2007
0.52918065,1.7530249,1.3859358,0.51999056,1.9301789,0.9626757,2.9134018,1.3022091,3.0246754,0.399722,1.0493666,0.0,0.6002701,0.0,0.0,1.0902402,0,2007
0.854617,0.36722094,0.0,0.3505123,0.22939414,0.17443305,0.0,2.0069702,0.0,0.399514,1.6659029,0.0,0.0,1.6677297,0.81210816,1.878329,1,2007
1.2727603,1.244096,0.92977184,1.3386371,0.0,1.4324858,0.0,0.0,0.0,0.61722535,1.5301521,0.0,0.0,1.111106,3.232263,2.145375,0,2007
1.2368091,0.7522442,1.558282,1.0919065,0.056025624,1.4329267,0.0,1.8410535,0.0,0.3366496,0.0,0.0,0.4740438,1.5257305,0.0,2.0242512,0,2007
0.98309,0.28092548,1.277479,1.2479923,1.1084355,1.3462597,0.0,1.6178389,0.0,0.2057218,0.0,0.0,1.6847277,1.1148192,0.0,1.5539947,0,2007
0.85596913,1.906544,2.2784088,0.7768508,2.1576357,1.9247,3.382019,2.447182,2.497918,0.19776863,0.65881354,0.0,2.0745158,1.5028962,0.0,1.0292089,2,2007
1.4007682,0.4801507,1.7124615,0.6621555,1.3641868,2.0254977,0.0,0.97187877,0.0,0.5248126,0.0,0.0,0.83625245,0.8216839,0.0,1.5491934,1,2007
1.4614083,0.8747429,0.5868051,0.0,1.9494646,1.5924976,0.0,0.94378865,0.0,0.29048306,0.9109167,0.0,0.03829807,0.03290975,0.0,1.2167627,0,2007
0.8301737,1.1931763,0.47227788,0.70635295,1.3602674,0.8115344,0.0,0.85941166,0.24099988,0.056505382,0.82775295,0.472372,0.7491584,0.0,0.0,1.671278,0,2007
0.09965509,1.3255835,0.95744365,1.058115,2.429604,1.8249522,1.4160784,0.13286442,1.0565736,0.7492571,0.8840097,0.0,1.3076419,0.0,0.0,1.0844314,2,2007
1.0243411,1.3035295,1.3252105,1.1285424,0.38471135,0.9545576,0.0,1.8185334,0.0,0.4627377,0.0,0.08142653,0.21927363,0.22569305,0.0,1.8817034,0,2007
0.4924927,0.60641783,0.5395758,0.43283612,0.43947718,1.1985345,0.0,0.040873885,0.0,0.1303258,1.248719,1.6070601,0.0,1.0366278,0.07206884,1.6698861,1,2007
1.3940585,0.71743655,0.4707909,0.99215055,1.2233487,0.8719013,0.0,1.3782128,1.4853215,0.49672487,0.12769556,0.61144483,2.138328,0.24507385,0.0,1.9478261,0,2007
1.2340133,0.550693,0.20028555,0.8243193,0.446635,0.66399795,0.0,1.1568139,0.0,0.62224925,0.5645269,0.0,0.053232074,0.78819436,0.0,2.1972058,0,2007
1.3960764,0.42170638,1.1570389,1.7393739,1.0663096,0.5924669,0.0,1.9563994,0.0,0.0,0.27073714,0.0,2.1409438,1.5533834,0.0,2.1653059,0,2007
1.7013408,0.34989697,0.7551485,0.49995166,0.95967513,0.9394817,0.0,1.7637011,0.34442452,0.3954429,0.30652723,0.39980924,1.1781061,0.70587134,0.0,1.7257056,2,2007
0.49860105,1.3840402,1.3700826,1.0430598,1.2241328,1.4938469,0.0,1.815378,0.2389165,0.46348864,0.0,0.0,1.296767,0.45121908,0.0,1.3803979,2,2007
0.3200558,1.3669496,0.8503699,0.59143156,0.58134764,1.1987565,0.0,1.0164967,0.0,0.53896296,0.6270445,1.3841996,0.107141614,0.12687892,0.0,1.4937611,0,2007
1.0293399,0.12021744,0.4588102,0.0,0.0,0.77360356,0.0,1.1387265,0.0,0.4392448,1.4061866,0.0,0.0,2.13276,2.089345,1.8359244,0,2007
1.8091608,2.2253852,1.5987039,1.5117372,0.0,1.2480264,0.0,0.6391383,0.0,0.62811404,1.2619117,0.0,0.0,0.0,3.9720116,2.2005565,0,2007
0.9633882,1.015313,1.0060499,0.83510196,1.289507,1.0256026,0.0,1.9385254,0.5503304,0.34618,0.31394956,0.018549696,1.5896246,0.60720634,0.0,1.5634921,1,2007
0.945817,0.5450844,1.7519135,0.65141535,1.5047758,2.1866379,0.0,0.5878284,0.0,0.5377168,0.0,0.0,1.1712275,0.87635547,0.0,1.453587,0,2007
0.054429054,0.9639254,0.45957324,0.2287938,0.11967015,0.8802181,0.0,1.1041796,0.0,0.570374,1.1366111,0.065886095,0.0,0.8490273,0.7562518,1.3812522,0,2007
2.1765523,0.5224739,1.2447437,1.7169769,1.104938,0.63331497,0.0,2.1378524,1.4489143,0.0,0.027797341,0.0,2.3921013,0.8609857,0.0,2.1504457,1,2007
1.0177621,0.70380694,1.1317924,0.35274065,0.8201331,1.1645052,0.0,0.2962709,0.0,0.5866402,0.88693625,0.0,0.0,0.5050589,0.19130448,1.8778863,1,2007
1.5722109,0.41888258,0.47453883,0.8330325,1.9015517,0.951839,0.06133224,0.53109133,0.62146914,0.03426808,0.9451417,0.0,1.6835413,0.8139025,0.0,1.9528306,1,2007
0.5700209,1.223654,1.9544404,1.629859,0.0,1.3839414,0.0,1.2960792,0.0,0.10688752,1.4069772,0.0,0.0,2.2712379,4.5084524,1.4296451,0,2007
0.8535475,1.0300751,1.773441,0.3960845,2.0832484,1.9616442,2.4061208,0.44401634,1.4031334,0.49862897,0.7152155,0.0,1.3305323,0.5950247,0.0,1.2434595,2,2007
0.71069276,0.8779788,0.21726012,0.82132983,0.0,0.29675263,0.0,2.280421,0.0,0.45163053,1.4120307,0.0,0.0,1.2804683,1.3684465,1.7993834,1,2007
1.2631904,0.871796,1.1215101,0.9330874,1.3685801,0.85518724,0.0,1.6030653,0.23189501,0.40896136,0.16716659,0.0,0.99762166,0.22217458,0.0,1.8191187,2,2007
0.8882774,0.8873426,1.0281622,1.1934624,1.3960638,1.2374294,3.1645775,1.5506599,3.5319803,0.2909996,0.2869837,0.0,1.5807078,0.6650311,0.0,1.3826661,2,2007
0.3250426,0.99726665,0.09274089,0.28045383,0.896544,1.0291457,0.0,0.10134238,0.0,0.39964506,1.3210309,0.25184554,0.0,0.5465933,0.0,1.7913073,0,2007
1.1375849,1.4094565,0.9558193,0.085790455,1.1142882,1.790731,0.0,0.3222726,0.0,0.34526256,0.5733256,0.7049309,0.0,0.047476232,0.0,1.5188286,2,2007
0.014933705,1.5536138,1.8709306,0.4052554,0.9931915,1.6839261,0.0,1.4837135,0.0,0.0,0.14776623,0.0,0.524128,0.66269433,0.0,0.96940696,2,2007
1.0495659,1.4196818,1.371871,0.795583,1.4954829,1.4603509,3.0841842,2.0120595,2.5580404,0.4882777,0.018454313,0.0,1.1773584,1.0321921,0.0,1.4189057,2,2007
1.3017647,0.7652412,1.7471011,0.8404544,1.4685445,1.4114466,0.16418579,1.6090386,0.60294455,0.2402584,0.0,0.0,1.9871633,0.9878843,0.0,1.659148,2,2007
0.8879609,1.4330494,1.8784912,0.9462276,1.210937,1.7486596,3.7031078,2.2744746,4.5774207,0.12873006,0.23583812,0.0,3.2580814,2.3948834,0.0,1.3488508,0,2007
0.8622918,1.0806118,0.7261253,0.7805181,1.1508168,0.59886074,0.0,1.1017195,0.5510893,0.42364264,0.48142278,0.4619385,1.1024998,0.16679221,0.0,1.8431308,0,2007
0.982453,1.1214157,0.8584185,0.645552,0.0,0.8332061,0.0,1.730101,0.0,0.46868178,0.9768008,0.0,0.0,1.1976486,2.3096185,1.7964988,0,2007
0.79207253,1.750817,1.4904493,1.0406389,1.793936,1.6668944,3.1829028,2.147661,2.4622447,0.3788988,0.18403384,0.0,1.6351674,1.05417,0.0,1.2841357,2,2007
0.4530851,1.532841,0.7163764,0.986606,1.1680114,1.205814,0.055936635,0.90585893,0.0,0.78535897,0.0,0.0,0.5810139,0.12465453,0.0,1.8668756,1,2007
0.807198,0.34861392,0.64891744,0.31650007,0.0,1.723509,0.0,0.0,0.0,0.40587085,2.5359814,0.74628353,0.0,1.9904633,3.9533126,1.5120382,0,2007
1.4996557,0.40331155,0.7994513,1.558727,1.1767595,1.0574534,0.0,1.7197313,1.0366478,0.35685843,0.0,0.01832717,2.3621058,0.80706495,0.0,1.8714516,2,2007
0.0,0.6478017,1.1197332,0.6378938,0.92674476,1.7148448,0.0,0.970542,0.0,0.3084507,0.6865654,1.4153571,1.060863,0.4499504,0.0,0.8043213,0,2007
1.0104412,0.9702363,1.1775799,0.64210784,1.8315667,1.2123795,0.19325276,1.6175481,0.485749,0.39079484,0.3356908,0.0,1.3223107,0.45676386,0.0,1.4624465,0,2007
0.0,1.6083846,1.4795339,0.8193916,0.50091624,1.786978,0.0,1.4829955,0.0,0.04268694,0.011756003,0.0,0.0,0.24020594,0.0,1.0529444,0,2007
0.95951164,1.0767256,1.4666886,0.09274709,1.7230164,2.1388268,0.04490386,0.51904905,0.0,0.11965436,0.5533907,0.36349553,0.8387862,0.5548521,0.0,1.0585786,2,2007
0.76862735,0.8799173,1.6532365,0.54242307,1.1146263,2.2439332,4.313096,1.789095,3.5100987,0.3614393,0.0,0.0,1.3664349,1.338062,0.0,1.0896101,2,2007
0.65193826,1.6300054,1.6729646,1.3827835,2.0849986,1.5627916,2.0514386,2.0543144,2.5777721,0.22257769,0.53591406,0.0,2.5110343,0.5545695,0.0,1.0664407,0,2007
0.44454458,1.5126078,1.6683197,0.6975048,1.0458885,1.5234582,0.0,1.5814624,0.0,0.5057518,0.0,0.0,0.32839754,0.5757597,0.0,1.4842305,0,2007
0.554449,0.25237182,0.37084812,0.84845984,0.0,0.07799429,0.0,0.27938038,0.0,0.1475671,3.4371924,0.0,0.0,1.2105091,4.2723236,2.023991,1,2007
0.84705585,1.4971969,0.5296629,0.7786407,0.45908162,0.18728709,0.0,1.5665693,0.0,0.62307215,0.66842157,0.23139268,0.0,0.005398035,0.0,2.200421,1,2007
2.0541503,1.998748,1.5481746,1.8213329,0.0,1.0479059,0.0,0.90376043,0.0,0.4890474,2.4599671,0.82203466,0.0,0.63777184,5.716464,1.9856682,0,2007
1.4429762,0.31905147,0.49398348,0.24094802,1.461941,1.140143,0.0,0.0,0.07772814,0.08093685,1.3480253,1.5619992,1.0846473,0.5730262,0.0,1.7122278,2,2007
0.8625816,0.5628833,0.0,0.66185105,1.1733422,0.8865501,0.0,0.09628916,0.0,0.9034561,1.3314481,0.25716788,0.23889461,0.57190007,0.0,2.2197213,0,2007
1.121367,0.4000461,1.7815878,0.45101565,0.8057343,1.0059137,4.041315,1.318973,4.5814304,0.0,0.2568119,0.0,1.5960041,1.9158142,0.0,1.7398121,2,2007
1.9111761,0.5340537,1.5279667,1.1321656,1.8058494,1.0685757,0.0,2.1440933,0.13378464,0.060485303,0.36343122,0.0,2.260056,1.5632468,0.0,1.7021136,2,2007
1.5766943,0.276128,0.56268805,0.96138865,0.90934455,0.92125314,0.0,1.4146137,2.205535,0.39755988,0.0,1.1758566,2.492132,0.73159814,0.0,1.8708522,1,2007
0.86876863,1.0154448,0.37837988,0.8248317,1.1900868,0.6940529,0.0,1.2014194,0.0,0.56188726,0.7994608,0.15197289,0.5463573,0.12970203,0.0,1.8384333,0,2007
0.9145672,1.1603473,0.9800105,0.6706586,1.3609549,0.8643111,0.0,1.355048,0.0,0.5373866,0.45380104,0.0,0.6196833,0.8113481,0.0,1.9801838,0,2007
1.5400095,0.5159171,0.38435745,0.7286562,1.9297582,0.82452154,0.0133365095,1.0046015,0.8147442,0.2695616,1.1816816,0.3231418,1.9366674,0.68729556,0.0,1.6069702,0,2007
0.6306031,0.7356498,1.3504851,1.1799242,0.0,1.1924216,0.0,1.1970578,0.0,0.42673358,3.0012758,0.0,0.0,1.7208817,5.5776505,1.2613065,1,2007
1.5389206,1.3009253,1.8025141,0.34089926,0.9121837,1.1149536,0.0,2.1081126,0.0,0.4435838,0.0,0.0,0.41298088,0.51937747,0.0,1.741092,0,2007
1.3483925,0.87674546,0.814606,1.5416486,0.0,0.7738844,0.0,0.24399686,0.0,0.23410022,2.2951653,0.0,0.0,1.018547,4.9457674,2.311268,0,2007
1.3143713,0.17870194,1.6940699,0.755092,1.2915571,1.4026232,3.2436032,0.5168493,2.8034167,0.0,0.39502013,0.0,2.1649392,2.0413058,0.0,1.8935924,0,2007
0.72203445,1.4798329,0.9552964,0.777935,2.1046548,1.1633567,0.32263854,1.3525653,0.37528634,0.5017003,0.67911065,0.0,0.93798655,0.25574702,0.0,1.3021371,2,2007
0.9946785,0.8404073,1.3669527,0.38125017,1.7031897,1.1888512,0.0,1.3870294,0.038119122,0.16205448,0.85279083,0.1658887,1.3246586,0.7165403,0.0,1.2353606,2,2007
0.13818425,1.151139,0.75312227,0.35589507,0.8616855,1.2835165,0.0,0.0,0.0,0.04567355,1.5581882,2.8099287,0.05648756,0.42109716,0.0,1.3469901,1,2007
1.4483947,0.12615842,0.767655,1.3741217,0.29424274,1.0969543,0.0,1.6819717,0.0,0.4051771,0.0,0.0,0.7860848,1.841434,0.0,2.3842893,0,2007
1.2296486,0.7781213,1.4115334,0.69059217,1.869558,1.0556225,0.0,1.2016659,0.07304557,0.26955026,0.41741866,0.0,1.6130862,1.1145868,0.0,1.7269781,0,2007
0.0,1.3765321,0.9741157,0.45423573,1.0806317,1.6252573,0.0,1.726488,0.8845107,0.0,0.5102935,0.39933598,1.1831834,0.45972884,0.0,0.81948227,0,2007
0.385142,1.9138958,0.9372743,1.3009859,1.8682333,1.199868,3.762045,2.1176562,2.8366678,0.32282552,0.47395813,0.0,1.8069203,1.6006072,0.0,1.447341,1,2007
0.9312258,0.83969855,1.5085639,0.12296021,1.630465,1.9121405,0.090857804,0.9150263,0.0,0.6605023,0.117556244,0.0,0.3435769,0.0,0.0,1.1338943,1,2007
1.095875,1.1142529,1.2025414,0.48021218,0.879745,2.2812464,0.0,1.2788723,0.0,0.2331599,0.0,0.04751146,0.0,0.0,0.0,1.171655,0,2007
0.44419885,0.8185726,1.6280067,1.0999827,0.92263573,1.4458022,0.10702457,1.4346217,2.4463885,0.26163423,0.0,1.3012129,2.8592486,0.3979432,0.0,1.3777695,2,2007
0.16035944,0.7303548,0.8555122,0.3612906,0.0,1.1503004,0.0,1.1730747,0.0,0.5753713,1.735116,0.37850833,0.0,1.1470338,3.5598757,1.2962223,0,2007
1.0212622,0.74827945,1.5706315,0.73562247,1.1390321,1.5962691,3.3576188,1.5652436,4.5842447,0.24936438,0.0,0.0,2.260842,1.0617625,0.0,1.37288,1,2007
1.0257788,1.2340949,1.2368014,0.3877777,2.5192232,1.4108348,1.9246894,0.6919987,1.1824107,0.42423236,1.2447648,0.0,1.3178958,0.8234177,0.0,1.2483983,2,2007
0.34487918,1.075827,0.8563999,0.5083401,0.9001328,1.884161,0.0,1.0210278,0.0,0.8230271,0.10717255,0.0,0.0,0.0,0.0,1.428015,1,2007
1.4667103,1.121727,0.63897574,1.1208427,1.1639178,0.32718736,0.0,1.8086343,1.3772521,0.32750842,0.5414657,0.4489094,1.8022923,0.47600204,0.0,1.972374,2,2007
1.8234675,1.6207619,1.1469505,0.98627937,0.0,0.8382279,0.0,1.0602508,0.0,0.30092585,2.5492685,3.5398319,0.0,1.5341856,4.716281,1.8425565,0,2007
2.5754051,1.5596846,1.9404312,1.7475498,0.0,2.1864405,0.0,0.10819805,0.0,0.62174994,1.2237399,0.0,0.0,0.9067733,5.313609,2.1248698,0,2007
1.7092206,0.92243886,0.88146585,1.1785662,1.7933618,0.41740388,0.1554899,1.5985097,0.93672264,0.0,0.68894184,0.0,2.159764,1.197682,0.0,2.1288974,1,2007
1.1825095,1.7174262,1.7017212,1.0037699,1.4842408,1.2200211,2.9676814,2.5858395,3.9679582,0.0,0.5390243,0.0,1.7837999,1.3036501,0.0,1.2999052,2,2007
1.0716264,1.0408906,1.0497448,0.874989,1.2494146,0.8656067,0.0,1.9281082,0.7860152,0.21835017,0.47763038,0.23851542,1.8039472,0.90395224,0.0,1.5449274,1,2007
1.5781494,0.8940578,0.6752698,0.7077563,0.72897667,0.110598564,0.0,1.3316226,0.0,0.053912938,0.43942225,0.0,0.418564,0.64188915,0.0,2.588941,1,2007
0.7974037,0.9996337,0.84130496,0.9794128,0.61191785,1.3193823,0.0,1.0375732,0.0,0.72591496,0.0,0.0,0.17730963,1.0729439,0.0,2.014214,2,2007
0.07596558,0.72817427,0.88117844,0.44226867,0.274044,1.2162325,0.0,0.98578376,0.0,0.0,0.8241143,1.6410248,0.0,0.3999669,0.0024116784,1.0923471,0,2007
1.3514811,0.66257787,0.96343374,0.32405192,2.042967,1.7615969,0.53974235,1.1949401,0.8605895,0.5318178,0.45884547,0.0,1.1272349,0.03447652,0.0,1.0692776,1,2007
1.7963448,0.44367355,1.2922816,0.31519434,2.2179923,1.1784694,0.0,0.3009814,0.0,0.6354025,0.5584885,0.0,1.1157064,0.73743916,0.0,2.0821347,0,2007
1.3878124,1.3331437,1.295346,0.38662586,1.2460012,0.37647748,0.0,1.4773929,0.0,0.3954594,0.5571412,0.0,0.39044124,0.31214714,0.0,2.0317595,2,2007
1.2863204,0.11198473,0.6211047,0.9320669,2.0816076,1.6729553,0.039173014,0.5733913,0.07190819,0.6138279,0.5639397,0.0,2.0457053,1.1569276,0.0,1.7321649,0,2007
0.6109141,0.38744864,0.11336744,0.20946613,0.71694285,0.90535647,0.0,0.4573422,0.0,0.82055753,0.95901805,0.27390352,0.0,0.0,0.0,1.7431715,1,2007
0.4788058,0.63448846,1.4589959,0.0,0.11667615,2.1279938,0.0,0.41302574,0.0,0.6678038,0.32387966,2.0618415,0.0,0.0098237395,0.43392766,1.0721807,2,2007
0.7204795,1.0614518,0.87577385,0.056323647,0.9068941,2.5881243,0.0,1.1837068,0.0,0.39901984,0.0,0.0,0.0,0.0,0.0,0.95183456,0,2007
0.68295157,1.9805027,0.24014133,1.2513027,2.0325902,1.1614095,0.036647268,2.1433399,0.25158736,0.7866162,0.49605432,0.0,1.273446,0.48197654,0.0,1.6099005,0,2007
0.0,1.1170068,1.4884739,0.5665621,1.4716084,1.0366055,0.0,0.6513916,4.7401094,0.2678085,0.34940797,3.268589,4.2830043,0.7641004,0.0,1.1219914,2,2007
1.8738511,0.704296,1.6579449,1.3458165,1.0885631,0.704782,0.5099384,1.9077487,3.5358522,0.0,0.0,0.8481192,3.0784535,1.0330975,0.0,1.8939152,0,2007
1.4078498,0.9348508,2.422549,0.8679731,0.4707278,1.6496265,0.0,2.0199544,0.0,0.28958035,0.0,0.0,0.6412742,0.9287604,0.0,1.6750448,1,2007
1.6526688,0.8046575,0.51709074,0.51352763,0.5553783,1.6054971,0.0,0.10902172,0.0,0.42320278,2.2431571,7.4843955,0.0,0.111083984,0.0,1.2316957,0,2007
1.2943544,1.2205179,0.80417734,0.9950594,1.2853589,0.4857853,0.0,1.4354497,0.59943247,0.0,0.47376525,0.0,1.157061,0.38501373,0.0,1.9908748,0,2007
1.0989063,1.4942539,1.491284,1.5412834,1.9415715,1.8314083,2.8452103,2.4826853,2.3316221,0.16020375,0.26772064,0.0,2.5740895,1.5168717,0.0,1.2364817,2,2007
0.11456156,1.3603215,1.7352973,0.3726533,0.0,1.8218669,0.0,1.4302692,0.0,0.5457667,0.0071794987,0.31212026,0.0,0.067640305,0.83528924,1.0295204,1,2007
0.884794,1.0769863,1.4977187,1.4838617,0.0,0.9712351,0.0,1.8518689,0.0,0.26158464,0.7700808,0.0,0.0,1.257672,3.276579,1.7790332,0,2007
2.270055,3.0158005,3.196123,3.601245,0.0,2.897297,0.0,0.32235652,0.0,0.074450135,1.2636952,0.29800177,0.0,0.64480335,7.748399,1.7099792,0,2007
1.275511,0.47970486,0.478473,0.91656905,1.1526226,1.4043823,0.0,0.65318716,0.0,0.74320775,0.31431416,0.0,0.55382216,0.29600888,0.0,1.8721136,0,2007
0.6674772,0.7330349,0.88079464,0.041095912,0.64145625,0.9475354,0.0,1.3281989,0.0,0.50593483,0.35986513,0.28576198,0.0,0.0,0.0,1.52004,0,2007
0.5748383,0.7862991,0.9000396,0.5026265,0.56443584,1.9709963,0.0,1.4638207,0.0,0.05499959,0.0,0.0,0.17270973,0.7419861,0.0,1.1171682,0,2007
0.8695643,0.66208607,0.2846613,0.30301562,1.5635138,0.98471963,4.1708302,1.174463,3.4321215,0.37463057,1.3215866,0.0,0.661809,2.0525882,0.0,1.2864584,2,2007
0.8631346,0.93351233,1.6007154,0.9231646,1.454845,1.649596,0.20031676,1.7185494,0.7326769,0.23703861,0.0,0.0,2.1838326,1.0046433,0.0,1.3659458,0,2007
0.72593534,0.23849314,0.6638965,0.15884578,0.4589308,0.4869585,0.0,0.0,0.0,0.64609325,1.3916745,0.0,0.0,0.47777393,0.77604276,2.114291,1,2007
1.8356932,1.2764072,1.6179788,0.818578,1.4284157,0.0,0.0,2.2117555,0.57519996,0.0,0.9790952,0.0,1.6556442,1.1640352,0.0,2.274733,2,2007
0.5461246,1.7004303,1.4697741,0.85404676,2.4100723,1.8325789,2.3758893,1.4044431,1.5874419,0.39982182,0.79969513,0.0,2.038838,0.8703862,0.0,1.080911,1,2007
1.7790265,0.78087056,0.33594882,1.0953832,2.0574577,0.399167,0.5236317,1.2416679,2.1574543,0.0,1.1832993,0.0,2.6190214,1.1304796,0.0,2.0003004,2,2007
0.0,0.7340133,0.18140149,0.0,1.2747909,0.12842834,0.0,0.16146594,8.413811,1.1113169,0.043355227,6.605267,5.8215613,0.2107659,0.0,1.8791873,0,2007
0.83028716,1.953049,1.348414,1.2238829,2.31233,0.8930312,2.6171894,1.9773366,2.0619988,0.08270627,0.7998588,0.0,2.288975,1.7703571,0.0,1.5140566,2,2007
1.2871522,0.772338,1.9138509,1.2059904,0.0,0.6112859,0.0,1.4176381,0.0,0.10956943,0.6545588,0.0,0.0,1.8850567,3.5610156,2.2479203,0,2007
1.4521136,0.5297586,1.096243,0.40870246,0.9507129,0.62315047,0.0,1.2116041,0.0,0.5210846,0.25952488,0.0,0.31432348,0.19700605,0.0,2.129135,0,2007
2.2970445,2.2293897,3.2072313,2.9840157,0.0,2.8242295,0.0,0.227359,0.0,0.5055219,1.689841,0.6699157,0.0,0.37952745,8.186086,1.4623482,0,2007
1.0626972,1.6052942,0.84045154,1.0881077,2.0209632,1.7630811,2.0345185,2.1924644,1.5817015,0.49423546,0.20178339,0.0,1.4539053,0.51260245,0.0,1.1345847,0,2007
1.2464193,0.5812571,2.0542474,0.05868846,0.66412205,2.3641605,0.0,1.5459046,0.0,0.43615243,0.0,0.2408275,0.07889825,0.18239605,0.0,1.0205709,0,2007
0.59322214,0.9270905,0.41182277,0.6761082,1.5019275,2.1203666,0.0,0.0,0.0,0.72065943,0.7569261,0.0,0.0,0.0,0.0,1.5673136,0,2007
1.2855881,1.1018388,0.4017614,0.55756104,1.8140017,1.1119032,0.44945145,1.2405931,1.188463,0.03313017,0.90304244,0.0,0.847824,0.0,0.0,1.2391591,0,2007
0.5821428,0.6963699,0.5971633,1.0435035,0.870206,1.5072526,0.0,0.7395386,0.0,0.0,0.591271,1.743439,1.0236999,0.41032895,0.0,1.2498503,2,2007
0.9840374,0.62094355,0.42907283,0.16844934,0.0,0.4775211,0.0,1.2446367,0.0,0.59759265,1.8648112,0.7238118,0.0,0.54159784,3.568412,1.8256729,0,2007
0.8048763,1.2641705,1.6198664,0.30382812,0.253201,1.4159596,0.0,1.7155961,0.0,0.5196051,0.0,0.0,0.0,0.597286,0.14321855,1.494276,0,2007
1.4839537,0.34543467,0.7100065,0.0,1.2961645,1.1028202,0.0,0.21471763,0.0,0.7706772,0.9659107,0.57564247,0.0,0.0,0.0,1.7081627,2,2007
2.0306888,0.81212634,0.10628444,0.39586428,1.010376,0.3156126,0.0,1.5336449,0.9215293,0.0,1.1987975,1.2684021,0.75667727,0.030900776,0.0,1.7791605,1,2007
0.9780912,0.91463196,0.49087828,0.39578158,1.2456334,0.37731534,0.0,1.260388,0.9403339,0.21376365,1.1021292,1.1283674,1.0214313,0.0,0.0,1.4381425,0,2007
0.84084743,1.593174,1.3871702,0.53352547,1.6762676,1.5216743,4.0421715,2.3032017,3.0678408,0.23335171,0.94011164,0.0,1.3926698,2.2529576,0.0,1.0447568,2,2007
0.65390927,0.5178778,1.5357766,0.97698224,0.0,1.3330511,0.0,0.2775265,0.0,0.0,0.49031278,0.0,0.0,1.6451619,2.5784583,2.0233524,0,2007
0.8355558,1.8416774,1.1805483,1.6165651,1.5519204,0.77498406,0.0,2.3912477,0.6727712,0.0,0.58872795,0.0,1.6702633,0.6629777,0.0,1.7240379,0,2007
1.7020078,0.91952294,0.5047927,0.71943325,2.0082412,1.2262613,0.54296196,1.4633385,2.1984267,0.0,0.6890011,0.0,2.4320269,0.9696958,0.0,1.5237238,2,2007
0.93590117,1.2723653,0.21158493,1.1675377,1.6832271,0.79138494,0.0,1.4046872,0.2470413,0.572672,0.70229995,0.0,1.5395241,0.51874983,0.0,1.9439785,0,2007
0.8295703,0.6804774,0.4069805,2.0968285,1.2996274,0.7080851,0.0,1.1863096,0.0,0.46564946,0.2466369,0.0,2.0129259,1.319704,0.0,2.2997725,0,2007
0.65740097,0.8981502,2.132451,0.8502989,1.6130002,1.5431805,0.5677551,0.9676355,1.4651251,0.06110382,0.02001077,0.73090094,3.2781155,1.646612,0.0,1.4912691,0,2007
1.3760691,0.60909617,0.35221136,0.62101746,0.0,0.0,0.0,1.7521257,0.0,0.048058033,1.2906501,0.0,0.0,0.4629632,1.1828485,2.3524036,0,2007
0.7911423,0.95797074,0.69470364,1.1145418,1.5135455,1.4357202,0.0,1.2230988,0.36054325,0.46530676,0.25388372,0.009416603,1.2640396,0.05564636,0.0,1.3522449,1,2007
1.2370259,1.5206025,1.3569142,0.8678026,1.992673,1.4116423,0.17165051,1.9480782,0.004022807,0.40219164,0.021492839,0.0,1.883884,1.494843,0.0,1.7378235,2,2007
1.3928212,1.2835817,1.0234774,1.1695364,0.4138567,0.58807915,0.0,2.221507,0.48295307,0.49220684,0.02628398,0.6554292,1.056848,0.2523834,0.0,2.0460715,2,2007
1.5972711,0.67432743,0.93567854,0.8790035,0.7961284,0.96392876,0.0,1.6547309,0.0,0.53152704,0.0,0.0,0.6474761,0.7631602,0.0,2.1380403,1,2007
1.5816059,1.0795305,2.4138215,0.24426112,1.4542657,2.2679732,3.4758382,2.0419302,2.3478627,0.20476896,0.0,0.0,1.3146493,1.3282815,0.0,1.2179337,2,2007
1.1440248,1.0933592,0.72197074,1.2485955,1.9190613,1.3152926,0.33287972,1.6451886,1.3829226,0.0,0.44126433,0.0,2.3404987,0.88319564,0.0,1.4747734,1,2007
1.4486523,0.6398735,1.040138,0.6554356,1.149425,0.96355206,0.0,1.1893493,1.6268618,0.0,0.17643014,1.3313543,1.7732999,0.16641915,0.0,1.5169585,1,2007
0.97016716,1.3557382,1.5979849,0.42930108,1.0582242,1.0526423,0.0,1.3354201,0.0,0.46157455,0.088586986,0.0,0.19811532,0.2720856,0.0,1.7983968,2,2007
1.3967433,0.62332827,1.4081669,0.6871579,1.4770916,1.5821221,0.8086507,1.4992077,3.2312245,0.18623286,0.0,0.9947388,3.4278548,1.175184,0.0,1.3630145,2,2007
0.8569611,1.403599,1.8593428,1.049313,2.0320144,1.7651564,1.8897501,1.616951,1.5421097,0.13201827,0.07801664,0.0,3.217223,1.8192415,0.0,1.5218666,2,2007
1.3902298,1.0333087,1.8324511,0.9096525,1.2985497,1.4287508,3.5560744,2.177209,4.3735156,0.0,0.037048697,0.0,2.803039,2.1054626,0.0,1.597662,2,2007
0.9136699,0.923517,0.83845115,0.0,0.5155821,0.8847081,0.0,0.44546992,0.0,0.6134695,1.9824932,4.33046,0.0,0.0,0.0,1.2656281,2,2007
0.42310417,1.0750628,1.7306445,0.9817889,0.0,1.0253206,0.0,0.5061555,0.0,0.11288154,2.73466,0.0,0.0,0.5717469,5.5827813,1.387037,0,2007
0.41355684,0.19496363,0.40370202,0.6217659,0.0,0.23938817,0.0,0.21187478,0.0,0.7214612,2.1191957,0.0,0.0,0.0,3.6628675,2.0104878,0,2007
0.23813307,1.0487418,0.38769442,0.1224373,1.3658773,1.4176986,0.0,0.0,0.0,0.72813183,1.7970824,3.0083992,0.20863482,0.0,0.0,1.0699842,2,2007
0.53556365,0.8665386,0.0,0.87247586,1.3216007,1.7331595,0.0,0.19688118,0.0,0.55793524,0.7452814,0.0,0.3352169,0.23822528,0.0,1.6830664,1,2007
0.0,0.70795745,0.17154479,0.3862687,0.0,1.0027407,0.0,0.26448202,0.0,0.31096375,1.4273957,1.6475102,0.0,0.09576714,0.96925765,1.5586073,0,2007
0.7992428,0.5227017,0.6255019,0.27430844,1.8110201,1.154943,0.0,0.0210796,0.0,0.6281081,1.3347499,0.36377114,0.72654456,0.67788374,0.0,1.6384946,1,2007
1.559381,0.93147004,1.302737,0.4171176,2.0827603,1.7002554,1.6320013,1.3984611,2.3949633,0.28692085,0.40609503,0.0,2.4688776,1.0914587,0.0,1.2606022,1,2007
0.90317154,1.0128119,0.3887745,1.0697969,1.6500504,1.0077143,0.08471484,1.2838424,1.2295797,0.46118814,0.6266501,0.22714132,2.2781637,1.023353,0.0,1.7145267,0,2007
0.5856297,1.4926177,1.2687416,1.2973765,1.8953099,1.645445,1.507387,1.7328323,0.837634,0.37557805,0.0,0.0,2.1317875,1.0603259,0.0,1.5058649,0,2007
0.5780911,1.4606442,1.5292288,0.19267207,0.21338597,1.854697,0.0,1.1519393,0.0,0.11234957,0.035498142,0.2796266,0.0,0.49717912,0.2092306,1.3173351,0,2007
1.2603209,0.9890179,0.0,1.2034438,0.98339736,0.6300838,0.0,1.759593,0.0028330088,0.5982114,0.5455692,0.0,0.811517,0.25680816,0.0,1.9754708,0,2007
0.87629175,1.028388,0.04244876,1.1351991,1.6963364,0.8878636,0.0,1.2044562,0.2377021,0.53772354,0.97190255,0.0,1.3555179,0.52269435,0.0,1.6719859,1,2007
0.7127672,0.99959207,1.3102612,1.3491466,1.3702385,1.4113417,0.0,1.6568239,0.0,0.49109688,0.0,0.0,1.3378626,0.85809064,0.0,1.7414145,0,2007
0.89006525,1.278868,1.1332343,1.7599742,0.0,0.6495725,0.0,0.0,0.0,0.69609624,1.2903235,0.0,0.0,0.0,4.167742,2.53625,0,2007
0.48163256,1.0876567,0.72060716,0.63005555,0.9034413,1.301392,0.0,1.2603391,0.0,0.6187234,0.27996513,0.0,0.21506396,0.14403325,0.0,1.5482358,2,2007
1.1776724,0.6440202,0.7591964,0.1911386,0.5617362,1.3304446,4.66611,1.92506,5.999912,0.0,0.30658585,0.0,2.0919173,3.0090642,0.0,1.514849,2,2007
1.9131566,0.13797522,0.39320594,1.281975,1.3453019,1.4046509,0.0,0.9977542,0.0,0.53161705,0.23286423,0.3194276,2.2491813,1.627182,0.0,2.0634496,0,2007
0.9151497,0.9198189,0.0,1.0168213,0.8621744,0.037755907,0.0,0.6886606,0.0,0.41645205,1.6509295,0.0,0.0,0.5355532,0.0,2.5776362,0,2007
1.3069997,0.7055657,1.6087016,1.1840873,1.6758059,1.7548078,0.118043005,1.7347629,0.29665333,0.1760202,0.0,0.0,2.5784328,1.6582763,0.0,1.5544152,1,2007
0.93354005,0.76118636,0.68337023,0.0,0.19093013,0.5639427,0.0,0.9521638,0.0,0.6808114,0.836577,0.23735172,0.0,0.0,0.25213122,1.986233,0,2007
1.1892306,0.86073714,1.958842,0.803986,0.94261074,1.0608163,0.0,1.4417496,0.0,0.30593914,0.0,0.0,0.7044695,0.56959945,0.0,1.8059425,1,2007
0.7387681,1.2095357,1.7968707,0.57716024,0.0,0.6357387,0.0,1.4378315,0.0,0.453156,0.19539768,0.075602144,0.0,0.031359315,2.3041582,2.0549717,2,2007
0.6672252,1.3410807,0.2816099,0.5281408,1.1569234,1.6118569,0.0,1.3637204,0.0,0.88852996,0.18011868,0.0,0.26250848,0.012632012,0.0,1.5394461,2,2007
0.72074586,0.56092286,1.8454988,0.2591721,0.0,0.79538906,0.0,1.6090953,0.0,0.3636916,0.5626094,0.0,0.0,0.1530909,1.853154,1.6215656,0,2007
0.024484992,1.3036218,1.5860652,0.021609128,0.61230385,1.3042083,0.0,0.86247593,0.0,0.0,1.8072376,3.6474686,0.0,0.28870273,0.0,0.7971902,0,2007
1.3040284,1.8434458,2.5726633,0.5491953,1.7034714,2.1015499,3.6631422,2.660207,2.208747,0.008633673,0.21320668,0.0,2.4911764,2.7904334,0.0,1.2670038,0,2007
1.199904,1.5341433,1.7790719,0.26208997,1.9116014,2.5567422,1.9089607,1.857062,1.6995013,0.0,0.15117517,0.0,1.7266755,0.652825,0.0,0.80607414,2,2007
1.0714619,0.8717227,0.3406883,0.82182974,1.4271576,1.0312511,0.0,1.0173913,1.3020432,0.0,0.6657189,0.46131092,1.7202635,0.460888,0.0,1.6210297,2,2007
0.9686542,1.0145996,0.742608,0.62294453,2.1767435,1.0520296,0.16830279,1.2722788,0.81439257,0.31496453,1.1662228,0.0,1.7926376,0.86616576,0.0,1.2696306,2,2007
1.2545435,0.4710228,0.82365304,0.6779495,0.7098931,0.4755175,0.0,0.9921631,0.0,0.43766338,0.6657824,0.7836183,0.2491951,0.15847111,0.0,2.0351553,1,2007
0.985646,1.0574952,1.7366662,0.8755952,1.5267189,2.0311515,0.0,1.6698622,0.0,0.42935693,0.0,0.0,1.2595667,1.1448982,0.0,1.3797084,1,2007
1.6251235,1.0258267,0.0,0.9690436,1.7662276,0.1461525,0.0,0.7619724,0.1457943,0.24345905,2.2135587,0.0,0.8759507,0.47983074,0.0,2.3044755,1,2007
0.39493984,0.77377486,1.2450967,1.2329066,1.2575495,1.7171681,0.0,0.8249116,0.38123074,0.41479856,0.0,0.21744189,2.0526264,0.85136765,0.0,1.4917352,2,2007
0.6722588,1.6457803,0.8069597,0.82824326,2.5405602,1.2942612,1.2375299,1.3114319,1.0216665,0.42586264,1.1194754,0.0,1.5473553,0.66242826,0.0,1.0778319,1,2007
1.2826116,1.0240349,0.0,0.8472087,0.9782928,0.36449897,0.0,1.6374764,5.5736837,0.1608774,0.04363507,2.6807864,3.8492343,0.93303865,0.0,2.01487,0,2007
1.3545849,0.5283786,1.5090141,1.0812215,0.0,0.49146402,0.0,1.969949,0.0,0.23456484,0.0,0.0,0.27383742,1.1711553,0.280655,2.2823682,0,2007
1.6484251,0.9964658,1.1181595,0.48214394,2.3123233,1.3360763,1.9963183,1.2882986,1.2368731,0.20270485,0.8717108,0.0,1.7002561,1.5744095,0.0,1.4100165,1,2007
0.36903608,1.1388683,1.0328969,0.66416496,1.5305157,1.5133144,0.0,0.9970702,0.0,0.5720745,0.40576127,0.0,0.8826186,0.4685404,0.0,1.3424908,2,2007
0.46152416,0.7459001,1.1563022,0.78917104,1.391896,1.70655,0.0,0.5289142,0.0,0.66727823,0.121849924,0.0,0.5930769,0.25569773,0.0,1.5207993,0,2007
1.1304843,1.124879,1.7134968,0.0,0.76480937,1.6556176,0.0,1.5429852,0.0,0.0,0.26883358,1.3757217,0.0,0.0,0.0,1.0691258,0,2007
0.843605,1.2008317,1.5552496,1.4618325,0.5084576,0.8642721,0.0,1.6676332,2.0572176,0.0,0.0,0.9092117,1.9761214,0.23954523,0.0,1.837001,0,2007
0.9592865,0.44622684,1.6845022,0.4841978,0.01923877,1.3911575,0.0,0.54817694,0.0,0.6565633,0.0,0.09682006,0.0,0.06670767,0.36422455,1.9295018,0,2007
1.4404627,1.4566249,2.5080526,0.4392858,1.9039712,1.9259539,0.9951226,2.3145306,1.3447161,0.09529632,0.36719424,0.0,2.040019,0.92154866,0.0,0.88592863,1,2007
0.37120518,0.32756948,2.0116978,1.3411994,0.0,1.0639756,0.0,1.3362076,0.0,0.098450005,0.0,0.0,0.0,1.4253794,1.6673386,1.7675791,0,2007
1.6628354,2.269861,2.9583814,2.7819662,0.0,2.2852664,0.0,0.26623845,0.0,0.04221964,1.8667457,0.0,0.0,0.12520933,7.812033,1.5099618,0,2007
0.0,0.9380625,1.1455652,0.071858644,0.1900664,1.434158,0.0,1.147323,0.0,0.0,0.21241555,0.21920842,0.0,0.21701092,0.10067196,1.082649,0,2007
0.6680785,1.0059922,0.53366446,0.36571464,0.0,0.19978619,0.0,1.6006393,0.0,0.66172916,1.3486367,0.06227901,0.0,0.027727425,2.3405113,1.9537623,0,2007
0.8901991,1.0278021,0.51696414,1.1938559,1.9083726,1.6408937,4.187034,1.472117,2.5041354,0.13768786,1.0135846,0.0,2.3068676,3.0080884,0.0,1.4483141,2,2007
0.8103144,0.94318247,0.20430708,1.3150014,0.76965636,0.9044347,0.0,0.69934267,0.0,0.2646457,0.46564722,0.0,0.34788975,0.6761103,0.0,2.2346191,2,2007
1.1487399,1.0690917,0.39242053,0.20049939,1.230826,1.083832,0.0,1.3219154,0.13827112,0.03565198,0.93911743,0.30835277,0.5403329,0.19913942,0.0,1.4009998,1,2007
1.1579388,0.5088128,1.5196931,0.35054103,1.2330525,0.99072224,0.0,1.484628,2.1302516,0.07092357,0.03638816,1.4275299,2.6481438,0.95780414,0.0,1.4169793,1,2007
0.923516,0.9317257,0.8594964,0.060082912,0.0,0.058612287,0.0,0.9420157,0.0,0.6685801,1.1738381,0.0,0.0,0.0,3.0606687,2.3192124,0,2007
1.664914,1.8924628,1.8579257,2.1068308,0.0,1.108345,0.0,0.399189,0.0,0.56497014,1.7879684,0.27280274,0.0,0.0,6.217291,2.1684792,1,2007
0.76524377,1.3094376,0.0,1.1939358,2.07116,2.0344787,0.44289017,1.1913947,0.1979698,0.96981114,0.39631546,0.0,1.5159686,0.704454,0.0,1.4599097,1,2007
1.4326825,0.81510127,0.38355148,1.3025309,1.5472724,1.5097333,0.26407066,1.3954562,1.1240273,0.0,0.23974162,0.0,2.0559282,0.92012167,0.0,1.5635266,1,2007
0.99776685,1.3495439,0.43407136,1.1908514,2.1724505,1.6427318,0.51507455,2.1412294,0.8822627,0.24250865,0.7686443,0.0,2.802791,1.951962,0.0,1.1884403,0,2007
2.1962118,1.1786258,0.7861031,0.83231485,1.9133564,0.9931303,0.0,1.7588489,0.0,0.63502026,0.026141286,0.0,1.4394317,0.20866871,0.0,2.6027045,1,2007
1.1014833,1.4244739,1.7460153,1.2932242,1.6482782,1.5462692,3.8269699,2.098882,2.4226868,0.0,0.12648234,0.0,2.7145305,2.759541,0.0,1.698122,1,2007
0.8388649,0.47402084,1.2846203,0.9527416,0.85614914,1.7290369,0.0,0.19742543,0.0,0.66708344,0.0,0.5721043,0.5292438,0.28761655,0.0,1.7216101,0,2007
0.24634898,0.09664476,0.6129269,0.11266446,0.0,0.06186211,0.0,1.0849373,0.0,0.5450904,2.1091971,0.0,0.0,0.003658712,3.2835114,1.6084108,1,2007
1.688742,1.1286955,1.0253485,0.18721366,1.9962219,1.5584651,2.686777,1.6229265,1.5580175,0.3704593,0.45191574,0.0,1.1916342,1.6839507,0.0,1.3866516,2,2007
0.62655926,1.5654042,0.817645,1.4079158,1.4445179,0.6738861,0.0,1.8669679,0.50182927,0.4630379,0.42468977,0.0,1.2401017,0.21934319,0.0,1.7528886,2,2007
1.0780482,0.94343257,2.1430573,0.42303094,1.9692601,1.7342155,0.75271064,1.3674206,0.53871703,0.12660432,0.32167768,0.0,1.8045571,0.97785497,0.0,1.1393049,2,2007
0.66848254,1.2585722,1.6967846,0.9315214,2.3058462,2.0524282,1.4689937,1.1939675,0.5226345,0.25759465,0.40106976,0.0,2.3983543,1.2152036,0.0,1.2077518,0,2007
0.0,0.47601599,1.1028852,0.5156666,0.38731527,0.93467176,0.0,0.5983759,0.0,0.0,0.7845127,0.13185681,0.15760034,1.1814114,0.28095663,1.3335391,0,2007
0.58594334,0.9831446,1.8487484,0.79882014,0.937763,1.8018775,0.0,1.7521017,0.5059067,0.36175913,0.0,0.11369912,1.2672441,0.20807642,0.0,1.1451905,2,2007
0.64849174,0.43819043,0.81939936,0.21868461,0.0,0.34737486,0.0,0.54337126,0.0,0.51921237,1.3631372,1.0658668,0.0,0.5155779,2.7918074,2.0634181,0,2007
0.9787181,0.71429116,1.2647563,0.0,1.3246192,2.3927264,0.0,1.0570552,0.0,0.31421092,0.0,0.0,0.0,0.17430323,0.0,1.0274078,0,2007
1.6496983,0.12662339,1.0530137,0.0,0.59883165,1.8346317,0.0,0.90268356,0.0,0.24538165,0.09693605,0.0,0.0,0.10714519,0.0,1.4375747,0,2007
1.2223593,1.0345433,1.0003417,1.4782782,0.53808427,1.043852,0.0,1.8882637,0.0,0.54652226,0.0,0.0,0.85420275,0.89310294,0.0,2.275639,0,2007
1.0556632,1.1539232,1.5738884,0.71480846,2.0663462,2.0844536,1.2176201,1.7320246,2.5702384,0.06419605,0.49944156,0.8484144,3.986469,1.9518435,0.0,0.9808159,0,2007
1.3856318,2.1826792,1.2601346,0.42386323,1.981568,1.287663,3.0890791,2.8570874,2.585491,0.28843886,1.1084293,0.0,1.7894969,2.749143,0.0,1.0931152,2,2007
1.1977029,1.1688583,1.7114192,0.80952615,1.2513853,0.48443937,0.0,1.7748532,0.24098396,0.09232867,0.41119516,0.0,1.2164191,0.81642663,0.0,1.8458055,2,2007
0.0,0.4290571,1.9385511,0.0,0.30291283,2.0279555,0.0,0.16543132,0.0,0.25104308,1.3004346,0.92862296,0.0,0.46099195,1.5234345,0.58421606,2,2007
1.0753124,0.95615053,0.1568132,0.849355,2.2895312,0.70712006,0.0,1.2369351,0.030028582,0.446737,1.8983691,0.0,1.5091531,1.266047,0.0,1.5769169,0,2007
1.0009685,0.9226771,0.88949037,0.47093308,1.3668259,1.1089358,0.0,1.7229195,0.92905164,0.2651121,0.53358513,0.5992669,1.5712342,0.6086216,0.0,1.2837445,2,2007
1.4192408,0.80883116,0.9773243,0.811201,1.998816,1.2057234,0.34570393,0.7733178,0.0,0.5447318,0.5102062,0.0,1.455303,1.3892229,0.0,1.9539425,1,2007
1.2662562,1.4952793,1.4783291,0.7993115,1.7920458,1.1082399,0.67645234,2.2679324,2.1353106,0.15789783,0.5577513,0.02912186,2.6079373,1.1048408,0.0,1.312602,2,2007
1.3640435,1.7099404,1.2828089,0.4370244,1.4505112,1.4392934,0.0,2.6950526,0.0,0.49736848,0.26826677,0.0,0.8216472,0.8832356,0.0,1.4864892,1,2007
1.0515907,1.1489705,1.045425,0.84943366,0.5838217,0.6875813,0.0,1.8141875,0.0,0.5103191,0.37063476,0.0,0.0,0.31985992,0.0,1.8714468,1,2007
0.63392234,0.8852474,0.0,1.4456918,1.0981605,0.6910902,0.0,0.82697934,0.0,0.2711602,0.8623541,0.0,0.59380877,0.5467316,0.0,2.104196,1,2007
0.0,2.0215204,1.5217025,2.103356,0.9726099,1.1478926,0.0,1.9830713,0.0,0.29243976,0.0,0.0,1.326324,0.7832438,0.0,1.471036,1,2007
1.1623176,0.60662717,1.7682226,0.6348832,0.11440474,0.4961519,0.0,1.5155617,0.0,0.4092974,0.1225974,0.0,0.0,0.0,0.68310577,2.0553296,1,2007
1.0848585,0.793781,1.8655432,0.46943069,0.0,1.2431107,0.0,0.5127839,0.0,0.48606682,0.39854583,1.9414464,0.0,0.30293804,2.6046581,1.9276444,1,2007
2.9600704,3.2877622,4.0489197,2.6741006,0.0,1.4637923,0.0,1.1231494,0.0,0.5942466,0.0,0.0,0.0,0.0,4.1079245,3.3040853,2,2007
0.2806732,0.78213423,0.78063047,0.95631427,1.0335686,1.4238386,0.0,0.6025756,0.0,0.6808646,0.24640092,0.0,0.548142,0.33009908,0.0,1.6745652,0,2007
0.7551572,0.9385741,1.740089,0.37205207,1.9801564,2.3894317,1.217266,1.2947723,0.07033388,0.31862074,0.52128744,0.0,1.7051876,1.3582025,0.0,0.86656636,1,2007
1.5592444,0.6495591,0.091073275,0.5107183,0.82026744,0.16796136,0.0,0.5788438,0.5076553,0.0,1.3145866,1.6579086,0.49830416,0.053627074,0.0,2.043709,2,2007
0.4746151,0.46314555,0.33706003,0.0,0.22691825,1.2786115,0.0,0.36912048,0.0,0.84635776,1.2809235,0.53707415,0.0,0.5031545,0.77542377,1.5675296,0,2007
1.6433752,1.0214224,0.0,0.72930974,1.9499935,1.1824192,0.4170549,1.0234468,0.8318008,0.31390196,1.2201682,0.0,0.91260934,0.28722382,0.0,1.5846868,1,2007
3.1263475,3.857222,3.3010046,2.0528095,1.298531,2.6456594,1.3323188,0.45861408,0.0,1.0212554,0.0,0.0,1.1896505,0.0,0.9237178,2.2772207,2,2008
1.0444977,0.5754934,1.20268,0.6639736,1.725121,1.3862866,0.09869233,0.908864,0.12442605,0.96009165,0.22350377,0.0,1.2546525,0.28418797,0.0,1.2413352,2,2008
1.7801754,0.054638326,0.49732015,1.2020476,1.6388324,0.63047487,0.346145,1.0747932,1.3951776,0.0,0.53330946,0.0,1.5607847,0.0,0.0,1.6973424,1,2008
1.2430344,1.4042878,0.7533729,0.8770622,0.27056953,0.56434155,0.0,1.8112826,0.0,0.9794045,0.23170003,0.0,0.0,1.1983709,0.0,2.0022688,0,2008
1.160605,1.1143808,1.2988065,0.663834,1.3195606,1.280961,0.0,0.97357637,0.0,1.0397542,0.0,0.0,0.6729632,0.57273823,0.0,1.5234505,2,2008
1.156952,1.2368422,1.6958234,0.44180605,1.6569872,1.7708106,1.2534099,0.25979376,0.4242779,0.61245793,0.0035351515,0.0,0.833115,0.21048689,0.0,1.349024,0,2008
0.7518268,0.7520653,1.1442078,0.5926446,1.485507,1.4291475,0.0,1.2078328,0.0,0.9909723,0.25536853,0.0,0.87498087,0.656404,0.0,1.2166274,2,2008
0.34806716,0.62521803,0.34015292,0.7896637,0.0,0.49052083,0.0,2.181179,0.0,0.7297037,1.4498687,0.0,0.0,2.1458137,1.5269035,1.2926569,0,2008
0.0,0.30883932,0.4791412,0.95903563,0.0,0.8988086,0.0,2.249134,0.0,0.26222998,2.514342,0.0,0.0,2.585651,2.9396012,0.5940056,0,2008
0.19493288,0.715635,0.49294946,0.9497356,0.0,0.7083853,0.0,2.2070966,0.0,0.25310802,2.1723557,0.0,0.0,2.5561242,2.5399148,0.96705204,1,2008
0.028654218,0.7739293,2.2473164,2.6549778,1.5138199,0.6959092,0.0,3.1738858,1.557543,0.23928195,1.0702072,0.0,3.428934,0.52216,0.1497741,0.7282126,2,2008
0.7928442,0.45987523,0.59339225,3.7547016,1.2029957,1.1206832,0.0,2.0882099,1.5710895,0.40966794,0.0,0.0,3.0523248,0.0,0.0,1.5464218,1,2008
1.1048481,0.76238054,0.88859123,0.6494421,1.0612954,1.0059874,0.0,1.0673616,0.0,0.87460905,0.2798648,0.66298354,0.9558214,0.35473925,0.0,1.2955321,0,2008
0.5291718,1.7552202,0.46314666,0.2478559,0.8918822,0.60804045,0.0,0.21555907,0.0,0.32735598,1.7639029,0.0,0.0,1.3527882,0.2307828,1.7592282,0,2008
0.0,1.5870233,0.24864489,1.4356104,1.7236053,1.8791847,3.1023083,0.36273766,1.9351394,1.5192473,0.67906415,0.0,0.11779302,0.0,0.0,0.9271808,1,2008
1.1723418,2.28975,3.343074,0.7888767,1.4842728,0.82632565,2.7678833,2.6861095,3.0632675,0.2966823,0.7970162,0.0,0.17066196,0.025230527,0.0,0.9402012,2,2008
0.0,1.5333054,0.7916179,2.2391934,1.7829555,0.0,0.0,0.0,0.0,0.87285215,1.5735697,0.3974002,2.0922701,0.32066756,0.0,1.7673402,0,2008
1.1226454,1.9715884,0.010548711,1.2619363,0.5878296,1.2860862,0.0,0.2600898,0.0,1.2397015,0.14993507,0.7859033,0.0,0.15880841,0.0,2.106519,2,2008
1.4704962,1.8294281,0.7429193,0.55072856,0.5368242,0.9950924,0.0,0.0,0.0,1.4079776,0.7334399,2.0789256,0.0,0.87171507,0.0,2.4154584,2,2008
1.6710091,3.2102904,0.22662783,0.014678121,0.49795246,1.5182958,0.0,0.27327204,0.0,1.959491,1.2547414,1.1483788,0.0,0.20097607,0.21746455,2.207264,1,2008
0.9930532,2.1893172,0.7769713,0.0,0.46177936,1.1008675,0.0,0.97285926,0.0,1.196522,0.692164,1.9160546,0.0,0.46048164,0.0,1.4307587,0,2008
0.8944347,1.1495144,2.6967683,2.0236838,1.7587652,1.1774272,0.29964656,2.509372,1.2769492,0.0,0.14761257,0.0,2.8720298,0.71622866,0.0,1.0603654,0,2008
0.2980447,0.0,0.4787631,0.92838335,0.46355712,0.9172323,0.0,1.6214054,0.6725875,0.0,1.3157736,0.4799648,1.5240585,1.4747815,1.0246652,0.72145474,0,2008
0.49849814,0.48981357,1.1361945,1.3785799,1.735099,0.6387395,0.0,0.35588634,0.0,0.34025913,0.7850661,0.0,1.720423,1.0741248,0.0,1.7434105,0,2008
0.0,3.1170535,1.0024073,1.5546955,2.3936791,0.7785533,1.2348236,1.4628301,1.4778333,1.1660169,1.1454749,0.0,0.99557805,0.0,0.0,0.7007593,1,2008
0.25545955,1.1541163,1.1228102,1.4962196,2.2697306,0.34656262,0.0,0.83658314,0.11497477,0.9609663,1.0862961,0.0,2.019154,0.44537902,0.0,1.5725176,1,2008
0.68959624,3.3191876,0.8978261,1.1015509,2.0604696,0.8412916,1.2957065,0.0,0.6511907,1.7108355,1.3724742,0.0,0.0,0.0,0.0,1.4868703,0,2008
1.7511919,0.0,1.1569184,0.9081162,0.15503222,1.9336331,0.0,2.3851988,0.0,0.6799837,0.0,0.0,0.7683621,2.3256462,0.0,1.2612963,0,2008
0.4437753,0.8027668,1.1059117,0.88248116,1.0902892,0.4186528,0.0,1.7025198,0.0,0.6108654,0.83251256,0.0,0.99795604,0.89249897,0.0,1.2730196,0,2008
1.1607788,0.0,0.8074243,1.4615502,1.4759564,1.8417759,0.0,1.6058594,2.706651,0.2906348,0.0,0.95905566,3.4783955,0.19555372,0.0,0.81463915,0,2008
0.428047,1.0897043,0.5410539,0.96423626,0.0,0.2490449,0.0,1.723464,0.0,0.6679095,1.6939595,0.0,0.0,2.4169621,2.2006922,1.7020154,0,2008
1.2749156,0.893846,1.1507821,0.6983362,1.2852206,0.7825309,0.0,0.8665919,0.657565,0.0,0.43597174,0.12983339,1.2869232,0.5531566,0.0,1.4727019,2,2008
2.1707892,0.24195972,1.3209212,0.9579328,0.7593885,1.2679219,0.0,0.9507752,0.0,1.0451725,0.0,0.0,0.8421265,1.273338,0.0,2.1947038,1,2008
1.7382524,0.9020555,2.0404754,0.0,1.2833645,2.353488,2.9542167,1.6809862,2.451831,0.6855707,0.0,0.0,0.08727062,0.0,0.0,0.8296405,2,2008
1.4177322,0.503864,1.444186,0.8174648,1.3063263,0.6484158,0.0,2.2142625,0.0,0.68993986,0.5016908,0.0,1.4606265,0.9589263,0.0,1.4724528,1,2008
1.4532133,0.0,1.6568521,0.11973345,0.0,0.89521915,0.0,2.2501118,0.0,0.30596548,0.4634764,0.0,0.40699935,2.1868055,0.6468058,1.1116656,0,2008
1.3906047,0.16955417,1.8624969,0.7008315,1.7906984,1.7924562,0.40203518,1.1866046,0.4277131,0.736446,0.0,0.0,1.8462012,0.58631194,0.0,1.0092957,1,2008
0.88557625,0.15401924,1.2209237,1.0342888,1.970588,1.7377496,0.27075854,1.3006926,0.6740391,0.8192414,0.20761281,0.0,2.1518872,0.3507804,0.0,0.8739863,2,2008
1.1230023,0.81416154,1.216506,0.5166657,1.671923,1.5029426,0.8011364,0.8217477,1.1219158,0.90779245,0.18711656,0.10475291,1.4749292,0.0,0.0,1.0711223,1,2008
0.4339749,0.7761713,0.6458516,0.7299358,0.0,1.1356283,0.0,0.0,0.0,0.15304601,3.790162,1.0966707,0.0,2.7211673,3.6605656,1.1898394,0,2008
0.95725954,0.013178885,0.9792231,0.8976079,0.0,0.5403002,0.0,1.4200425,0.0,0.008654237,2.7989256,0.0,0.0,3.64901,3.9708402,1.359312,0,2008
1.1873423,0.54712063,1.4761434,0.29652044,1.4196341,1.8198311,0.0,1.1341943,0.0,0.42253408,0.0963316,0.0,0.8434655,0.8188142,0.0,1.0245917,0,2008
1.1635234,0.897259,0.42446405,0.84080404,0.6018862,0.92909855,0.0,2.4715164,0.0,1.1011841,0.3261725,0.0,0.17654392,0.6657902,0.0,1.45018,0,2008
1.0319839,0.8449549,0.9055372,1.1231383,1.2887359,0.9790172,0.0,1.3987299,0.024644107,0.4514534,0.01698935,0.0,1.1426516,0.39026278,0.0,1.5079224,2,2008
1.3788898,0.1343801,0.33596647,0.06702751,0.14493138,0.036346376,0.0,1.0883479,0.0,0.8523567,1.2663233,0.0,0.0,1.5717989,0.6368128,1.9778178,0,2008
1.6152602,0.19672185,1.9851848,0.584931,1.6193392,1.7186799,2.8950138,1.2252239,2.13414,0.73888177,0.0,0.0,1.301115,0.52468604,0.0,1.2068732,0,2008
1.2451196,0.21030572,1.1407,0.70196635,1.5896304,2.0797029,0.0,1.6466422,0.0,1.0030093,0.0,0.0,1.2546756,0.45088273,0.0,0.8809639,0,2008
0.88698643,1.64977,0.54596263,0.82789993,1.19156,0.22158903,0.0,1.4047652,0.57889843,0.44363865,0.8422304,0.15600482,0.5927796,0.0,0.0,1.5058727,0,2008
0.7993826,0.6729909,0.5473205,0.8450079,0.0,0.7068176,0.0,2.0411084,0.0,0.6858734,0.83762115,0.0,0.0,2.5381393,1.6263729,1.6322293,1,2008
0.87073946,1.1500258,0.91965926,0.9854604,1.5503109,1.550312,2.165796,0.09211081,1.0638559,1.2888008,0.104038,0.0,0.31537446,0.0,0.0,1.4789835,2,2008
1.5783107,0.802201,2.6549482,0.4718947,1.6026633,2.1392581,2.4973395,2.0853188,2.374906,0.70534027,0.0,0.0,1.8854113,0.4029687,0.0,0.87089133,1,2008
0.65119684,1.1836935,0.91841614,0.6532134,1.3368125,1.5595708,0.0,0.86783344,0.60985315,0.039452672,0.3509313,0.22225708,1.1555722,0.18809539,0.0,0.9373281,0,2008
0.73512167,0.6423875,1.5030913,1.7148674,1.615735,1.6845497,0.7939406,1.8070989,1.3819525,0.7795872,0.0,0.0,2.942034,0.51507485,0.0,1.1274248,2,2008
0.60161823,0.91792476,0.7781352,0.9085947,1.1441892,0.35393274,0.0,0.845651,0.0,0.97040445,0.83187294,0.0,0.6951282,0.8733519,0.0,1.7949982,0,2008
0.39396584,1.6016208,1.3811313,0.41446492,1.4362617,0.710492,0.0,0.59311044,0.0,0.94807386,1.0289416,0.5549036,0.6726918,0.5255374,0.0,1.3377542,1,2008
0.5800074,1.7207247,1.2250504,1.2929976,1.2593079,0.4963627,0.0,1.5323429,0.0,0.9554212,0.0,0.0,1.091672,0.4766033,0.0,1.8073425,0,2008
1.3145168,0.66902083,1.4538152,1.7093656,1.3073109,0.7159215,1.2777033,1.0734489,3.6386483,0.0,0.0,0.049263537,3.0022182,0.5602106,0.0,1.7553723,0,2008
2.58848,3.4335494,2.6392837,2.65801,0.0,2.788938,0.0,0.7562287,0.0,0.40842968,2.8918731,0.5479006,0.0,1.8854082,6.953763,1.023379,0,2008
1.2917857,0.0,0.89105326,1.2347331,1.6333671,2.2049112,0.17070402,1.3561381,0.61514366,1.0055135,0.0,0.0,2.3596349,0.58725893,0.0,0.9882056,1,2008
0.15818161,0.82936656,0.78700054,1.6009136,0.0,1.3514369,0.0,0.45063904,0.0,0.49532282,2.2915602,0.0,0.0,2.7103653,3.2260036,1.4170437,1,2008
1.5204679,0.45759034,0.7932646,0.58376306,1.1391205,1.2837756,0.0,0.6444861,0.0,0.6565147,0.297523,0.0,0.6785102,0.68022877,0.0,1.6496015,1,2008
2.117754,0.4051141,1.1630752,1.0382745,0.94400287,0.97898585,0.0,2.2276218,0.62504864,0.35995364,0.07520342,0.44664133,1.6672862,0.60702866,0.0,1.4593532,0,2008
1.0185901,0.64135057,1.1699953,0.44939286,1.8467873,1.1551887,0.0,1.4570732,0.09357457,0.8663792,0.71124536,0.0,1.1495068,0.35984012,0.0,0.98045176,0,2008
0.68375874,1.3704388,0.85987025,0.19403493,1.1210248,0.63008183,0.0,0.9570759,0.0,1.0980165,0.8641367,0.0,0.0,0.4740184,0.0,1.5765892,2,2008
1.0052204,0.6726471,1.3348761,0.58994716,1.6137525,1.426081,0.3130235,0.6652155,0.8400594,0.75675493,0.6269331,0.76255476,1.748673,0.16040725,0.0,0.90579396,1,2008
1.480041,0.631618,1.3246601,0.18639907,1.4365591,0.9547905,0.0,1.0224601,0.0,1.0299588,0.5917911,0.0,0.4679564,0.97912335,0.0,1.5858862,0,2008
0.9680337,0.878827,1.1319062,0.95969296,1.0291322,1.1097784,0.0,2.208798,0.0,0.9184048,0.07219559,0.0,1.0875334,0.82239,0.0,1.3014857,0,2008
0.32962492,1.0645711,1.0485326,1.2252095,1.4002068,1.3297635,3.56669,1.3706918,3.0892625,0.5383705,0.37516895,0.0,0.65574014,0.0,0.0,0.94916886,2,2008
0.65419495,1.3230189,1.4429319,0.37433317,0.0,0.12753725,0.0,2.0593052,0.0,0.5215417,1.8373003,0.0,0.0,2.710229,2.502255,1.4340354,1,2008
1.1018889,1.4125037,0.81144655,1.0946054,1.4713147,0.0,0.041153386,1.0236613,1.0765283,0.0,1.1690662,0.44881535,1.2188823,0.18578047,0.0,1.5421442,1,2008
1.0166799,1.3588585,1.5913063,1.1417519,1.3072021,0.8884542,0.0,1.2540922,0.0,0.9324763,0.0,0.0,0.9598028,0.8113327,0.0,1.7315491,0,2008
0.1438278,1.0766437,1.0736812,0.48815113,1.0016623,1.357133,0.0,0.5287913,0.0,0.5471399,0.90522,0.0,0.15370741,0.92662394,0.0,1.1201186,0,2008
1.3408544,0.67523193,0.97511655,0.87020326,1.6149375,1.4517055,0.28776687,1.1119704,0.6669045,0.54815215,0.070546865,0.0,1.3614963,0.2729798,0.0,1.2454233,2,2008
0.776221,1.2652353,1.9784256,0.93320644,1.885958,1.3217046,2.3595352,1.3438615,1.568265,0.7226348,0.20364356,0.0,1.8163528,0.7397462,0.0,1.1855499,2,2008
0.9103522,0.84747154,1.8507513,0.3580268,1.4118253,1.7017255,3.5053625,1.2816448,2.9079468,0.80898637,0.21120283,0.0,0.82778025,0.14016992,0.0,0.8754791,2,2008
0.8141891,0.82776546,0.965515,1.3272092,0.49204627,0.38823968,0.0,1.6738214,0.0,0.742087,0.19058773,0.0,0.639369,1.0772116,0.0,1.7281857,0,2008
1.5495203,0.0,0.8140904,1.4362534,0.6718387,1.6625617,0.0,1.818037,0.24505584,0.9206075,0.0,0.66281515,2.307446,1.1868992,0.0,1.4746993,1,2008
0.88703567,0.795185,0.61297095,0.0,0.78775114,1.0798799,0.0,1.5102503,0.0,1.0498441,0.75847435,0.0,0.0,0.6516229,0.0,1.1032308,0,2008
1.45368,0.7091501,1.0744755,0.15989494,0.0,0.438691,0.0,1.083472,0.0,0.85045445,4.145613,0.61275953,0.0,2.5552464,4.945539,1.1836408,0,2008
1.2758962,1.1585809,0.781278,1.2173991,0.0,1.2323647,0.0,0.7702902,0.0,0.71795315,3.9358475,0.26137972,0.0,1.8202165,5.530292,1.0910393,0,2008
0.15232491,0.7445582,0.8260416,0.3373938,0.7330612,1.468929,0.0,0.7158485,0.0,0.5763118,0.9153122,0.0,0.0,1.0451998,0.09785322,0.90126634,0,2008
1.1708522,0.01129806,0.8192219,0.46836916,1.6766548,2.2273645,2.38295,0.22322422,2.559141,1.2374046,0.25788966,0.0,1.5585408,0.0,0.0,0.9243408,2,2008
1.150203,1.113198,1.1899401,1.260088,1.5520067,0.87188387,0.15200222,2.047778,0.75087166,0.8849753,0.12339169,0.0,1.7534518,0.37216634,0.0,1.4159968,2,2008
0.14024246,1.9640182,1.1736413,0.38473842,0.20187828,0.12930769,0.0,0.36189944,0.0,1.0187355,1.6572051,0.0,0.0,1.3476796,1.126724,1.8287039,1,2008
0.33697808,1.6053582,0.617196,0.801797,0.5011859,0.0,0.0,0.98736393,0.0,1.0524237,1.3800199,0.0,0.0,0.28035307,0.38704887,1.7992923,0,2008
0.90067995,0.8716294,0.873906,0.5598614,1.3097203,1.4217466,0.0,1.565959,0.0,1.0404384,0.28793627,0.0,0.6582222,0.36061028,0.0,1.0660088,0,2008
1.0510849,0.33808938,0.45617956,0.60712445,0.23994997,1.8144572,0.0,1.2418228,0.0,0.058535457,0.16467449,0.49636936,0.16111353,0.6688395,0.0,0.8177112,0,2008
3.1193576,3.7952995,1.9417506,2.518158,0.0,1.8714634,0.0,0.37472242,0.0,1.0548605,2.6670134,1.9345144,0.0,0.6628084,5.6437883,1.8934298,0,2008
0.72748286,1.0328658,1.3281875,0.99360424,1.6910095,1.869616,2.5262535,1.5004884,1.6903934,1.0056332,0.0,0.0,1.1997464,0.0275473,0.0,0.82115835,2,2008
0.041520596,1.1106855,1.2882463,0.30683494,1.00153,0.9921673,0.0,0.21678424,0.0,0.5111652,1.1547955,0.0,0.0,1.0458646,0.0,1.3033508,0,2008
0.8685289,1.1968926,1.4757452,0.90183187,1.9231018,1.0401713,1.5214795,1.3888599,1.4947197,0.7758615,0.1574367,0.0,1.6473966,0.14388925,0.0,1.2032633,2,2008
0.59086657,0.4211909,0.6080277,0.79251987,0.5778546,1.7768943,0.0,0.55438364,0.0,0.06705189,0.58038723,1.3432784,0.4676237,0.6785089,0.0,0.8860802,1,2008
0.7950899,1.0869604,0.5337174,0.3835917,0.4315557,1.1712451,0.0,0.0,0.0,0.9259185,1.3807751,0.54923254,0.0,0.6716101,0.79307187,1.6212327,0,2008
0.92750835,0.0,1.0534931,0.61591417,1.3715694,2.3260105,3.126693,0.0,2.7733147,1.1697434,0.0,0.0,1.6734424,0.22400832,0.0,1.1504973,2,2008
0.9819781,1.5576482,2.1169093,1.4341595,1.244223,1.0117418,0.6267802,2.4012163,2.386062,0.751339,0.0,0.21678728,2.8422368,0.5046826,0.0,1.2793964,2,2008
1.2283993,0.96510553,0.74677664,0.8168218,0.64821124,0.63591015,0.0,1.0219343,0.0,0.49442148,0.642863,1.0362058,0.60915095,0.53237855,0.0,1.7105703,0,2008
0.61804104,1.6247482,1.2697119,0.37203333,1.4111433,0.73208976,0.0,0.19367576,0.0,1.1635579,0.80329764,0.0,0.10069716,0.29677165,0.0,1.5907176,0,2008
1.7119045,0.4127456,0.55467486,0.75809634,0.7355337,0.5092383,0.0,0.6896921,0.0,0.31970456,0.8476997,2.2897313,1.0669281,0.64570934,0.0,1.6358187,0,2008
0.90568674,0.6824989,1.4109775,0.64116186,0.18331027,0.7510821,0.0,2.8079789,0.0,0.5552062,0.79733235,0.0,0.37480372,2.3258054,0.6016714,1.1746136,0,2008
1.5130847,1.5105913,0.78884345,0.83568007,0.0,0.7108637,0.0,0.6622513,0.0,1.095762,4.0805316,1.7188872,0.0,1.444807,5.18956,1.342546,0,2008
0.6778933,0.33978802,0.7319969,0.0,1.2033105,1.3589242,0.0,0.0,0.0,1.2475462,1.291685,0.0,0.0,0.85978144,0.0,1.2506526,1,2008
1.623465,1.0551842,1.1069006,1.0069894,1.4100851,1.4555471,0.4052443,1.8255208,1.1339767,0.46144828,0.0,0.0,1.8836169,0.7396429,0.0,1.3539686,0,2008
0.5596009,0.66578615,0.7291281,0.65044767,1.121214,1.2580006,0.0,0.6772058,1.2087021,0.46358785,0.3168545,1.3423144,1.9455607,0.49268392,0.0,1.0893946,1,2008
1.2053764,0.31421036,1.692356,0.39034128,1.2756212,1.0625827,0.19517891,1.3536882,2.9412205,0.6228517,0.0,1.4613189,3.1617055,0.8323046,0.0,1.1110955,1,2008
1.9116389,0.7561571,1.0489631,0.3568685,1.8872093,0.8860436,0.714744,0.92522705,2.108973,0.0,0.9317919,0.0,1.614518,0.44394714,0.0,1.1772608,2,2008
0.9172134,1.1593269,1.7484584,1.3376288,1.4628181,0.9793092,0.31344098,1.9361787,0.0,0.7544188,0.0,0.0,1.8722289,1.3172139,0.0,1.6188035,1,2008
2.316767,0.08848566,0.880008,1.7974355,0.7572549,1.7092835,0.0,2.5089822,0.4250319,0.9102875,0.0,0.0,2.2093713,1.1773621,0.0,1.5288367,2,2008
1.0895588,1.4327005,1.6770878,1.1746469,1.6579468,1.3389726,0.0,1.3600805,0.0,1.0224454,0.0,0.0,1.2663913,0.38164854,0.0,1.4914122,1,2008
0.0,0.9304565,0.192384,0.13014859,0.0,1.4279398,0.0,0.5741482,0.0,0.27852732,1.7414129,1.6421343,0.0,0.97787225,1.2812728,0.79150844,0,2008
0.5048435,1.479492,0.9424916,0.40378883,2.1479678,1.8374982,0.93957335,0.61371833,0.18709928,1.3391116,0.69643414,0.0,0.512534,0.0,0.0,0.71732765,1,2008
0.2932001,1.1850625,0.26643783,0.6014486,0.50310355,0.66038954,0.0,1.3902752,0.0,0.54768425,1.0627122,0.2916733,0.0,0.4152047,0.0,1.2521657,0,2008
0.6150308,1.0515094,1.8927888,0.9631854,1.3049171,1.022438,0.0,1.4075899,0.43581018,0.16282576,0.008125782,0.0,1.7814496,0.8090634,0.0,1.2153955,0,2008
0.57801706,1.0376983,1.8816929,0.36941925,1.5014703,1.1350975,0.3851772,0.1498465,2.05542,0.72750753,0.59776145,1.7533722,2.5319457,0.49543884,0.0,1.0855176,1,2008
1.3252251,0.97261393,0.9847542,1.2654691,0.97540873,0.8805551,0.0,2.2505362,0.0,1.0127627,0.05064094,0.0,0.9568349,0.55109555,0.0,1.5467758,2,2008
0.14417523,0.51984775,1.6797057,0.28622964,0.23764426,1.454579,4.684818,0.8170267,7.0248346,0.7164608,0.0,0.40101337,2.0293455,1.0351906,0.13200906,1.0394584,2,2008
0.8936557,0.77841556,0.8392093,0.804329,0.7055296,1.0012516,0.0,0.515679,0.0,1.1633599,0.44244248,0.87053144,0.20119533,0.37524202,0.0,1.6353722,1,2008
0.8120724,1.1779397,0.33203638,0.12947625,0.123366654,0.11521977,0.0,0.56070757,0.0,0.6725546,1.6526635,0.8887081,0.0,0.4683236,0.7338,1.8075767,0,2008
1.3319771,0.82801867,0.59944254,0.78322864,1.2066667,0.4611227,0.58572614,1.1643397,3.6866775,0.0,0.40016586,0.91592544,2.471232,0.54571307,0.0,1.4293065,2,2008
0.12442994,0.32821772,0.95076585,0.392092,0.0,0.36534327,0.0,1.3481606,0.0,0.6188623,1.8919964,0.0,0.0,2.2771378,2.6688874,1.3568616,0,2008
0.94040954,0.88903266,1.7295568,0.7169103,1.5234206,1.4043572,0.5061922,0.80174196,1.9568524,0.26281607,0.14120665,0.76215523,2.6153905,0.7661418,0.0,1.094311,1,2008
1.4549172,0.59037584,1.6638899,1.0253048,1.2729481,0.91540873,0.0,1.0278461,1.4420817,0.18302655,0.0,0.61093825,2.5440974,1.0485837,0.0,1.5693861,2,2008
0.9513013,0.566499,0.6343157,0.61249596,1.1420844,0.53278506,0.0,1.0330397,0.18542053,0.7605639,1.1373785,1.3693631,1.1242433,0.3208332,0.0,1.2272422,1,2008
0.31186846,0.30574796,0.5753749,0.0,0.0,0.8143594,0.0,1.4330091,0.0,0.8329333,1.9779608,0.0,0.0,1.818933,2.2485466,0.8428383,1,2008
1.2304264,0.490399,0.24644166,1.1589106,0.0,0.9472398,0.0,1.5698446,0.0,0.8471866,0.47236115,0.0,0.0,1.7758617,1.9450518,1.8167169,0,2008
0.7193197,0.09325284,0.8446253,0.38383687,1.3788322,2.1163158,0.0,0.7102465,0.0,1.2263217,0.24061978,0.0,0.52232224,0.6985012,0.0,0.9305322,1,2008
1.4930158,0.0,0.020729482,0.6601467,0.0,0.95279276,0.0,1.101474,0.0,0.49476194,1.9395416,6.541203,0.21558565,2.1323833,0.45501786,0.84197783,0,2008
1.0870445,0.6017825,0.88559633,0.56389,1.2062206,1.4701335,3.8913693,1.3654971,2.8726156,0.5207534,0.0,0.0,0.863665,1.2172898,0.0,1.3766999,2,2008
3.116793,3.435679,3.0064518,2.9418828,0.0,1.7088904,0.0,0.0,0.0,0.3546474,4.4010196,8.581602,0.0,2.5786843,7.081126,1.434906,0,2008
1.6061056,0.94490814,1.4635754,1.2342925,1.0600433,0.363594,0.26818955,1.8877013,3.141355,0.27834117,0.0,0.8877865,2.9103205,0.9559711,0.0,1.7038133,2,2008
0.69548345,1.0273786,2.3604414,0.49346352,1.1428908,1.2651148,4.75847,2.0986402,4.135772,0.5155804,0.3861496,0.0,1.5257871,1.9280257,0.0,1.1526253,0,2008
0.0,0.0,1.0308354,0.0,0.0,0.06701654,6.4197392,0.83880067,9.126175,0.0,0.53011,0.0,0.0,2.079977,0.6059645,1.5527475,2,2008
0.53960717,1.4031882,0.0,0.54695183,0.031841338,0.12869948,0.0,1.2206565,0.0,0.8181451,1.386713,0.5205623,0.0,0.0144097805,0.38769808,1.7682042,0,2008
0.08745569,0.99092287,1.1903273,0.19381997,0.45173767,0.4582955,0.0,0.4207141,0.0,0.4361173,1.3741657,0.005543649,0.0,0.829743,0.68149865,1.3980112,0,2008
1.3585937,0.6846189,2.2525518,0.9210833,1.5312091,1.4817367,0.43654716,1.7215602,1.4870458,0.46785852,0.0,0.29175246,2.9214544,1.1743591,0.0,1.0073503,2,2008
1.2604123,1.03645,1.1157047,0.72083485,1.7135363,1.9550242,1.8475178,1.6876061,1.5673594,1.0298936,0.0,0.0,1.7198069,0.20205301,0.0,1.0825491,2,2008
1.6926651,0.95543945,1.5460196,0.8289509,1.5646386,0.98546237,0.43213904,1.9230268,0.8536585,0.77805513,0.0,0.0,1.6852269,0.76607364,0.0,1.4059217,1,2008
0.86180854,1.1957278,1.7581952,0.2748065,1.7076801,0.81257594,0.2748282,0.3994915,0.29339817,0.92927134,0.78660434,0.38805693,0.81124794,0.0,0.0,1.3136272,1,2008
0.6987596,0.6825039,1.4752777,1.219284,1.421968,1.4880915,0.0,1.1109031,0.0,0.8765389,0.0,0.0,1.5250095,0.88179576,0.0,1.298577,2,2008
1.2044027,0.9056901,1.0375079,0.23932192,2.1473737,1.746222,1.830367,1.1492574,1.0197577,1.1981947,0.08844477,0.0,1.1996934,0.3991873,0.0,1.1531453,2,2008
0.64032626,0.52019125,1.4878895,0.3446513,1.2278483,1.5242712,0.0,0.7096714,0.0,0.9154692,0.41531545,0.002851501,0.68604016,0.94661677,0.0,1.0625234,0,2008
0.21443397,0.6465809,0.34464717,0.65117455,0.0,0.7786428,0.0,1.547564,0.0,0.9283495,2.2628148,0.0,0.0,2.0309267,2.9402385,1.1153243,0,2008
1.0872914,0.60857236,2.3972235,0.0,1.6778868,1.6179063,0.0,0.7302605,0.0,0.7678394,0.26005208,0.0,0.90921015,0.89408445,0.0,1.0234534,1,2008
1.2040849,0.9368098,0.15963656,1.0860733,0.49546096,0.74499786,0.0,1.0417849,0.0,0.51338315,0.6888197,1.8424588,0.73704696,0.17522115,0.0,1.4619212,1,2008
0.84206754,0.26497704,0.7403326,0.96766484,0.6644547,2.1216097,0.0,0.052449882,0.0,0.0,1.6861181,5.8150125,0.8866873,1.4035149,0.0,0.38207185,0,2008
0.0,0.6727723,0.79979986,0.0,0.7051578,0.7398938,0.16172405,1.2616692,11.020893,1.0998499,0.0,6.9824414,6.4174876,0.12966424,0.0,0.959038,1,2008
0.38716632,0.3134745,0.54845905,0.7672819,0.0,1.0081098,0.0,0.65685827,0.0,1.1275584,1.4369137,0.0,0.0,1.9680974,3.0600357,1.6359746,0,2008
0.41235697,0.48694938,0.18093646,0.46694484,0.0,0.8887026,0.0,1.1481797,0.0,0.29431283,2.247583,3.6440177,0.0,1.3661525,0.8294718,0.6415059,2,2008
0.6281838,0.0,0.5858279,1.144385,0.0,1.255451,0.0,0.8110259,0.0,0.9404524,2.0754426,0.0,0.0,2.3054311,4.3610573,1.2744169,0,2008
0.9924808,0.97963446,1.6287906,1.2657876,1.0826839,1.6199938,3.5908608,2.0942593,2.9951818,0.70104593,0.0,0.0,2.4230154,1.522629,0.0,1.4906042,1,2008
0.79975367,1.1682379,0.0,0.9812542,1.1186553,0.7798007,0.0,1.6090105,0.0,1.3504964,0.4118057,0.0,0.47168976,0.17301357,0.0,1.6825297,2,2008
0.5126235,1.1841809,0.39644402,1.0803906,0.0,0.81856924,0.0,1.4906917,0.0,0.7814288,3.3969643,0.49748826,0.0,1.3394551,5.0126977,1.0663443,0,2008
0.4236064,0.37725857,0.0,0.37398612,0.19918078,0.8521052,0.0,0.54064655,0.0,1.3178979,1.060466,0.07428053,0.0,0.53036875,0.5989347,1.5858563,0,2008
1.1662114,0.8865042,1.7655268,1.6721296,0.0,1.7454467,0.0,0.0,0.0,0.0,5.952431,8.220033,0.0,2.97264,7.489513,0.080818474,0,2008
0.41109902,0.8304465,1.40902,1.0436392,0.7427328,0.64428055,0.0,1.1916866,0.0,0.10132915,0.7909641,0.58556104,0.7029494,0.6662922,0.0,1.1403595,0,2008
1.3543812,1.4665543,1.483768,0.818335,1.2804737,1.8407979,2.8083825,2.2514622,3.2232754,0.46740052,0.0,0.0,2.1485415,1.1223531,0.0,1.163096,0,2008
0.52098656,0.6000975,1.4778748,0.46458912,1.083381,1.1608913,0.0,0.9303582,0.0,0.7557691,0.6159898,0.0,0.5272059,1.13814,0.0,1.0898582,2,2008
1.4192603,0.3217449,0.7925782,0.07387936,0.93366826,0.84380835,0.0,0.73039806,0.0,1.049637,0.7069014,0.23843512,0.24029818,0.68743646,0.0,1.5892746,0,2008
1.350732,0.32122168,1.7906618,0.19444606,1.2605326,1.9850827,3.8423116,1.5641234,4.214219,0.6334809,0.0,0.0,2.8410149,1.8504064,0.0,1.1868579,0,2008
1.8878927,0.0,0.33194804,0.94021773,0.840436,1.9747028,0.0,1.9029976,0.51055425,1.0592299,0.0,0.48929375,2.326347,1.2386745,0.0,1.2418687,0,2008
0.739558,0.8571718,0.5969527,0.9016645,0.90803283,0.95303184,0.0,0.8555538,1.6529019,0.09874421,0.03783959,1.0481747,1.9743891,0.47598532,0.0,1.5198694,1,2008
0.33441004,0.84077895,0.13521922,0.0,0.45719838,0.0,0.0,0.8094491,10.020755,0.8945378,0.0,7.0264926,5.4373393,0.0,0.0,2.1921704,2,2008
0.99596167,1.1970065,0.9586203,0.58239037,1.4441135,1.5488024,0.22284018,2.0057936,1.473036,1.0253899,0.025194883,0.13732375,2.0040271,0.27061522,0.0,0.946741,2,2008
0.6866435,1.7038329,1.5573084,1.0799768,0.44311458,0.57334197,0.0,1.525131,0.0,1.0252453,0.0,0.0,0.05264139,0.3938704,0.0,1.8695717,0,2008
0.57620645,0.92845464,2.1933756,0.03239304,1.4407482,1.5012069,0.0,0.0,0.0,1.0912198,0.4152089,0.0,0.2816956,0.09483063,0.0,1.1479647,2,2008
1.3940077,0.7544469,1.7827363,0.43009692,1.8421015,1.0497618,0.55606645,0.94438475,2.7345011,0.09484267,0.73800194,0.9108476,3.0818594,1.1870275,0.0,1.0859116,1,2008
1.2574815,1.0412767,2.1869578,0.37450904,1.7472396,1.2771764,0.3047378,1.7735809,0.32850772,0.63611364,0.0802477,0.0,1.6525819,0.95999765,0.0,1.0772272,2,2008
1.1831203,1.2141347,0.6621014,1.0323802,1.9119439,0.9707099,0.7086196,1.8616145,1.9676723,0.8476672,0.69684833,0.0,2.098871,0.24127895,0.0,0.98727757,0,2008
1.1735363,1.7421888,2.1692433,1.6020411,1.6085247,1.0895741,0.0,1.3388445,0.0,0.88477254,0.0,0.0,1.4945158,0.25333697,0.0,1.7395581,0,2008
1.1184216,0.9727772,1.4581527,0.7196404,1.9088228,1.2339317,0.0,1.4086107,0.0,1.0298779,0.0740726,0.0,1.5851245,0.7927879,0.0,1.4924548,2,2008
1.4175111,3.2014904,2.685215,2.2012775,0.11487317,1.3291667,0.0,1.4150023,0.0,0.8743384,0.34803426,0.0,0.0,0.21506482,3.1265576,1.7612388,0,2008
1.2048812,0.18963146,1.0099355,0.8320265,1.0904052,1.9617354,0.0,1.3973062,0.0,1.1218503,0.0,0.0,1.3110837,0.9820759,0.0,1.2583554,1,2008
0.588895,0.8763582,0.70875645,0.41612923,1.370287,1.2786367,0.0,0.8814164,0.0,0.54101884,0.9655175,0.0,0.67394453,0.6532754,0.0,1.0993645,0,2008
1.0197307,0.5949143,1.1236087,0.8522222,0.5112387,0.7343019,0.0,1.445846,0.9027664,0.74179006,0.0,1.2530985,1.6052039,0.3911929,0.0,1.3987131,1,2008
0.7365414,0.676012,0.35424083,0.9344636,0.0,0.309833,0.0,1.669014,0.0,0.7934736,0.6426342,0.0,0.0,1.9180977,0.82930756,1.8934348,0,2008
1.1839697,0.5868496,1.1284796,0.19927916,2.0206866,1.2284958,0.0,0.89334047,0.0,0.823439,1.0795846,0.0,1.1527133,0.9854739,0.0,1.0356611,2,2008
1.7931749,1.0547831,0.3631168,0.7177572,0.39497522,0.9495,0.0,1.5495169,0.0,0.2027927,0.46480224,0.9790991,0.0,0.0,0.0,1.5187126,0,2008
0.8444758,0.54179305,1.7702565,1.0255908,1.861601,2.1427324,2.1185858,0.6408192,1.3535221,0.89115393,0.0,0.0,2.4097044,0.6777369,0.0,1.1802295,2,2008
0.7946191,0.5283985,1.5067464,0.08128375,0.0,0.54120374,0.0,1.7071497,0.0,0.54499865,1.5658274,0.0,0.0,1.7351887,2.490585,0.98936343,0,2008
1.5583227,1.6105484,2.1215353,1.3190787,0.0,1.3198609,0.0,0.07008159,0.0,0.047090113,5.6722236,13.7164755,0.0,1.872822,1.9476132,0.09428638,1,2008
1.0799842,1.1291214,0.5482224,1.3825382,0.738483,0.605659,0.0,1.647002,0.7909937,0.5148624,0.11646071,0.21806656,1.2829555,0.117820084,0.0,1.6133616,0,2008
0.7341461,0.90662324,0.74905527,0.0,0.0,0.14323461,0.0,1.5784867,0.0,0.8541183,1.8052697,0.0,0.0,1.6228957,1.8713994,1.4521999,1,2008
0.50498617,0.32605729,0.693678,0.0,0.2962371,0.07663262,5.926623,1.2847897,5.93025,0.0,0.6569081,0.0,0.0,2.281542,0.0,1.7267311,2,2008
0.43742466,1.0024583,0.83818144,1.2233222,0.23184341,0.80227846,0.0,0.7025037,0.0,1.1515232,0.02389592,0.0,0.0,0.63835907,0.13368168,1.9959066,0,2008
0.8418476,0.58446014,1.9635257,0.8265456,1.7790169,2.0752234,2.54886,0.53684294,0.84839886,0.8559641,0.0,0.0,2.423467,1.5184354,0.0,1.4875121,1,2008
0.2219488,1.0884616,1.3625524,0.8957113,0.971169,1.7675889,4.742496,1.3306633,4.6841474,0.2441768,0.5190178,0.0,2.4290953,2.2169125,0.0,1.0780816,2,2008
0.38763973,0.08286232,0.0,0.5170392,0.042539656,1.0582963,0.0,0.4256213,0.0,1.1180278,1.4380469,0.7548347,0.0,1.7065969,1.1285754,1.419792,0,2008
0.39993647,0.8813389,1.2231247,0.9408443,0.94506437,1.1704229,0.0,1.0372456,0.0,0.56297946,0.1125828,0.0,0.56020015,0.47033402,0.0,1.3728361,1,2008
0.9268788,1.1251005,0.8553408,0.75758183,1.8779995,1.7555432,0.71224856,1.9285073,1.3890774,0.9258452,0.33443278,0.0,1.9610002,0.27227187,0.0,0.6176654,0,2008
1.0480292,1.4057109,0.51926666,0.44420597,1.0347815,0.1140424,0.0,1.0392029,0.0,1.1351467,1.1248167,0.39597917,0.0,0.0,0.0,1.7516718,1,2008
1.1575196,0.76734155,0.18229514,0.3090522,0.75830215,0.8004069,0.0,0.5068551,0.0,0.6412314,1.2099866,1.7794375,0.2031624,0.3346517,0.0,1.4894903,1,2008
0.77968276,1.2547555,0.6855721,0.527399,0.0,0.90994924,0.0,2.0098317,0.0,1.0606773,1.0236542,0.0,0.0,0.76328415,1.9664055,1.2718678,0,2008
1.0328231,0.36586523,0.3373571,1.2619009,1.8095212,1.9244651,1.2374026,0.09246361,0.043018118,1.3276051,0.320367,0.0,1.4709061,0.9607572,0.0,1.7433026,2,2008
0.0,1.0381014,1.3184761,0.8076091,0.1930936,0.7945231,0.0,0.9910799,0.0,0.9254146,0.3904404,0.08051725,0.0,0.06142372,0.34376955,1.2432361,2,2008
0.7983393,0.781897,1.5113862,0.4861372,1.3137155,0.8084471,0.0,0.51155746,2.3821087,0.19413221,0.2772709,1.7718952,2.9335885,1.0277004,0.0,1.3522695,0,2008
0.0,0.55805063,0.1818425,0.8354211,0.2296468,0.9241701,0.0,1.2864947,0.0,0.53136075,1.0133901,0.0,0.0,1.327449,0.7809611,1.1344036,0,2008
1.0070529,1.1800791,2.0431676,0.6956238,1.3519491,1.6649601,4.185642,2.000124,2.532336,0.6652717,0.0,0.0,1.4188402,1.6453552,0.0,1.2592182,0,2008
1.2969401,1.0126989,0.80356306,0.3909697,2.5800922,0.981227,0.84244645,0.79135084,0.90023357,0.8787217,1.4842918,0.0,1.622503,0.8701912,0.0,1.0298587,2,2008
1.5145032,0.8732972,0.23087221,1.2331288,1.5189629,0.04064083,1.35917,0.82546717,3.1631775,0.0,1.0567231,0.0,2.2681956,1.0070047,0.0,1.7350937,2,2008
1.0460348,1.919326,1.5691137,0.80030084,1.9553964,1.4037703,1.5439799,2.0547702,1.2488546,0.985061,0.04745823,0.0,1.140584,0.023983955,0.0,0.9877458,1,2008
1.0760903,2.4543276,1.6380424,2.1737056,0.0,1.1911775,0.0,1.6813543,0.0,0.8818813,1.0627875,0.0,0.0,0.99379593,3.9889445,1.5168703,0,2008
1.4973294,1.1383533,2.7239513,0.43108174,1.1155589,1.662241,0.08348037,1.9383295,0.0,0.79273295,0.0,0.0,0.636214,0.4027842,0.0,1.024559,0,2008
0.8311184,0.79054606,1.5785863,0.90229315,1.471606,1.3062079,3.8369727,1.3084984,3.828237,0.50549316,0.7969393,0.0,2.1339157,1.536268,0.0,1.0305998,2,2008
0.4732843,1.0170524,1.7757347,1.6695611,0.0,1.1876006,0.0,0.5825501,0.0,0.34451848,3.0792305,0.0,0.0,1.5852631,5.9542174,0.93104595,0,2008
1.2649342,0.682368,1.3884223,0.55930257,2.4158914,1.5359695,0.7426621,0.6226002,0.14001475,0.7783027,0.86757445,0.0,2.104909,1.3342931,0.0,1.1660618,2,2008
2.2283938,0.576437,0.0,0.8629465,1.4665873,1.2553432,0.10301819,1.085528,0.24818422,0.9532929,0.40294617,0.0,0.94709325,0.46720105,0.0,1.7978206,2,2008
0.6197767,0.29686514,0.9538844,0.6525385,0.0,1.4504197,0.0,0.7231992,0.0,0.52110577,0.22029802,0.58700323,0.0,1.1061437,0.74502295,1.2378516,0,2008
0.1230948,0.80021065,0.28669405,0.0,0.08742261,1.5045797,0.0,1.0833343,0.0,0.045594633,1.5322391,2.4997878,0.0,0.17831331,0.5522206,0.30575728,0,2008
0.44109797,0.31355634,1.6538494,1.1936438,0.0,0.46565297,0.0,0.5717469,0.0,0.5697029,1.284003,0.1559774,0.0,2.2006152,3.6889117,1.8202956,1,2008
1.2992628,0.36151683,1.2203286,0.73876435,1.4347267,1.4073157,0.0,0.8577176,0.0,0.9252067,0.10885662,0.0,1.8691652,1.7168565,0.0,1.5989044,2,2008
1.7403452,2.9491792,2.6721091,2.4402797,0.0,1.4939904,0.0,0.45986965,0.0,0.38506094,2.9283125,0.48893702,0.0,0.1617496,6.526446,1.2383424,1,2008
0.59985936,0.51962686,1.0178523,0.0,0.35681787,1.0348796,0.0,0.887769,0.0,0.606979,1.0991718,0.033423655,0.0,0.15412062,0.7196884,0.93476,0,2008
2.3661232,0.8533889,2.1880589,0.0,0.0075199604,1.1198733,0.0,1.7428322,0.0,0.9365139,0.0,0.0,0.0,0.3855252,0.79321736,1.6098568,0,2008
1.5040047,0.62817997,0.77656955,1.125897,0.71935487,0.08815092,0.0,0.86379886,3.4874792,0.0,0.0,2.1905458,2.9230669,1.1015742,0.0,1.930342,2,2008
1.3153989,0.194733,1.0059716,0.63799226,1.0766199,1.3438392,0.0,1.182807,0.0,1.0889685,0.0,0.0,0.7461811,0.76204026,0.0,1.5150383,0,2008
0.3766082,0.63767684,0.7496667,0.6661542,0.0,0.7179179,0.0,0.3600285,0.0,1.1132514,2.6665168,0.0,0.0,0.7298832,4.026487,1.3008409,0,2008
1.2446228,1.2106602,1.2753273,0.3802831,2.1100192,1.8378706,2.687594,1.5035458,2.0062015,0.7942041,0.7856243,0.0,1.6807923,0.91292787,0.0,0.7343304,1,2008
0.8901775,0.33687735,1.145377,0.06714249,0.37377834,0.80994254,0.0,0.0045341253,0.0,0.9414476,1.0804664,2.4325433,0.0,0.46821848,0.12961659,1.4339412,0,2008
1.2360244,1.0225989,0.3325525,0.9495403,1.4497805,1.2442023,0.0,1.9695327,0.63058925,1.0493062,0.332877,0.0,1.4706993,0.28756672,0.0,1.1619883,2,2008
1.308052,1.4217849,0.3587693,0.6770952,1.7275106,1.0909202,0.11185694,1.8001802,2.0578961,0.5157101,0.73302555,0.28869134,2.331689,0.87400365,0.0,1.1154792,0,2008
1.0809182,1.1444811,1.4983993,1.4006962,1.9555323,1.3642979,3.0077093,1.5388877,2.2874324,0.046374083,0.51204693,0.0,2.21104,1.3761884,0.0,1.1938418,2,2008
0.6582705,0.34305918,0.45283347,0.18799382,0.48921496,1.2588227,0.0,0.37417942,0.0,1.3610623,0.6666356,0.0,0.0,0.46794406,0.29477412,1.5553265,1,2008
1.042037,0.89826596,1.0062451,0.43199873,1.0928777,1.6153903,3.6680787,1.8684776,5.5774446,0.71776277,0.14804557,0.16875625,3.102538,1.7942629,0.0,0.94897306,2,2008
0.47858027,0.6528031,1.374055,1.1704161,0.3130739,0.69022125,0.0,1.3464091,0.0,0.4786614,0.08582139,0.70493865,1.0059031,1.3423036,0.0,1.2805059,1,2008
0.0,0.89176786,1.9489785,0.4479847,0.0,1.1700903,0.0,0.0,0.0,0.0,2.3786724,5.628693,0.0,1.1540563,0.88150835,0.6467619,0,2008
0.9828901,1.0543348,1.1815203,0.5693978,0.9467412,1.547158,4.3257356,1.9924047,3.6646519,0.31781697,0.1515615,0.0,1.416662,2.2246988,0.0,1.1679374,2,2008
0.17503154,0.7029318,0.03090781,1.2295836,0.0,0.8916864,0.0,1.3605232,0.0,0.5238848,0.45877182,0.0,0.0,1.4129771,1.183474,1.5451066,0,2008
0.3961657,1.547487,0.7819881,1.5937853,0.8418213,0.8634337,0.0,1.9017313,0.0,1.0931486,0.0,0.0,0.52040327,0.26955867,0.0,1.497395,1,2008
1.0963259,1.1039824,0.8294463,0.9676868,2.4104738,1.8382564,1.19396,1.32105,0.9143912,0.9101268,0.60513747,0.0,2.5361037,1.0586607,0.0,0.9775154,2,2008
0.10979283,0.78323495,1.3878621,1.5182235,0.37747052,0.18809462,0.0,1.1891985,0.0,0.56617856,0.32692623,0.0,1.0292114,2.2898958,0.22304754,2.0448189,1,2008
1.0955898,0.93441427,0.38796014,0.65692014,0.5785174,1.2188641,0.0,1.8213364,0.0,1.3194718,0.21831763,0.0,0.0,0.0,0.0,1.2705096,1,2008
0.5343237,0.7365241,0.7288321,0.2807806,0.0,1.0699799,0.0,0.31198758,0.0,1.3271661,2.3556578,0.3724178,0.0,0.19363987,3.9826956,1.2062266,0,2008
1.1691195,0.45553008,0.9770627,0.55648315,0.83347595,0.9733522,0.0,0.34361988,0.0,0.78491485,1.4633667,4.69544,0.8509546,0.8001677,0.0,1.1110654,1,2008
1.1161273,0.5612809,1.4338498,0.7439268,0.9132578,1.1457136,0.0,1.1474533,0.0,0.81406766,0.1333704,0.18266702,0.7936045,1.0612969,0.0,1.3978565,0,2008
0.6801657,0.85636264,0.82313,0.5660756,1.7549745,1.5097694,0.0,0.55531025,0.28157297,0.59879667,0.69375706,0.1684948,1.42716,0.52482766,0.0,1.0466925,0,2008
0.75395703,0.67820746,0.9629123,0.0,0.0,0.7057684,0.0,0.49659523,0.0,0.72685647,3.3402162,1.1800262,0.0,0.7937984,4.738742,1.0158741,0,2008
1.1393102,0.30957398,0.0,0.054908276,0.96649027,0.53604025,1.5786256,0.33733904,8.420332,0.24645978,0.0,3.9364672,4.6047063,1.5245254,0.0,1.6057259,1,2008
1.7557545,1.1121922,2.12768,0.0,1.1653856,0.8137456,0.0,1.1354227,0.0,0.88952315,0.39795804,0.0,0.0,0.0,0.0,1.33899,1,2008
1.0075225,0.10670763,0.32090688,0.94190323,0.0,0.98966795,0.0,0.85948646,0.0,1.0715771,1.7524972,0.0,0.0,1.5130575,4.065173,1.5495166,0,2008
1.4855596,0.99861574,1.3763248,0.0980041,2.0318909,1.5959423,1.8351303,1.0620515,1.0573914,0.9485459,0.59549934,0.0,0.7187871,0.37378764,0.0,0.8640072,0,2008
0.49974436,0.37065068,0.99572474,0.31070495,0.15982866,1.3513937,0.0,1.0072113,0.0,0.0,0.42244917,0.6068099,0.0,0.30645812,0.18520021,0.9345775,1,2008
0.78562695,0.8207656,1.13711,0.8336957,1.9859074,1.7650954,0.0,0.8705735,0.0,1.0537522,0.2941236,0.0,1.7767773,1.1665322,0.0,1.2564695,1,2008
0.56183684,0.0,1.634496,1.3217424,0.0,0.6911075,0.0,1.565098,0.0,0.04682511,0.44100833,0.0,0.0,2.1196425,3.0441518,1.5130024,0,2008
1.0456703,1.6616594,1.7684425,1.0935478,1.7148256,1.2555411,2.6194494,2.1515114,1.6097202,0.66692436,0.046360314,0.0,1.8123245,1.2996645,0.0,1.2586519,2,2008
0.36123326,1.3180013,2.3999922,1.3924496,1.8359768,1.5606908,3.0191698,0.93965405,1.7153282,0.59068066,0.071100175,0.0,2.5806146,1.2923701,0.0,1.3950326,1,2008
1.3750339,0.35225144,0.4580507,1.2916944,0.6115985,1.142245,0.0,1.3275656,0.9584963,0.33148962,0.0,1.7542764,1.7030022,0.35861054,0.0,1.1527209,2,2008
0.9927601,2.013094,0.8774478,1.2723188,2.0585458,1.551316,2.5133762,2.5571153,1.7652903,0.9297013,0.22266841,0.0,2.0627697,1.294911,0.0,1.0330646,1,2008
0.53345567,1.592824,1.0352235,1.3510821,1.7331454,1.3563349,0.67788905,2.0073907,1.4185281,0.75419414,0.2040627,0.0,2.8341491,1.047521,0.0,1.0377343,0,2008
1.025131,0.96366394,1.599527,0.9342643,1.6003767,0.64610326,0.7762479,1.5729191,3.6444592,0.429588,0.356535,1.2586186,4.114231,1.5808518,0.0,1.2950292,0,2008
1.0531075,0.99976313,1.3080816,1.4258587,0.28738785,0.6184126,0.0,1.9158823,0.6725027,0.8430584,0.0,1.0845839,1.717906,0.6171464,0.0,1.7145417,1,2008
0.6542286,0.6476059,0.47121295,0.23074764,0.45177534,1.6272347,0.0,0.7634073,0.0,1.445494,0.34532288,0.0,0.0,0.0,0.113459416,1.2192825,0,2008
1.6562085,1.1720474,0.4181763,0.22449213,1.4945962,0.9762334,0.0,2.0260527,1.1125598,1.0683515,0.6315544,0.13830568,1.4435267,0.59461945,0.0,1.2798568,2,2008
1.607863,0.9533075,0.8035946,0.35361254,1.1477985,0.77375793,3.0529659,1.3203403,3.350785,0.0,0.43978566,0.0,1.0611948,1.7465448,0.0,1.464715,2,2008
0.56966317,1.3596008,1.1179643,0.0,0.0,0.31129384,0.0,0.0,0.0,0.4854118,2.3344872,4.2241464,0.0,0.18690246,1.2838595,1.4043436,0,2008
0.6318181,0.726949,1.2933819,0.4494824,0.988594,1.2731985,0.0,0.5161625,0.0,0.9785709,0.42744005,0.23211472,0.45525527,0.95004964,0.0,1.335007,0,2008
0.7142742,0.8271019,0.62897646,1.251886,1.1454706,1.1728055,0.0,0.8915896,0.0,0.5984911,0.17597693,0.0,1.3166671,0.7425717,0.0,1.4902518,0,2008
0.7795307,0.61969554,0.9560216,0.0,0.48678145,1.2664258,0.0,0.46669087,0.0,0.7152603,0.6342441,0.5174065,0.0,0.056837916,0.14244328,1.1781965,1,2008
1.4667113,0.85476375,0.7778708,0.0,1.0775273,1.2085128,0.0,1.1473198,0.0,1.2299261,0.5684848,0.0,0.0,0.1265887,0.0,1.5002651,1,2008
0.67157215,0.0,0.5721606,0.41417795,0.0,1.2786939,0.0,0.0,0.0,1.0151994,1.8033879,0.0,0.0,1.9130371,3.3576946,1.6391473,2,2008
1.2173036,1.575716,0.88308656,1.6247472,0.0,1.1582527,0.0,0.97097856,0.0,1.2594577,1.3845932,0.0,0.0,0.2829249,4.2009096,1.7083616,0,2008
0.8119983,1.6987035,1.3991528,1.1845254,1.5719777,1.0314167,3.9881551,2.4021828,3.1275656,0.06925547,0.51795065,0.0,2.348624,2.6440098,0.0,1.3600388,1,2008
0.884355,1.2466593,0.46898225,1.2065039,1.8757519,0.9179682,0.425605,1.6572726,1.3426478,0.81946886,0.7740256,0.0,2.3766384,0.86260396,0.0,1.2098309,2,2008
0.6139051,0.3564512,1.1854107,1.2292237,0.0,0.64331686,0.0,1.622846,0.0,0.81093943,0.028359354,0.0,0.0,1.2598636,1.9620116,1.8491693,0,2008
1.0709075,1.9930259,1.4774618,0.42887166,1.6518704,1.0212113,3.5086522,2.6296058,3.47165,0.7976644,1.0337907,0.0,1.299381,1.8205287,0.0,0.8431475,2,2008
0.17901802,0.38301933,1.3225436,0.79461926,0.061498642,1.125078,0.0,0.8124303,0.0,0.4936664,0.10971457,0.0,0.0,0.5693242,0.6040276,1.2900001,0,2008
0.10536724,0.3108673,1.2150524,0.0,0.54562247,1.7218943,0.0,0.16420108,0.0,0.0,1.1234636,1.192055,0.0,0.7307387,0.2821164,0.6390804,0,2008
0.81383157,0.8655527,1.2913461,0.39633104,0.45529324,1.0712215,0.0,1.2162365,0.0,0.7849568,0.5438062,1.9518898,0.22945794,0.1197207,0.0,1.0014052,0,2008
1.4283036,0.7688521,1.4281062,0.027981281,1.2112151,0.34231025,0.0,1.5304735,5.9687157,0.11338544,0.0012710094,3.2698214,4.536049,1.5700909,0.0,1.3135433,2,2008
0.8738885,0.88900054,1.0792673,1.595638,1.6253409,1.232658,0.0,1.499388,0.0,0.90677774,0.0,0.0,1.4932534,0.650274,0.0,1.3037977,2,2008
1.3861828,1.1009357,1.4822428,0.931617,0.04006827,0.69073814,0.0,0.6859891,0.0,0.9632613,0.6951726,0.0,0.0,0.5486684,1.9914082,1.9822657,1,2008
1.2624608,1.228735,1.1493973,1.2595379,1.7288356,1.1675475,1.7517267,1.6331599,1.482017,0.26772535,0.24630323,0.0,1.4066975,0.5250889,0.0,1.1640058,0,2008
2.0105026,1.0022132,0.43506742,1.1524141,0.90711176,0.25980616,0.1533095,1.3444128,2.6313467,0.0,0.3224178,0.84963226,2.133738,0.82057714,0.0,1.8237141,1,2008
0.367626,1.5860825,1.2386603,0.030401766,1.2834681,0.51680565,4.9079747,2.0209785,5.0239105,0.55614,1.7983031,0.0,1.0693865,2.679279,0.0,0.77578056,2,2008
0.30144534,1.4572824,1.0268505,1.3005672,0.23900956,0.11179584,0.0,1.5121884,0.0,1.0123955,0.3291848,0.0,0.0,0.0,0.23441793,1.8020256,1,2008
0.40442833,1.6655197,1.2591795,1.167444,1.1576859,1.0549933,0.0,0.0,0.0,0.7460209,3.5942967,8.0418415,1.0907667,0.9134727,0.0,0.94249773,2,2008
1.6918397,0.9803623,1.0834897,1.079503,1.1172106,0.6422154,0.0,1.862524,1.2073021,0.73542565,0.011667192,0.37668008,2.3171728,1.3098205,0.0,1.6523026,2,2008
1.092412,0.87890565,1.3820641,0.79651153,2.1490073,1.6541522,2.2468936,0.8827119,1.330658,0.900293,0.55248934,0.0,1.57219,0.7467031,0.0,0.99915445,2,2008
0.6291114,1.1731976,1.2827619,0.5912093,1.6338438,1.3931762,2.1035054,0.65692323,3.9193723,0.76776356,0.7269367,1.0978539,3.4896903,1.5717432,0.0,0.996469,2,2008
1.5628204,0.69571817,1.0024524,0.40551132,0.34928784,0.81629485,0.0,1.7108135,0.0,1.0751506,0.14339554,0.0,0.0,0.48826745,0.06043434,1.6604617,0,2008
0.38455483,0.1936664,0.0,0.5477888,0.0,0.7052735,0.0,0.8575793,0.0,1.1677868,1.0849977,0.0,0.0,1.0249561,1.6403751,1.5935543,0,2008
0.61270964,0.64100933,1.0245783,0.0,0.0,1.3467262,0.0,0.867712,0.0,1.0585474,1.073984,2.678765,0.0,0.0,1.0644498,0.72288364,1,2008
0.23666131,0.01684922,0.14796036,0.0,0.0,0.65929973,0.0,0.0,0.0,1.3753803,2.2784054,1.9879248,0.0,0.07810998,2.4984963,1.5233996,0,2008
2.151431,0.72781205,0.8629925,0.11172879,1.5711149,1.6532296,0.0,2.0842972,1.4695482,0.3949032,0.4568619,0.34383664,2.0716667,1.1767747,0.0,0.920492,0,2008
0.52996594,1.8304555,1.0909922,1.4982753,2.219222,1.3914527,1.7810056,1.4398408,1.544276,0.19244301,0.6851765,0.0,3.3013713,1.8970587,0.0,1.202849,2,2008
1.1786513,0.14077854,0.1504811,0.47474062,0.74049246,0.9722183,0.0,0.82234895,0.0,1.1401124,0.8412259,0.0,0.2192241,1.1741948,0.0,1.6043924,0,2008
1.5203543,0.8540525,1.6792154,0.009199917,2.1901944,1.6906486,3.692454,1.3274758,1.9820478,0.522185,1.0852048,0.0,2.188874,2.7158766,0.0,1.1251969,1,2008
0.6029067,0.229283,0.68867177,0.35016227,0.0,0.95647913,0.0,1.0564432,0.0,1.1706105,0.38231686,0.0134185925,0.0,0.0,0.82729274,1.3048065,1,2008
0.18997735,0.35262167,2.4534526,1.3601604,0.0,1.8597966,0.0,0.58044016,0.0,0.1092754,4.056827,1.0252092,0.0,1.1638732,8.389467,0.101035595,0,2008
0.0,1.0186523,1.7832007,0.62917215,0.6888219,1.522691,0.0,0.51822865,0.0,0.6591599,0.0,0.0,0.20274872,0.83852184,0.0,1.3588675,0,2008
1.5902679,1.6331575,2.2932322,2.102239,0.0,1.3545535,0.0,0.9396276,0.0,0.8546401,0.926787,0.0,0.0,0.53061026,5.656053,1.7379904,1,2008
0.20872706,0.5061163,0.091119885,0.0,0.0,0.034233212,6.835726,1.9941189,7.5685825,0.0,1.5055907,0.0,0.0,3.7106886,0.0,1.3222212,2,2008
0.0,0.0,0.4024306,0.8149786,0.0,1.3047762,0.0,0.011204541,0.0,0.9433104,1.6274576,0.0,0.0,0.70340073,3.8636303,1.3113089,0,2008
0.5876054,0.9078343,1.2619989,0.69224197,1.9649081,0.9442997,0.0,0.3988316,0.0,0.97022754,0.9315162,0.0,1.0713646,0.78428775,0.0,1.3674743,0,2008
0.41616625,1.697644,1.4317408,0.7977548,1.5312128,1.1590297,4.4097133,1.4373176,3.8526015,0.052793324,1.2073104,0.0,1.9173129,2.3246922,0.0,1.0569164,2,2008
1.2296896,0.9416241,1.5334337,1.2636281,1.2574675,0.7341198,0.0,1.6283082,0.4437152,0.6943368,0.0,0.0,1.8391354,0.9231341,0.0,1.5601175,0,2008
0.72921443,1.4213662,1.1587746,2.153625,1.9557924,1.4137352,1.6363219,1.5556881,1.6244998,0.52097374,0.2193088,0.0,4.28551,2.539139,0.0,1.4548705,0,2008
0.69476753,1.5641766,2.1583772,1.0354583,1.4161081,0.7986876,0.4640618,1.6252832,0.4729511,0.6932284,0.0,0.0,1.4011753,0.45421785,0.0,1.388291,0,2008
2.1122808,0.5224666,1.7603643,0.097307265,1.1734325,1.4057025,0.0,0.48547944,0.0,0.85875255,1.4623733,4.571224,0.73625433,0.97056323,0.0,1.015468,0,2008
0.69033086,0.7165533,0.08053863,0.90628564,1.4220645,0.69525886,0.0,0.0,0.22161007,0.62188625,2.189566,3.5377572,0.8714791,0.0,0.0,1.2356689,1,2008
2.836998,2.686904,3.1907184,2.7619839,0.0,1.825728,0.0,0.34491426,0.0,0.4624241,3.190066,6.3276434,0.0,1.2368789,7.8362565,1.2130471,0,2008
1.3966687,1.1472534,1.3461351,1.1699973,2.1359782,1.6060958,1.5199965,1.5721769,0.78335226,0.7340161,0.050557613,0.0,2.708066,1.7646339,0.0,1.4028488,1,2008
1.2510995,0.16960096,0.8056743,0.34522465,0.0,1.3017753,0.0,0.60751617,0.0,0.6764188,0.21025875,1.8979279,0.0,0.1897363,0.67309123,1.5168424,2,2008
0.12407255,1.0558617,0.8049787,0.91480047,0.2609407,1.0409406,0.0,1.8269894,0.0,1.106453,0.016178906,0.0,0.0,0.0893392,0.22234799,1.2497729,0,2008
0.0,0.4733541,0.391764,0.0,0.7738583,0.8762684,0.0,0.5920072,7.4991703,1.1181989,0.0,5.71482,5.395097,0.8995857,0.0,1.0395725,1,2008
0.76607376,0.4473856,0.62262154,0.0,0.26817,0.7342927,0.0,0.8301506,0.0,1.2128808,0.7264533,0.0,0.0,0.0,0.46064273,1.5002298,1,2008
0.0,0.53340614,1.0855322,0.08677065,0.08665925,1.6539581,0.0,0.19807845,0.0,0.0,1.7748461,3.136722,0.0,0.71176285,0.96582305,0.4253145,0,2008
1.7000208,0.7472042,1.3067706,0.5191318,0.091466546,1.6432619,0.0,2.3792012,0.0,0.99770784,0.0,0.39703327,0.42094135,0.9506373,0.0,1.1912322,0,2008
1.665394,0.79010576,1.491355,0.0,0.8483494,1.2952154,0.0,1.4602852,0.029669374,0.0,0.2623277,0.14842373,0.705757,1.3568926,0.0,1.1403373,0,2008
2.0539536,0.33402988,0.6166693,1.4921584,0.60258704,1.6394646,0.0,2.4152145,0.0,0.9759111,0.0,0.0,1.2310643,1.6317426,0.0,1.6284585,0,2008
0.7488478,1.077151,0.0,0.78222525,1.5279078,0.8830043,0.0,1.121548,0.0,1.4519535,1.0112146,0.0,0.18123436,0.0,0.0,1.5448067,0,2008
1.0225781,1.2418547,1.9023277,1.6358278,0.8581886,0.925954,0.0,0.88708776,0.0,0.88463175,0.0,0.0,0.6697436,0.5576014,0.10643767,1.9053743,0,2008
0.75459474,1.3337715,0.0,1.3846717,1.7233772,1.4286828,0.088185206,1.5243595,0.563604,0.72989833,0.75939673,0.0,1.6925435,0.6050577,0.0,1.1515399,0,2008
1.2909093,1.0344297,0.89617056,0.6239103,2.3750057,1.4679468,2.7162013,1.0530528,2.21998,0.6107824,1.4290388,0.0,2.8400226,2.2695777,0.0,1.0089368,2,2008
1.272968,1.2927886,0.029141724,0.49265915,0.7174357,0.29276192,0.0,1.1789753,4.5874023,0.10019833,0.0,2.5868063,2.5419374,0.46737868,0.0,1.5617168,1,2008
0.9435843,0.2854102,0.834325,0.7163601,0.0,0.8535118,0.0,0.0,0.0,1.1470149,2.237413,0.0,0.0,0.7786714,4.038795,1.7208519,0,2008
0.0,1.3023701,0.5898936,1.0855876,0.43441814,0.54164684,0.0,0.76690435,0.0,1.2417862,0.51142097,0.0,0.0,0.0,0.36099732,1.466759,0,2008
1.7975671,0.9235636,0.62620616,0.83317393,1.7044413,0.8329769,0.0,1.6234887,0.13759835,0.32904828,0.7514596,0.0,1.667089,1.4745505,0.0,1.5327811,1,2008
0.701007,1.1118865,0.7250896,0.75849193,1.8579711,1.3580024,0.0,1.0843613,0.45317423,0.3954856,0.96529275,0.0,1.9712534,1.2200291,0.0,1.0078874,0,2008
0.22486663,0.15627706,0.22669476,0.87141615,0.0,0.6048336,0.0,0.4361637,0.0,1.2787594,1.3355192,0.0,0.0,0.29138994,3.5985012,1.8880534,0,2008
1.4209037,0.039210916,0.3285696,0.6425681,0.43156514,1.4966705,0.0,1.1538608,0.0,1.2545453,0.0,0.0,0.0,1.0389212,0.008549169,1.6336579,0,2008
0.32954165,0.019916832,0.27630514,0.8680641,0.35797328,1.2835519,0.0,0.16831565,0.0,1.2869703,0.55524504,0.0,0.0,0.22590822,0.27871317,1.576729,2,2008
0.2841161,1.2907302,1.9589378,1.5730627,1.3095363,0.71800464,0.0,1.3959019,0.0,0.71291995,0.0,0.0,1.389432,0.70602864,0.0,1.5694344,1,2008
0.4526503,0.9008012,1.3518157,0.3760742,0.0,0.77096283,0.0,1.2314786,0.0,0.8384973,0.21863097,1.500833,0.0,0.0,0.38123447,1.2163244,0,2008
0.57180953,1.5177298,1.6826916,0.18713501,1.5397521,1.3804125,0.4232335,1.4204891,0.0946776,0.979112,0.3017159,0.0,0.3945576,0.11867112,0.0,0.79851913,1,2008
1.1174626,0.7858998,0.52796376,1.4829025,1.1947522,0.8293624,0.0,1.3270279,0.20339346,0.45476955,0.2920258,0.0,1.5584415,0.6388277,0.0,1.5688069,2,2008
1.5536997,1.3860931,2.8090768,0.66140485,1.7768812,1.2012541,2.8282998,1.9617774,1.586714,0.2795707,0.0,0.0,2.5429587,2.4446745,0.0,1.5478232,2,2008
1.1498019,0.18508005,1.0675164,0.68469256,0.6066743,1.4217916,0.0,0.9928395,0.0,0.45232308,0.24357909,0.0,0.12103677,1.1126211,0.0,1.2005832,0,2008
1.3113775,0.62653327,2.5470898,0.115112126,1.3356068,1.7306144,0.0,1.1244801,0.0,0.12618709,0.0,0.0,1.523871,1.6490052,0.0,1.0317271,0,2008
0.0,0.24927288,1.7150745,0.1283617,0.0,1.4035336,0.0,0.69033617,0.0,0.13169873,1.1917934,0.73598325,0.0,0.0,4.0506496,0.54868364,0,2008
0.8741857,2.030725,1.7775271,0.40671086,1.7342917,1.4644313,4.398766,2.9650621,3.3283048,0.6080111,1.1973274,0.0,1.5658357,2.7215223,0.0,0.6402279,1,2008
1.6211369,1.2667803,1.5964663,1.1060115,1.2926568,1.0456995,0.0,2.5285234,0.0051264763,0.77013266,0.0,0.0,1.7469256,1.3821228,0.0,1.4248282,2,2008
1.3394749,0.9310585,0.0,1.722497,2.2039895,1.6033762,0.7012696,1.082267,0.74676716,0.55381215,0.7380067,0.0,2.6864738,1.5336152,0.0,1.3700151,1,2008
0.9614284,0.26147527,0.6340244,0.6335171,1.2182338,1.3056616,0.0,1.0817333,1.2901719,0.71570283,0.52329546,1.4364452,2.642772,1.4607723,0.0,0.987833,0,2008
1.5802124,0.7522148,0.0,0.9029136,1.394211,0.35751843,2.7531064,0.71270186,3.9215121,0.0,1.2134933,0.0,2.3674996,2.4529676,0.0,1.650121,2,2008
0.0,1.3537662,1.6844251,0.9533533,1.2283242,0.8486952,0.0,0.2524405,0.0,1.1821592,0.28029153,0.0,0.270591,0.0,0.0,1.3685688,1,2008
1.0410705,0.767161,0.6395477,0.5065271,0.68909156,0.8748033,0.0,1.1574352,0.0,0.5038631,0.5466816,0.46742594,0.19903865,0.3334599,0.0,1.3199039,2,2008
1.0411015,0.74043155,0.45664787,0.12536061,2.18265,1.8915894,0.0,0.3674155,0.0,0.70181006,1.5209224,0.0,0.8572669,1.134345,0.0,0.7785362,2,2008
1.1028981,0.0,0.439897,1.3948458,0.15372354,1.3073565,0.0,0.7329981,0.0,1.1500349,0.0,0.0,0.21458429,1.1813033,0.05861114,2.0449405,1,2008
1.318006,0.0663234,0.62305087,0.26993984,0.0,0.79003996,0.0,1.3100252,0.0,1.0728551,0.27248195,0.0,0.0,0.8611781,1.3539022,1.8200592,0,2008
1.130828,0.3780669,0.4713552,0.6913115,0.7198628,1.3724988,0.0,0.0440138,0.0,1.3461379,0.7925657,0.0,0.0,0.4896671,0.38624793,1.8742633,0,2008
0.69051844,0.94384587,0.82156026,1.3560152,0.0,0.9200463,0.0,1.0405922,0.0,1.3247342,1.8537505,0.0,0.0,0.0,5.47131,1.4805908,1,2008
0.9368979,1.4818612,1.9278816,0.9464026,1.9183372,1.201026,2.0065482,1.6802688,1.1209782,0.6480696,0.0,0.0,1.8975563,1.0962613,0.0,1.2746903,2,2008
0.14670122,0.5006024,1.9628321,1.1991644,0.0,0.81396884,0.0,0.37195933,0.0,0.36185464,0.57377046,0.519192,0.0,0.4696811,3.5012267,1.4974842,0,2008
0.7182914,1.9185858,1.5603018,0.90475667,1.8258581,1.6584015,3.7525563,2.2694705,2.1374564,0.6198669,0.6104708,0.0,1.9520891,2.059566,0.0,0.87507814,1,2008
1.1161106,1.8542622,0.86056614,0.88222307,2.7671545,1.9140979,1.4810461,2.0628667,1.1979312,0.7010763,1.1980977,0.0,3.38988,2.1338506,0.0,0.69326234,2,2008
0.44248793,1.4169743,0.7679338,0.6188253,1.1584109,0.81462854,0.0,1.0231484,0.0,0.9796563,0.9670017,1.0941509,0.36813965,0.0,0.0,1.0873648,2,2008
0.0,0.34258777,1.5294297,0.16757339,0.0,1.4045285,0.0,0.72703326,0.0,0.0,1.3555341,2.6134775,0.0,0.51551354,2.3012574,0.3063655,0,2008
1.058417,1.2201407,1.7189834,0.010368347,2.2185187,1.6543444,0.51759434,1.3251724,0.085137054,0.77963877,0.8800501,0.0,1.3868699,0.95243394,0.0,0.65842485,1,2008
0.526948,0.7962184,1.2949746,0.72977865,0.33816177,1.2698431,0.0,0.33518642,0.0,0.8626407,0.0,0.069015875,0.0,0.0,0.049753413,1.6433041,0,2008
2.113864,1.13171,1.2983618,0.9766135,1.0933559,0.91282415,0.0,2.4448607,0.0,0.95079595,0.0,0.0,1.2128899,1.0683806,0.0,1.7098361,0,2008
1.550338,0.4813348,0.3686704,0.49355626,0.39270675,0.7385867,0.0,1.2128171,0.0,0.62161535,0.5667075,0.0,0.0,0.51006645,0.0,1.642044,0,2008
1.226469,1.7478237,0.87576306,1.1947141,2.232481,2.217237,0.87173736,2.558183,0.95676804,0.22784865,0.4313428,0.0,3.4771743,2.2359545,0.0,0.78502464,1,2008
1.3571182,1.3936787,0.9842578,0.22402376,1.9675093,0.90395784,0.0,1.787328,0.0,1.0226991,0.7149837,0.0,0.6954256,0.44619536,0.0,1.2799277,0,2008
1.0616926,0.45348594,1.2604817,0.302119,0.12460035,0.6382597,0.0,0.5009893,0.0,1.1257073,0.19050509,1.0329651,0.0,0.0,0.3888927,1.6815854,2,2008
1.5246842,0.5477205,0.7815432,0.45421594,1.4257149,1.4350178,0.0,0.5481223,0.0,0.73921263,0.31823102,0.14505343,1.2686143,0.68482065,0.0,1.6242433,0,2008
0.6155231,0.61091834,0.6895897,1.5307468,0.29154065,0.6911713,0.0,0.7823963,0.0,1.0574622,0.0,0.0,0.18914834,0.055547714,0.0,1.9546413,1,2008
0.5078423,1.2979226,2.3274097,1.51367,0.9985002,1.0549619,0.39113265,1.60695,0.6742707,0.7360779,0.0,0.0,1.9271586,0.49541843,0.0,1.4117448,1,2008
0.8010686,0.29148048,1.2757802,0.7736145,1.4406376,1.5836985,0.0,0.0,0.0,0.6551454,0.884535,1.865336,1.1151376,0.6263544,0.0,1.2730211,1,2008
1.1490498,1.5149478,2.4490201,0.908078,1.1846018,0.3564487,0.0,2.1599395,0.0,0.5546118,0.2542258,0.0,1.0879141,0.803043,0.0,1.5444767,1,2008
0.7601534,0.55601513,1.402171,0.68106323,1.2734873,1.1299218,0.0,0.5270452,0.0,1.0563685,0.25002742,0.0,0.71448463,0.8154422,0.0,1.6123065,2,2008
0.83620083,0.3833208,0.0,0.0,0.0014909506,0.34577888,5.834738,0.81383383,8.08879,0.0,1.3052981,0.82198983,1.3052351,3.8453782,0.0,1.6079363,2,2008
0.43571186,0.59440845,0.0729785,0.575878,0.0,1.4408871,0.0,1.2810078,0.0,1.4680171,0.19287065,0.0,0.0,0.0,1.0856717,1.4850469,2,2008
0.0,0.88454175,1.9899428,0.36273476,0.0,1.125224,0.0,0.046075404,0.0,0.0,3.7734387,5.61832,0.0,0.29301792,3.0830102,0.1515227,0,2008
0.45547456,0.70942193,0.9383056,0.36015216,0.469509,0.85481703,0.0,1.8873655,0.0,0.19604093,1.117116,0.0,0.0,1.7328672,0.4412137,0.8445355,0,2008
0.8404023,0.6656771,0.7902736,0.592091,1.5943396,1.2636389,0.0,0.34285313,0.0,0.5761391,0.8339315,0.0,1.013231,1.1381354,0.0,1.3660026,0,2008
0.5306674,1.3352085,2.0075827,2.1868489,0.0,1.5466546,0.0,1.3666712,0.0,0.8753687,1.8731294,0.0,0.0,0.80047095,6.607599,0.9338568,0,2008
1.1473075,0.8956218,0.35304773,1.0808401,1.4427524,1.6858788,0.0,2.2797046,0.0,0.8552601,0.48511726,0.0,1.671967,1.6105872,0.0,0.7772245,0,2008
1.0963209,2.1245074,1.0772915,0.46493468,1.7899828,1.3986489,0.016418442,2.8478703,1.0635712,0.40093976,1.1452508,0.0,1.3553995,0.86477125,0.0,0.42925113,2,2008
0.934629,0.0,0.23840505,0.7480215,0.43677145,1.2121255,0.0,0.3448969,0.0,1.3050187,0.5255288,0.0,0.0,0.4627866,0.47579002,1.8037665,0,2008
0.6808614,0.31132677,0.9511126,0.2546128,0.13325578,0.4094452,0.0,0.59539807,0.0,1.1056365,0.5866885,0.0,0.0,0.0867337,0.7406881,1.8654829,0,2008
1.1887623,0.7797041,0.0,0.94199586,1.6477853,1.7971411,3.7148707,1.174688,1.5484216,1.0139248,0.56774783,0.0,1.5437568,2.4387205,0.0,1.2954496,2,2008
1.4150095,1.3235219,0.48036104,1.5563223,1.1092973,1.556649,0.0,3.0156422,0.37148064,0.42310894,0.42856622,0.0,1.9808242,1.7399676,0.0,0.99902856,0,2008
0.42677206,0.4571917,2.7818909,1.3696682,0.0,1.1446711,0.0,1.0878742,0.0,0.72787714,2.6302202,0.0,0.0,0.66891414,7.515825,0.59688544,1,2008
1.0856903,0.0,0.0,0.0,0.42280325,0.62252253,1.6421108,0.0,7.101211,0.81172323,0.27491713,4.4627028,2.9793246,1.5350748,0.0,1.7733605,2,2008
0.39115658,1.0248382,2.4071586,0.70848185,0.23015031,0.76986015,0.0,1.5602233,0.0,0.84994435,0.0,0.0,0.0,0.13219118,0.32254133,1.4302546,0,2008
0.8531432,0.6785108,1.115327,0.44130796,1.9354944,1.8366569,0.0,1.0575829,0.0,0.82907987,0.83799016,0.0,1.5671189,1.5137236,0.0,0.8371059,0,2008
1.0692658,0.92630684,2.9811451,1.2778413,0.34290013,0.932072,1.0452662,0.68327343,0.58139145,0.71127576,0.0,0.0,0.47201866,0.0,0.12913091,1.8723958,2,2008
0.9964485,1.7275409,1.0671124,0.72509724,2.2369514,1.90485,2.6490343,1.6717503,1.6585875,0.12364,1.2721272,0.0,2.7782562,2.4410832,0.0,0.71165067,2,2008
0.86810577,1.1932244,1.155693,1.2797004,2.0943296,1.3777578,0.7907628,1.3050582,0.0,0.6717756,0.6085802,0.0,2.484656,2.2579477,0.0,1.3564065,2,2008
1.4639566,0.9974292,1.9770492,0.96675575,1.8791372,0.5059182,1.1933087,1.4287298,0.7649378,0.28056186,0.529189,0.0,1.8848948,1.5976238,0.0,1.3944705,1,2008
0.51439345,0.049720824,0.7287655,0.0,1.0941746,0.8715768,5.355209,0.27687395,3.0791671,0.3377182,2.493506,0.0,0.0,3.5127196,0.0,0.8783451,2,2008
0.18330407,1.185796,1.0266917,1.2192345,0.0,0.9659974,0.0,2.0794127,0.0,0.33870018,2.581016,0.0,0.0,3.0939887,3.6447883,0.41057003,0,2009
0.96320593,1.3503417,0.7622735,0.744699,0.49266756,0.9531703,0.0,1.1032641,0.0,0.05240935,0.3651939,0.0,0.0,1.0819209,0.0,1.1987522,0,2009
1.63781,1.6376873,1.2201232,1.0638438,0.58644164,0.7443626,0.0,1.4484264,0.0,1.5324383,0.0,0.0,0.2878614,0.97334397,0.0,1.7926064,2,2009
1.2714374,0.07675868,0.84290516,1.0861028,2.120657,1.3412828,0.03655363,0.81373155,1.1058576,0.0,0.6660021,0.0,1.9113522,0.0,0.0,0.8116612,0,2009
1.3536823,1.3618708,1.7203374,0.56840354,1.2662411,1.3757262,1.0936381,0.45242223,0.0,1.52736,0.0,0.0,0.6358238,0.54328555,0.0,1.3036684,0,2009
1.1700363,0.93274105,1.8674357,0.22256541,1.3961612,1.8406165,2.8711998,0.0,1.1815126,1.0849191,0.16732511,0.0,0.43847156,0.21192181,0.0,1.1405772,2,2009
1.1240027,0.75182694,0.8559637,0.8534196,0.84728247,0.683761,0.0,1.5101652,0.0,1.440366,0.22285873,0.0,0.556635,0.9257833,0.0,1.3620204,0,2009
0.6228853,0.7764922,1.136618,0.5800781,1.1216644,1.3058486,0.0,1.2607372,0.0,1.4879975,0.28593415,0.0,0.6250959,0.97414804,0.0,0.89945126,0,2009
0.41088277,0.29896155,0.24295342,0.9044754,0.0,0.31578213,0.0,2.3150759,0.0,1.1032372,1.6966536,0.0,0.0,2.296697,2.0599496,0.93728656,0,2009
0.2900005,0.56051725,0.5330783,0.9087752,0.0,0.48991293,0.0,2.2687368,0.0,1.0929686,1.8434505,0.0,0.0,2.5969684,2.4038634,0.7429912,1,2009
0.66863525,0.71396405,0.2824465,1.4886432,0.3039471,1.4608517,0.0,0.5520419,0.0,0.30205202,0.40529275,0.0,0.07275385,1.9102962,0.31748486,1.4179337,1,2009
0.7259348,0.7360704,1.7102634,1.8732672,1.1464275,1.9739064,3.1729336,2.6008778,3.982073,1.4919962,0.0,0.0,1.5206554,0.0,0.0,0.31958652,0,2009
0.44287756,0.6153915,1.0081961,0.29779133,0.0,0.3128553,0.0,2.4278986,0.0,1.0821294,1.6480305,0.0,0.0,2.343168,1.7095441,0.8043804,0,2009
1.1178445,0.9647807,2.7168345,1.0385811,0.86668897,1.039223,0.0,3.0741248,0.0,0.9055913,0.12365809,0.0,1.3885235,1.3845792,0.0,0.59106624,0,2009
1.10501,1.2781298,3.028505,2.5149007,1.8091346,0.61476666,1.6445425,2.3230326,3.609151,0.0,1.2016466,0.0,2.8353283,0.2209878,0.13657875,0.93437475,0,2009
2.2154717,0.0,0.21950728,0.35069102,0.0,1.654557,0.0,2.2158704,0.0,0.90783286,0.0,0.5813929,0.0,1.5374001,0.71497375,0.7960979,2,2009
1.9019318,1.1042023,2.2791553,0.0,1.6443275,0.9103937,0.13824172,1.371017,0.987824,0.092832804,0.6163978,0.0,1.2369844,0.43900466,0.0,0.7982346,2,2009
1.6698041,0.0,1.6238909,2.8800435,1.2277486,1.7009524,0.0,2.7089248,1.3452682,1.1037288,0.0,0.058612585,3.386284,0.25630403,0.0,0.7503932,0,2009
1.2750832,0.0,3.8233871,0.9137621,0.81591386,1.5747354,4.4029293,1.5538824,4.366726,0.25176454,0.42083848,0.0,2.1936045,1.4059206,0.9846515,1.0501617,2,2009
0.53990686,0.8532658,2.1362214,1.1123203,2.204138,1.5283663,1.9655584,1.1412283,2.8069947,1.1744745,0.9417001,0.0,2.5293558,0.0,0.0,0.29728872,2,2009
0.55355906,0.0,1.188257,1.3834695,0.17119318,0.6934861,0.0,1.5087769,0.0,0.84233624,0.47064775,0.0,1.4349327,3.0135856,1.0068817,1.3354659,0,2009
0.5312157,2.273995,0.7146649,0.57053804,0.46992683,1.1218251,0.0,0.0,0.0,1.0865843,0.98838055,1.7466068,0.0,1.3062818,0.0,1.6640408,1,2009
2.0775018,2.085197,0.0,0.38256103,0.077563345,0.88525033,0.0,0.7867559,0.0,2.0632155,0.68618333,2.2683501,0.0,0.02058667,0.0,1.977222,2,2009
1.430624,3.8284264,0.8719721,0.5683047,0.8381113,0.7092268,0.0,0.1043458,0.0,1.0047543,1.1591399,1.3912995,0.0,0.0,0.0,1.9677474,2,2009
1.0779523,0.59343874,1.3316203,0.8743826,0.11978495,1.259908,0.0,1.105865,0.0,0.0,0.0,0.0,0.30950403,2.2240372,0.0,1.3029344,0,2009
1.2547753,0.8132422,1.4416827,1.0399632,1.744479,0.49123362,0.0,2.1621275,0.89430535,1.230655,0.5744332,0.0,1.8134818,0.152524,0.0,1.0330952,0,2009
0.0,0.9622417,0.69212115,2.206474,1.6853149,1.9911336,1.1372353,1.494628,0.94301224,1.6237934,0.0,0.0,2.181824,0.0,0.0,0.62978256,1,2009
2.5270662,5.1486897,1.4355253,1.7977173,0.10779357,1.5081667,0.0,0.38092822,0.0,2.0246205,2.0640922,2.3533945,0.0,0.6038458,3.0539155,2.1138885,1,2009
0.0829016,1.8111564,2.0055766,0.37375864,1.8703784,0.83150995,0.090015694,1.333009,0.10350183,0.6683816,1.0546944,0.0,1.2424849,0.66761637,0.0,0.51819503,2,2009
0.391049,1.1863885,1.2000551,1.1267519,1.7497896,1.5532339,2.450509,1.2036096,1.8112397,1.4925382,0.11184484,0.0,1.3473346,0.0,0.0,0.64329123,2,2009
0.77243024,0.8233114,0.4774436,0.61133045,1.7315048,0.56135356,0.0,1.4912704,0.077858984,1.5016117,1.0312026,0.0,0.6605607,0.0,0.0,0.84819007,0,2009
2.8119617,1.3666351,2.0293217,0.073433876,1.3069162,1.8777661,0.0,1.8477116,0.0,1.6780436,0.0,0.0,0.3528127,0.0,0.0,1.1768911,0,2009
1.1985875,0.25740114,1.2513857,0.9844153,1.9748851,1.5615737,1.765616,0.0,0.64441586,1.5970632,0.11351943,0.0,1.1385458,0.098032475,0.0,1.3441598,2,2009
0.5653362,1.1325438,0.4761522,0.8113165,0.38197282,0.40278557,0.0,1.3712914,0.0,0.0,1.0363673,0.0,0.0,1.2771306,0.23265225,1.2016317,2,2009
0.32102612,0.8292141,1.3479019,0.94731086,1.4064934,1.088675,0.04218071,2.0264742,0.21807611,1.1961482,0.540102,0.0,1.5134859,0.6897171,0.0,0.49815223,0,2009
1.4704921,0.3925764,2.1931925,1.4933462,1.4801681,0.9605376,0.0,1.7458576,0.9774928,0.0,0.0,0.0,2.6763816,1.0550693,0.0,1.0506345,0,2009
1.698036,0.1336186,0.5807239,0.8165433,0.7478626,1.8803259,0.0,0.6743171,0.0,1.3187063,0.0,0.27702624,0.43548936,0.59772974,0.0,1.1028318,1,2009
1.1680117,1.4668438,0.95659155,0.68823224,1.5708206,1.4598944,1.0290834,0.8383807,1.3084857,0.15986359,0.4864388,0.0,0.5253421,0.0,0.0,0.58797693,2,2009
1.85756,0.0,1.7801697,1.0106041,1.07883,0.9573237,0.0,1.6879289,0.0,1.0848917,0.0,0.0,1.8968444,1.3476782,0.0,1.2278439,2,2009
0.59479374,0.53319776,1.2050605,1.7890093,1.2457741,1.149928,0.0,1.8452442,0.28933972,1.1854494,0.0,0.0,2.4287105,0.8080971,0.0,0.9650541,0,2009
0.7928214,0.9008347,1.9662126,0.7964965,1.3272691,1.2961519,3.5595093,1.6376224,3.1432981,1.1852533,0.009599924,0.0,1.3659735,0.21610141,0.0,0.8660004,2,2009
1.9026897,1.157126,1.62677,0.26676455,0.0,0.7955713,0.0,0.9610804,0.0,0.0,2.907465,0.39461046,0.0,3.039698,4.7499847,1.001484,1,2009
1.0396361,0.9052752,1.5553665,0.5867007,1.9412987,1.2303185,0.0,1.7185104,0.7470273,0.8075869,0.47954914,0.0,1.8161857,0.11501354,0.0,0.62101185,0,2009
1.7547508,0.74262416,0.8700611,0.6673834,0.7194175,1.7892869,0.0,0.5776328,0.0,1.8199055,0.0,0.38674974,0.20517904,0.79282826,0.0,1.4114019,0,2009
2.0800939,1.7731825,1.1280061,0.49020445,0.92468745,1.8309141,0.0,0.58072984,0.0,1.9910841,0.22716719,0.0,0.0,0.0,0.0,1.548583,1,2009
1.1016287,1.6425714,1.8494029,0.382284,1.6190674,1.4765775,0.9340775,0.3635307,0.40855432,0.06270993,0.46661794,0.0,0.5902305,0.29945803,0.0,0.91471916,1,2009
1.8453329,0.6550812,0.58288443,0.98847395,0.598268,1.3664064,0.0,1.9039674,0.0,1.6552511,0.0,0.0,0.47103655,0.54991406,0.0,1.4024469,0,2009
1.7915329,0.2780332,1.2210901,0.94381225,0.29528984,0.6744874,0.0,2.3787637,0.0,1.0837265,0.04135281,0.45203787,1.2179751,1.5189526,0.056442127,1.2421622,1,2009
1.6888297,0.50695074,1.6361003,0.998557,1.7831731,0.8031135,0.9234136,1.157549,1.2286003,0.17374784,0.1628522,0.0,1.7328625,0.5216837,0.0,1.2063935,2,2009
1.8779168,0.6418226,1.0858414,1.4837232,0.0,1.4098632,0.0,0.92437434,0.0,0.110523105,2.0346687,0.0,0.0,3.0985065,4.7892146,1.2937559,2,2009
1.0424299,0.5865542,0.0824818,0.40174145,0.16139567,1.1037875,0.0,1.420604,0.0,1.2023056,0.6163017,0.0,0.0,0.9198966,0.46059078,1.1215208,0,2009
0.193658,1.2178999,0.55676246,1.8223851,1.9602476,0.9928644,1.5639817,0.6874747,1.0443137,1.6058272,0.25005454,0.0,1.6799307,0.0,0.0,1.2081304,2,2009
0.98574126,0.72017395,1.8449061,0.5294983,1.6065445,0.8284886,0.0,1.3871795,0.0,1.1340393,0.2955544,0.0,1.5203212,0.951751,0.0,1.0589125,2,2009
0.06586468,0.54671466,0.5121088,0.88337374,0.0,0.10518187,0.0,1.8775563,0.0,1.0294552,3.0659032,0.052600153,0.0,2.7593434,3.2807214,0.7106227,0,2009
0.3357087,0.9899369,0.7336944,1.117104,0.8942824,1.0151473,0.0,0.43348777,0.0,0.57904667,0.5993648,0.0,0.7103389,1.2565935,0.0,1.2712498,2,2009
1.2779322,0.52275884,1.1578274,1.1611956,1.2192417,0.69771516,0.064380415,1.5927565,1.044738,1.2642134,0.0,0.0,1.9690583,0.3219009,0.0,1.1893729,2,2009
0.3675224,0.6332756,1.235204,0.7431176,0.7811001,1.1771588,4.5639443,0.9030937,3.915166,0.0,0.7074771,0.0,0.0,0.36353904,0.17599803,0.70740473,2,2009
0.0,1.4099767,1.124755,0.72696245,1.9212695,0.98697495,0.103459835,0.0,0.0,1.6099138,1.2031188,0.3831784,1.2258595,0.4663331,0.0,1.0143596,0,2009
1.0308102,0.85383856,2.513127,0.58791107,1.9125385,1.2364948,0.9799065,1.3157275,0.84282106,0.95771605,0.3119841,0.0,2.332883,0.9045723,0.0,0.80896926,0,2009
0.8589071,1.4203107,1.5746422,0.34016836,1.4316685,1.5576003,3.219268,0.5371001,1.70507,1.6046524,0.41277412,0.0,0.0,0.0,0.0,0.7673838,2,2009
0.21727902,1.661187,1.5956519,0.81755024,1.8671718,0.94175124,3.2566342,0.99529904,2.6918201,0.8089487,1.1118635,0.0,0.9576262,0.092776835,0.0,0.64143586,1,2009
1.9127879,0.8136772,0.8608271,0.3772342,1.0768818,1.0176883,0.0,1.2241234,0.0,0.57551855,0.2443935,0.0,0.21973568,0.30165792,0.0,1.2183495,0,2009
0.9603261,0.93309903,0.7965115,0.0,1.4179075,1.3239673,0.0,0.76571983,0.0,1.6960067,1.006726,0.6354626,0.06916702,0.0,0.0,0.6616891,2,2009
0.92697394,1.3484498,1.0346254,1.287648,0.0,0.71571827,0.0,1.5678302,0.0,1.2177994,0.40592086,0.0,0.14678967,2.171744,1.2566665,1.6805053,0,2009
1.0930897,0.4260349,0.3141461,0.34826663,0.4386744,0.89091444,0.0,0.8304404,0.0,1.4949503,0.89889705,1.3819292,0.17963225,0.9670081,0.0,1.1368991,1,2009
0.24254608,0.7229537,0.36957818,1.9116831,1.8419167,1.6851165,1.1658454,0.6919139,0.71287584,1.7194372,0.021213412,0.0,1.9323084,0.0,0.0,1.0526574,2,2009
0.8162164,0.8555276,0.73026764,0.4018523,0.81946445,0.91875917,0.0,0.0,0.0,0.18187535,1.2344413,0.21634662,0.0,1.5577178,0.0,1.4924449,0,2009
2.0440583,0.05091971,1.1351883,1.5564914,0.030474007,0.8831379,0.0,2.1440578,0.2708875,0.0,0.0,0.1842683,1.8834875,2.117114,0.46086222,1.4477521,2,2009
1.2825959,1.120636,0.38846326,0.24091822,0.57710254,1.0050128,0.0,0.015067875,0.0,1.8422937,1.3397603,2.1200423,0.0,0.24352378,0.11245096,1.405917,2,2009
1.2444452,0.54539037,1.2505492,0.1289137,0.0,1.5680654,0.0,0.9159496,0.0,1.4247218,0.8681226,0.21277577,0.0,2.4120104,2.0604522,1.0456947,0,2009
1.4640349,0.97715265,1.3293986,0.6958326,0.64274657,1.0896072,0.0,2.2420425,0.0,1.5295784,0.0,0.0,0.22434193,0.54359514,0.0,1.1544802,1,2009
1.5141917,0.0,1.2266572,0.97154814,1.3241658,1.2620387,0.0,1.1462255,0.0,1.4043815,0.0,0.0,1.5538058,0.569969,0.0,1.1371919,1,2009
1.3887693,0.59334296,1.0642492,0.86177695,0.99232584,0.68581927,0.0,0.9809578,0.09419221,0.8830527,0.1499837,0.12516996,1.5696068,0.8562975,0.0,1.4891921,1,2009
2.3608809,1.5433425,1.2884429,0.70107675,0.0,0.7304158,0.0,1.666807,0.0,1.3923614,0.8643083,0.0,0.0,1.7728398,2.7900388,1.7614033,0,2009
0.0,0.35475424,0.772547,1.5776949,0.0,0.67282873,0.0,1.4422202,0.0,0.1785484,2.615078,0.0,0.0,3.2626195,3.6988974,0.70993,0,2009
0.9535619,0.6851529,1.8932271,0.87211627,1.6381211,1.4079531,3.4118521,1.174927,2.2474537,1.170675,0.0,0.0,1.7746036,0.83334017,0.0,1.1146592,2,2009
0.9319133,1.6037891,1.3751565,0.43637568,1.9206166,0.8741179,0.25908387,0.5940641,0.2970921,0.017619729,0.90838623,0.0,0.31532633,0.085513234,0.0,0.87182933,0,2009
0.4180112,1.9880797,0.4600407,1.195219,1.5591257,1.2114534,0.66258806,0.7995178,1.741319,0.21906817,1.0788453,0.42885172,0.76822263,0.0,0.0,0.39193022,0,2009
1.3343465,0.8166174,2.050291,0.6221187,1.7296056,0.64462304,0.59655476,1.541008,1.5625961,0.92943925,0.51548743,0.026452363,2.3150482,0.5756541,0.0,0.9203042,1,2009
0.9345791,1.3611408,0.95668757,0.07112861,1.2964981,0.97184,0.0,1.3907897,0.0,1.5676875,0.674439,0.0,0.27263445,0.204216,0.0,0.9225867,1,2009
0.6456362,0.8767989,1.2725844,0.90104043,0.8926293,0.9351301,3.8679256,1.5857513,3.9925065,1.3407967,0.0,0.0,1.0722247,0.4100113,0.0,1.0046438,1,2009
0.96001315,0.90381676,1.6034589,0.14067394,1.3640969,1.2626638,0.0,0.1277886,0.0,0.9915917,0.5978756,0.549699,0.86540115,0.8834786,0.0,1.0693312,0,2009
2.0392933,0.48398346,1.0754185,1.6520431,0.9008316,1.1448685,0.0,1.7909636,0.0,0.0,0.0,0.0,1.7629597,1.3602617,0.0,1.5765703,2,2009
0.6196301,0.7212459,0.85611856,1.4870268,1.1089437,1.1500708,0.0,0.46838805,0.0,1.6459198,0.1945248,0.0,0.86827946,0.90836567,0.0,1.5919623,2,2009
0.41086993,0.5890546,0.022251189,1.4579284,0.0,1.3469654,0.0,0.6112046,0.0,0.14759386,0.5233025,0.022330798,0.0,1.9193621,1.1831486,1.233108,0,2009
0.37315682,1.319016,0.31840384,0.32171574,0.99164915,0.95938915,0.0,0.36357605,0.0,1.8129178,1.1172059,0.15421097,0.0,0.5987115,0.0,1.1575433,1,2009
1.2328215,0.24807945,0.79960686,1.1656468,0.56113863,0.32891262,0.0,1.2145723,1.1427,1.2295552,0.0,1.8170177,2.5767758,1.1713196,0.0,1.5164411,0,2009
0.45941,1.1140112,1.46274,1.1420797,1.5636582,0.83018,3.343568,0.73706865,2.2578907,1.2562579,0.44888067,0.0,1.0905316,0.37327367,0.0,1.1261494,2,2009
0.62845784,0.30456465,1.0335023,1.5450113,1.6164758,1.7772939,0.44205177,0.90913296,0.4391067,1.4775882,0.0,0.0,2.3205726,0.4902862,0.0,0.8195377,2,2009
0.18615466,1.0329009,0.2121132,1.2521247,0.7818189,0.92333984,0.0,1.6618352,0.919169,0.43308,0.76472706,0.49117798,1.276609,0.25784123,0.0,0.5578965,0,2009
1.3689346,1.0730169,0.7093671,0.22961864,0.0,1.7281573,0.0,0.9046076,0.0,1.7594082,0.69816893,0.9081613,0.0,0.94235617,1.9463693,0.9826744,1,2009
0.6568443,0.5484983,0.5355901,0.71579397,0.39923933,1.218499,0.0,0.62762576,0.0,1.6758223,0.45186657,0.0,0.0,0.9598841,0.32779506,1.2153683,0,2009
1.1335214,0.4780436,1.7170662,0.12034732,1.6778755,1.3441136,0.31730098,0.8024328,0.49737495,1.316072,0.36139256,0.03121882,1.6653037,0.5578868,0.0,0.8095576,2,2009
1.541306,0.28568324,1.0936834,1.0367785,1.1227857,0.6447387,0.0,0.9418223,0.0,1.2834984,0.28956437,0.56853616,1.2355427,0.50708187,0.0,1.30785,0,2009
0.6344273,1.1834401,0.9791974,0.0,1.4145932,1.1114528,3.8580575,0.13159949,2.9422364,0.29773092,1.2673066,0.0,0.0,0.0,0.0,0.6428087,2,2009
1.2740233,0.3686998,0.4603382,0.009116411,0.0,0.6117732,0.0,1.65345,0.0,1.4657358,1.796076,0.0,0.0,1.276373,3.0942953,0.9552144,0,2009
0.7387992,0.0,0.48192373,0.25390413,0.0,1.01364,0.0,1.2859318,0.0,1.234392,2.9272976,0.0,0.0,3.0425227,4.0609064,0.60738015,0,2009
1.2052464,1.1984638,2.231588,0.49938938,1.9295082,0.50764513,0.6898053,1.6763847,0.9162985,0.88342744,0.6897322,0.0,1.9578586,0.84075624,0.0,0.94815856,0,2009
1.7338593,0.8023558,0.919679,1.1561314,1.12302,1.070833,0.0,1.6387558,1.7017305,0.03327012,0.17094064,0.12841861,1.7322309,0.24486923,0.0,1.029501,0,2009
0.9146679,0.13855654,0.86180395,1.4121826,0.0,1.0774919,0.0,0.63505054,0.0,0.8515797,3.0624716,0.0,0.0,2.7017193,5.1763144,0.9966285,0,2009
0.7765382,0.83989364,0.3858652,0.8113517,0.38271672,0.8501955,0.0,1.6956308,0.0,1.4185766,0.40823555,0.0,0.0,1.264414,0.02098997,1.1148698,0,2009
1.029275,0.0,0.4789967,1.141647,0.0,1.0134987,0.0,1.3975593,0.0,0.0,2.2576518,0.0,0.0,3.9531047,4.450683,1.0592061,0,2009
1.3449826,0.5250668,1.0159338,0.0,1.332267,0.8942127,0.0,0.9105961,0.0,1.4340756,0.965747,0.42074162,0.3594648,0.6968845,0.0,1.0375369,1,2009
0.9542653,1.1901644,0.81990063,0.4677775,0.78493327,0.58064044,0.0,0.45163065,0.0,1.4927773,1.0098803,1.8077688,0.34428936,0.7668303,0.0,1.3871309,2,2009
0.19012368,1.6576617,1.3173509,0.4559243,1.3481452,0.46815962,3.8603768,1.0164387,3.8771644,0.0,1.4364529,0.0,0.0,0.6166122,0.0,0.7421078,0,2009
0.69230294,0.77116793,1.4634416,2.5171266,1.9241581,1.4187386,1.7174402,1.7342699,1.3840926,1.0563619,0.0,0.0,3.8385296,1.4364803,0.0,1.1485529,0,2009
1.8506713,0.066532075,1.0824574,0.7996122,1.1181091,0.90653986,0.0,0.38777655,0.4278557,0.37081537,0.17332971,0.45886713,1.6804788,0.8584918,0.0,1.41972,1,2009
1.5492373,0.6344618,1.9880245,0.02622956,1.7772108,0.87458354,0.55228543,1.40852,1.752336,0.9631379,0.71149856,0.24793267,2.332367,0.64743316,0.0,0.74111176,0,2009
1.4541323,0.23986426,1.1215471,1.401193,1.6852217,1.1513546,0.68779474,1.6079085,1.4375618,1.1933209,0.0,0.0,2.8196146,0.80302286,0.0,1.0577276,0,2009
1.1888015,1.4434309,1.8542485,1.2238996,1.5002558,1.1649128,0.9740067,2.0093875,0.7574841,1.4063504,0.0,0.0,1.6054163,0.27949035,0.0,1.1307979,0,2009
0.695688,2.2020721,0.97561073,1.2519904,1.0658419,1.2934566,0.0,0.25830382,0.0,0.3904673,0.3703485,0.051531166,0.09499097,0.0071122646,0.0,1.296385,2,2009
0.9997107,2.637669,1.3485569,1.7535117,0.0,1.1281184,0.0,1.0549958,0.0,0.6826516,3.4274404,0.4156803,0.0,1.1958554,5.079678,0.8981705,0,2009
0.8669481,0.8876511,0.8483347,0.57027894,1.5845621,0.751589,0.018323883,1.3404866,0.9638644,0.84131855,0.7810345,0.0,1.3329681,0.04863876,0.0,0.7436995,2,2009
0.8261337,0.6345906,1.9854221,1.5689486,1.334676,1.4485903,0.30133173,1.2588482,0.40312654,1.1921778,0.0,0.0,2.4697223,0.79204047,0.0,1.0039743,2,2009
0.6143174,0.5207435,1.1601229,1.5481634,0.7046813,1.4929342,0.0,1.1475986,0.0,0.0,0.0,0.0,1.6269207,1.2489917,0.0,0.8738153,1,2009
0.5128591,0.81423277,0.8351802,0.6832806,0.33327106,1.300842,0.0,1.4018531,0.0,1.5070548,0.1972526,0.0,0.0,0.6984867,0.32918137,0.8090287,2,2009
1.0363019,1.2372226,2.15585,0.42996612,1.1177127,1.4439118,4.1609955,2.4993262,3.5954773,1.2710751,0.29369408,0.0,0.9411527,1.175317,0.0,0.65211654,2,2009
1.058501,0.50919855,2.0857542,0.8534677,1.2621983,0.98608774,0.0,1.0064472,0.028336346,1.113119,0.0,0.018220998,2.0265493,1.0397927,0.0,1.1669862,0,2009
0.64445245,1.3479304,1.6982763,0.9592407,0.64346474,1.2862906,0.0,1.4163699,0.1030858,1.5002306,0.0,0.19849,1.4355167,0.60728276,0.0,1.1760457,2,2009
0.9726943,0.0,0.43247673,0.76862234,0.20273098,0.9274208,0.0,0.4924664,0.0,1.457308,0.70211476,0.0,0.0,2.0006676,0.9117403,1.5491883,2,2009
1.6001859,0.62337077,0.76209235,0.65088904,0.4327512,1.0050722,0.0,1.3613875,0.0,0.8165306,0.21642125,1.4049789,0.66854477,0.56424856,0.0,0.92598,2,2009
1.5769464,0.27448586,1.9428327,0.24301893,1.6005828,1.7470915,3.5300407,1.1679696,1.9639201,1.1451848,0.042248547,0.0,1.5670967,1.2629032,0.0,1.0230113,2,2009
1.3297069,1.5746973,2.4053721,0.16406858,1.3683109,1.4285494,1.2774463,1.5555776,0.6196356,1.3192778,0.0,0.0,1.0317338,0.38035682,0.0,0.9639607,0,2009
0.59991807,0.0,0.982519,2.0966618,0.0,1.4788532,0.0,0.9589699,0.0,0.0,2.6837606,0.0,0.0,3.817036,5.493297,0.79708683,0,2009
1.0483141,0.8077862,0.0,0.9919707,1.0729545,0.63389397,0.0,1.3820283,0.0,1.6744723,0.5811191,0.0,0.638956,0.0,0.0,1.2882038,1,2009
0.8808684,0.2824764,1.8039529,0.0,0.053768277,0.8554036,5.417411,1.9402792,6.224179,0.23406231,0.12836182,0.0,0.42901254,1.9392471,0.0,1.1989958,2,2009
1.5569345,0.33497688,1.2449758,1.0592288,1.0425162,0.68750143,0.0,1.6648047,1.281854,1.244731,0.0,0.65766186,2.1200345,0.3201263,0.0,1.1511093,1,2009
1.1263468,0.5094649,0.71854067,0.60618454,0.7207852,0.90347475,0.0,0.9502204,0.0,1.5722264,0.40651646,0.0,0.16076615,1.1199435,0.0,1.4206938,1,2009
1.2448432,1.8396411,1.7078553,0.5822545,1.4851117,1.5369577,0.4820022,0.0,0.22196656,0.1400801,0.6843697,1.13045,0.85478365,0.21946102,0.0,1.0604854,1,2009
1.0999961,1.9460204,2.0731752,0.23401508,1.8027225,1.1912924,2.475203,1.9128448,1.8511853,1.4086342,0.62677664,0.0,0.41273612,0.0,0.0,0.5002103,1,2009
2.4532428,2.5497572,2.5438485,2.8147645,0.0,2.2262864,0.0,0.6300639,0.0,1.302069,1.9755375,0.11406489,0.0,1.4229228,6.579591,1.1675314,1,2009
0.16131836,1.2309124,1.1190778,1.6449437,0.0,0.73143417,0.0,1.3872304,0.0,1.3177999,2.0839615,0.0,0.0,1.8136302,3.7574112,1.0404472,1,2009
0.6792929,0.9571451,1.5151122,0.8634118,1.7982554,1.0902004,1.3741201,1.0439671,1.4969809,1.234047,0.366451,0.0,2.2429538,0.6042825,0.0,0.87572277,0,2009
0.30217487,1.4777949,0.21332967,0.72635174,0.994805,0.5324234,0.0,1.3208513,0.0,1.6616302,0.9349263,0.0,0.009992778,0.030815423,0.0,1.0946126,2,2009
1.2295225,0.9165968,0.85317,0.20852852,0.8941843,0.69993454,0.0,1.5511129,0.0,0.0,1.0558958,0.0,0.14753813,1.2000566,0.0,0.98190236,1,2009
0.90368176,1.6041093,0.3988508,0.23629943,1.2290049,0.88294864,0.0,0.49620155,0.2701982,0.15131867,1.7088692,2.4512777,0.2500612,0.0,0.0,0.7339574,0,2009
0.61017567,0.96869385,0.5290941,0.22175232,1.2908716,1.3969768,0.0,0.6940651,0.0,1.1063908,0.83281547,0.2838331,0.6146036,0.35285187,0.0,0.6223248,2,2009
0.5204338,0.43532887,0.0,0.88544023,0.7709256,0.086467385,0.0,0.10451573,0.0,1.5442107,2.124072,1.9896652,0.5195931,0.59238994,0.05537939,1.4935318,0,2009
0.69101554,0.29806116,1.923348,1.118096,1.7764103,1.9332337,0.4818927,1.1584485,0.42469597,1.1841096,0.0,0.0,2.6042166,0.7786838,0.0,0.5284163,0,2009
0.24473238,1.2552607,0.9307912,1.1650151,0.22354704,1.3039222,0.0,1.8931997,0.0,1.4203401,0.0,0.0,0.0,1.2605017,0.36107692,0.93813276,1,2009
1.2586133,1.2021493,1.357313,0.6375149,0.9098696,1.1806756,0.0,1.2543901,0.0,1.5413039,0.0,0.0,0.46797603,0.7646821,0.0,1.2682128,1,2009
1.516511,1.3046353,0.483977,0.0,1.7213309,0.14271653,0.0,1.3486147,0.8194975,0.06263232,1.6144197,0.0,0.40057874,0.35555062,0.0,1.037533,1,2009
0.72001076,1.0902646,1.2286923,1.028031,1.022656,1.298989,0.0,1.8554275,1.6610758,0.9077305,0.020323038,0.79323864,2.114637,0.18471384,0.0,0.57660425,2,2009
0.7279352,0.7834656,0.90402335,0.0,0.8908808,1.2595057,0.0,0.0,0.0,0.4904589,2.2043436,4.0942106,0.064386725,0.82601434,0.0,0.55113363,0,2009
1.3418431,0.7979434,1.1343527,0.4210505,0.7776,1.2121465,0.0,0.0,0.0,1.7831106,1.131511,0.0,0.0,0.39347196,0.87705386,1.6664246,2,2009
0.75502205,1.0383801,1.5970731,1.0613388,1.8783503,1.285172,2.3054667,1.4827514,1.9173765,1.2738196,0.39140105,0.0,1.733372,0.3575291,0.0,0.6465698,2,2009
1.1859756,0.83895093,1.3624468,0.41754553,1.0310371,0.78915244,0.0,0.013912559,0.0,1.3460863,1.2252489,3.6687918,0.92048943,0.70584476,0.0,1.183376,0,2009
0.51775885,0.29762432,0.18848413,1.102751,1.2865565,1.0049742,0.0,0.8621194,0.0,1.5957323,0.8465972,0.0,0.7824666,0.70068836,0.0,0.9984188,2,2009
0.9157832,1.5542305,1.3116602,1.2323529,0.0,0.99087393,0.0,0.76590073,0.0,1.402222,1.6660256,0.0,0.0,1.5037605,3.6444013,1.3074863,1,2009
0.6062087,1.1932013,0.9175933,1.7466083,0.0,0.5395261,0.0,2.3653681,0.0,1.1702178,0.83550894,0.0,0.0,1.9598355,2.2986345,1.241989,0,2009
0.6428189,0.5710534,0.6984693,0.41704088,1.3330355,1.5272801,2.4117663,1.2498386,6.369566,1.4847207,0.0,1.5600195,3.7964253,0.3684709,0.0,0.50179815,2,2009
1.2527282,0.810181,1.1525428,0.0,2.009084,1.1102127,3.6765208,0.60509485,2.1918128,1.3803809,1.1053923,0.0,0.4021509,0.9370944,0.0,0.9291476,2,2009
1.5974085,0.87331444,1.4067307,0.0,1.6263381,1.3196795,0.0,0.6058912,0.0,1.5065199,0.5500002,0.23565248,0.50750804,0.16600764,0.0,0.9570819,1,2009
0.95509076,1.4362653,1.4774573,1.1971662,1.242904,1.7247684,0.0,0.6168884,0.0,0.21333653,0.0,0.0,0.6876168,0.43490592,0.0,1.0849819,0,2009
0.92556345,0.44923502,0.9682031,1.6035646,0.0,0.94214815,0.0,0.6726474,0.0,0.70536727,3.9858985,2.1652412,0.0,2.911409,5.763747,0.704545,0,2009
0.9358334,0.51985276,0.58106893,1.3998508,0.58184135,0.91404045,0.0,0.8489417,0.0,0.0,0.4976528,0.0,0.6626945,1.0581228,0.0,1.252174,1,2009
1.4164722,0.82673717,0.52399796,0.72567797,1.5751102,0.5356468,0.0,0.7609381,0.0,1.6801412,0.58530104,0.0,0.970143,0.7031124,0.0,1.7438688,2,2009
0.8207538,0.31663987,0.6654793,0.87017125,0.84847426,0.0759061,0.0,1.0014025,5.391026,0.28020287,0.0,3.0884042,4.0437145,0.5103738,0.0,1.2019455,1,2009
1.3332169,0.86231816,2.3111925,0.37499434,1.613349,1.1576729,0.40299964,1.092966,0.023038745,1.1712519,0.0,0.0,1.2325691,0.58068347,0.0,0.9353597,2,2009
0.7836155,1.1659533,1.4293915,0.18261293,0.49953747,0.58434045,0.0,1.9019921,0.0,1.346385,0.82263064,0.0,0.0,0.35430887,0.24575171,0.8341385,0,2009
1.6612501,1.3985915,1.104535,0.9353202,0.0,0.43158945,0.0,1.5443788,0.0,0.1278792,1.5423017,0.0,0.0,1.6626121,3.4715476,1.5802456,1,2009
0.38401353,0.35416216,1.0899813,1.085651,1.3374112,0.9359337,0.0,0.9723817,0.0,1.3394678,0.4787627,0.0,1.4044206,0.8333912,0.0,1.0072974,2,2009
1.029512,0.45894128,1.5002332,0.98954666,1.534389,1.7945395,2.5924404,0.777076,1.435102,1.2962329,0.0,0.0,2.2187934,0.9462918,0.0,1.1075553,1,2009
0.7439014,1.5784677,0.54826355,1.4658694,1.6651465,0.9544268,0.15534104,1.3104366,0.68641335,0.091324925,0.5130129,0.0,1.2301137,0.19646609,0.0,1.0448759,1,2009
0.5250958,0.8119969,0.57200825,0.0,0.77919877,1.2150005,0.0,0.6424964,1.7435083,0.47808468,0.6144758,2.607439,1.4376059,0.1571222,0.0,0.33399832,0,2009
1.061321,1.2063363,1.2370938,0.9116515,2.2012491,0.98850554,2.2112582,1.5785668,1.8622925,1.2400103,0.700779,0.0,1.7695341,0.59142053,0.0,0.75538033,1,2009
1.20842,0.563261,1.6362864,0.7222083,1.2454805,0.91232467,0.0,0.0,0.0,1.4762986,2.482346,6.848743,1.4395576,1.2037312,0.0,1.0477456,0,2009
0.7577955,1.25727,1.0267913,1.7343185,0.0,1.4215292,0.0,0.565662,0.0,1.5274277,1.6118181,0.0,0.0,1.485718,4.3018093,1.276592,1,2009
1.7229105,1.0039603,1.2891022,0.0,0.9038692,1.8188062,0.0,1.0027872,0.0,1.7339329,0.0,0.0,0.0,0.6646822,0.0,1.1875838,2,2009
0.6734546,0.0,0.1394034,0.0,0.0,0.7619469,0.0,0.8725858,6.960808,0.1956225,0.0,5.744718,3.852617,0.8401279,0.0,0.7680421,0,2009
1.0043626,0.29650864,0.7469562,1.1398371,1.2894366,0.9521369,0.0,0.7884835,0.0,1.4886527,0.3201251,0.0,1.3171377,0.57782245,0.0,1.2601228,0,2009
1.2215586,0.5878744,1.198676,0.12310219,1.3874359,1.1857232,0.0,0.9785863,0.0,1.6150656,0.25700584,0.0,0.4722908,0.4387737,0.0,1.1005665,0,2009
1.6478562,1.6577418,1.5156479,0.7569983,0.6693326,1.1536496,0.0,0.33727705,0.0,0.03111273,0.5657815,2.0980759,0.09155834,0.30777884,0.0,1.2788055,2,2009
1.2279918,0.8058949,1.668667,1.4445131,1.8504609,0.8162117,1.0154625,1.8859208,0.9873845,0.95878565,0.11638427,0.0,2.718994,1.2689263,0.0,1.0894305,2,2009
0.9708124,0.98140407,1.1119153,0.813845,1.7697884,0.5707048,0.0,1.6320822,0.0,1.2806534,0.5038624,0.0,1.200989,0.6566468,0.0,1.1160867,1,2009
0.46952173,1.1395226,0.9545229,0.63878405,1.4497492,1.3602887,0.357912,1.1194949,0.0,1.5714955,0.29439873,0.0,0.8340701,0.28645694,0.0,0.7763653,0,2009
1.6179875,0.8540525,1.2975512,0.5259633,1.2969918,0.91653705,0.44178987,0.76632464,2.6241806,0.23489523,0.21462452,1.2233293,2.3617537,0.9059576,0.0,0.99391687,0,2009
1.4419541,1.184576,0.81834006,0.4502555,1.9900563,1.044807,2.5853024,1.5283289,1.7492921,1.3923657,0.6136007,0.0,0.77090275,0.59380513,0.0,0.78467655,1,2009
1.1226666,0.72319037,1.195745,0.10559678,1.7336264,2.049996,0.11168763,0.53230596,0.0,1.7633379,0.5348897,0.0,0.27542296,0.02469623,0.0,0.64474666,1,2009
0.92153007,1.9879348,2.5695674,2.3539734,0.0,1.5800512,0.0,1.3442242,0.0,0.20407838,2.6923695,0.72607285,0.0,1.8909578,6.9296913,0.42541468,0,2009
1.0022647,0.99584246,1.7968309,0.9492851,0.0,0.606496,0.0,1.9531634,0.0,1.0936601,1.0610936,0.0,0.0,1.653007,3.023593,1.1263273,0,2009
1.235692,0.38355127,0.42413637,1.2658432,0.40782964,0.26747918,0.0,1.6604784,0.8878672,0.0,0.7636048,0.20576122,1.4894536,0.92421883,0.34123236,1.3638147,0,2009
0.7313412,0.61854863,1.4679606,1.4059047,1.6493158,1.3576126,0.34624797,1.2739086,0.32322526,1.1956437,0.0,0.0,2.3383787,0.86561084,0.0,0.8718979,2,2009
1.0620401,0.8863245,0.90736324,0.7127339,0.8058136,1.662065,0.0,0.71648246,0.0,1.6987846,0.0,0.6513764,0.88662314,0.43950036,0.0,1.04778,2,2009
0.0,0.77992964,0.68422043,0.20318717,0.5614379,0.7784098,5.5819626,1.0233489,5.1586337,0.051344216,0.8402152,0.0,0.0,0.85152376,0.0,0.84202355,2,2009
0.50235736,0.7870634,0.6764849,0.94231546,1.3617151,0.9938701,0.0,0.0,0.0,1.1859922,0.84701985,0.98439014,0.99976677,0.22373891,0.0,1.2367413,1,2009
0.63839984,0.5551865,0.48491013,1.1535152,0.9019404,0.4212343,0.0,1.9573758,0.0,1.2234888,0.7829657,0.0,1.391841,1.4182276,0.0,1.2073241,1,2009
1.1627505,0.3915618,1.7725532,0.5046048,1.3324717,1.8022764,0.0,0.59989035,0.0,1.5110757,0.0,0.0,1.3809431,1.3398979,0.0,1.1231996,0,2009
0.5158143,0.90112424,0.6572368,0.22966576,0.0,0.0,0.0,1.3851638,0.0,1.1863009,2.282646,1.4289138,0.0,1.0717478,2.069309,1.172274,0,2009
1.170003,1.1028957,1.2805027,0.1392883,1.7655561,1.1367898,0.32902056,1.579512,1.0117573,1.1991756,0.6833942,0.31982493,1.830214,0.5481852,0.0,0.5112685,1,2009
1.0610906,0.90130293,1.1416864,1.8817394,1.0078192,1.0178301,0.0,1.6206129,0.0,1.3651183,0.0,0.0,1.9486971,0.96472496,0.0,1.4219834,2,2009
1.8752688,1.3335494,1.2611543,0.111435294,0.0445413,0.25408125,0.0,1.7354534,0.0,0.9585172,0.6952986,0.23747094,0.0,0.67803663,0.41208154,1.4722269,0,2009
1.2119783,0.8707731,1.2129447,0.2277593,1.9083056,1.4116137,3.5109012,1.0374522,2.1087787,1.333379,0.6837506,0.0,0.80465245,0.75802886,0.0,0.8037443,1,2009
0.34100917,1.6244881,0.63500786,1.1980193,2.298549,0.8397143,2.8124435,1.2004474,2.0243025,1.3196225,1.1526768,0.0,1.5839038,0.47200748,0.0,0.6851392,2,2009
1.3337218,0.9028799,0.77521545,0.40011922,1.3639302,1.2561352,0.99315566,0.74836636,2.7632246,0.58371174,0.24701679,0.58365905,1.9903481,0.3748536,0.0,0.8856372,0,2009
0.9608835,0.8168422,0.42823523,0.71628875,0.36308557,0.81587064,0.0,0.56568784,0.0,0.15738976,0.90182287,0.43003106,0.0,1.0328531,0.07529873,1.2519623,0,2009
0.99339736,0.28223047,1.2508023,0.7117203,0.0,1.1427323,0.0,0.4602247,0.0,1.3475434,2.988654,0.53709894,0.0,2.432638,5.0627007,0.7908434,0,2009
1.1653559,1.0300977,1.4118772,1.5677102,1.3168175,1.5305765,2.2022386,0.7675635,1.3435087,0.0,0.0,0.0,1.8978634,1.150675,0.0,1.3511066,2,2009
0.6734011,0.7497683,0.5482943,0.0,0.0,0.0,0.0,1.5625734,0.0,1.342072,1.9809918,0.3546723,0.0,1.0449777,2.1112983,1.1045265,0,2009
0.21834487,1.287016,0.81097066,0.0,0.0,1.1565176,0.0,0.83732957,0.0,0.8329744,1.2886822,0.062193923,0.0,0.0,2.0429754,0.63343036,0,2009
1.253852,0.66119784,0.0,0.044401348,0.2324051,0.0,0.0,0.8976796,0.0,0.24337506,1.7161567,0.0,0.0,0.4494878,0.6410465,1.504736,0,2009
1.9377056,0.7481724,1.7127714,1.0828186,0.7950059,0.5979974,0.0,2.065572,0.36049244,0.5422663,0.058027267,0.84102595,1.5567555,0.58007693,0.0,1.0670443,1,2009
0.62240046,0.8481755,0.6116036,1.152943,1.3113831,0.9452524,0.0,1.5300808,0.033727407,1.4644611,0.25414848,0.0,1.3432236,0.2870037,0.0,1.00419,1,2009
0.10735881,1.1347654,1.2414043,0.7924028,0.7554782,0.60149884,5.012877,1.220747,5.352229,0.0,0.8452958,0.0,1.1134686,1.7148237,0.0,1.1004019,1,2009
2.124487,0.12460786,1.4561572,0.0,1.6045078,1.0100329,0.0,1.038315,0.0,1.3532763,0.5326337,0.0,0.7734082,1.2951097,0.0,1.3219911,0,2009
1.1378107,1.351418,1.3446785,0.0,1.6051738,2.0228834,0.026426047,0.0,0.0,1.8878572,0.84621626,0.3106197,0.0,0.014197409,0.0,0.85192907,0,2009
0.80009085,0.0,1.3114877,0.8662001,0.0,0.3947994,0.0,1.4402201,0.0,0.8005468,1.7401459,0.0,0.0,3.25099,4.158208,1.1920605,0,2009
0.82667696,0.5007111,1.0285532,0.43442637,1.3819389,1.0578967,0.0,1.6483265,0.40029073,1.2126825,0.67670465,0.17025438,1.6208565,0.8360461,0.0,0.5983999,0,2009
0.1532855,1.5308955,1.3766559,1.0799458,0.98827803,1.4960676,4.6308684,1.8508673,4.3445606,1.2511652,0.0,0.0,2.1881397,1.1919907,0.0,1.027489,2,2009
0.77761537,0.85047793,1.3905714,1.797929,0.0,0.96671075,0.0,0.5026981,0.0,0.0,1.7384598,0.0,0.0,2.283464,4.9623556,1.4007883,0,2009
0.6942605,1.1649901,1.6737094,1.0871036,0.91315186,2.1644611,3.352764,0.7756442,2.4110503,0.0,0.0,0.0,1.710988,1.0752854,0.0,0.9294698,2,2009
1.1822253,0.17741561,0.6085398,1.9657078,0.842765,0.69361496,0.0,1.6974227,0.18022221,1.271528,0.0,0.0,1.9502983,1.0550928,0.0,1.5293049,0,2009
0.56603646,1.6570113,1.3914331,1.603076,1.8653827,1.1518087,1.3735178,1.3067303,1.3826187,0.7280922,0.02008295,0.0,3.1880558,1.4661918,0.0,1.2429658,2,2009
1.9155403,0.11586648,0.36753482,0.5875912,1.2903311,1.3009317,0.0,0.24131453,0.0,0.5498347,0.7045467,0.7956661,1.1983423,0.7201434,0.0,1.1164553,0,2009
0.98384166,0.29721627,0.6774615,0.8961439,0.5664808,0.0,0.0,1.2521315,0.0,0.9138766,1.7880375,3.5704424,1.2553563,1.037599,0.0,0.99726576,1,2009
1.3908217,0.46721113,0.71928424,0.90232766,1.1960405,1.2593923,0.0,1.0771552,0.0,1.6558348,0.04991573,0.0,1.023299,1.0817125,0.0,1.3733659,0,2009
0.7111601,0.7461567,1.2285795,1.7021751,0.1259709,1.3450887,0.0,1.336467,0.0,1.4071473,0.0,0.0,0.22048673,1.0758474,0.7042198,1.3733878,1,2009
0.7564666,1.3280364,2.0919132,1.879097,1.3540435,1.1106955,1.3296496,1.9238124,1.8169863,0.8986858,0.0,0.0,3.7926605,1.9661756,0.0,1.0677307,2,2009
0.92584634,0.5847614,0.6793368,0.8434119,1.2191627,1.509031,0.0,0.95335996,1.0043465,1.0875385,0.12622851,0.87652165,2.2385569,0.6923378,0.0,0.8371932,0,2009
0.9068656,0.4016825,0.42088512,1.0728765,0.0,0.47382578,0.0,0.537051,0.0,0.0,0.7096186,0.22397253,0.3169112,1.7973576,0.6116842,1.5587996,0,2009
0.42336196,0.3583089,0.11480838,0.6224023,0.7387488,1.4104352,5.098225,1.3578098,4.3233795,0.6182609,0.45923468,0.0,0.47959656,1.7331153,0.0,0.87719315,2,2009
1.4140751,0.3353892,0.36134607,0.4006533,1.2419751,1.1217124,0.0,0.61938757,0.0,1.5048774,1.7490203,3.2645075,1.0099905,0.41783196,0.0,0.7855131,1,2009
0.6746036,0.0,1.4431156,0.6648335,0.0,1.1155407,0.0,0.0,0.0,1.1884402,1.9804058,1.9742334,0.0,2.579095,4.219553,1.0615158,0,2009
1.0950288,1.0822666,1.4104433,0.48682252,1.7892461,1.4388013,0.7759623,1.2758768,0.19514894,1.4868463,0.09702301,0.0,1.2450999,0.55177724,0.0,0.9072917,1,2009
0.7252778,0.26983732,0.73443323,0.17955369,0.5147505,0.74323314,0.0,0.60659087,0.0,1.553067,0.9573878,0.28546697,0.0,1.0024109,0.36887655,1.1100281,0,2009
1.2347088,0.3289431,0.0,0.5365845,0.6320313,0.5143206,0.0,0.0,0.0,0.4750596,1.9188838,1.217631,0.0,0.5796123,0.38400412,1.6703491,0,2009
1.2361579,1.194369,1.9748018,0.051849127,2.0540318,1.790379,2.609712,1.0166378,1.2880151,1.269869,0.54584014,0.0,1.7447088,1.1243011,0.0,0.71896785,1,2009
0.47306508,1.2024894,1.136595,0.677516,0.0,0.15055776,0.0,2.4577515,0.0,1.2539214,1.0852025,0.0,0.0,0.8278078,1.3698167,0.9409726,1,2009
0.7145087,0.28461525,0.24439597,0.059568882,0.44976252,0.44434416,0.0,0.527986,0.0,1.7010477,1.3049779,0.0,0.0,0.25244987,0.75106686,1.3230376,1,2009
0.45526096,1.2829714,1.4179103,0.81610715,1.3380315,1.2573073,0.65252113,1.3465983,1.5254016,1.3079613,0.095537424,0.3702383,1.9431324,0.0,0.0,0.58811426,0,2009
0.412544,0.9774604,0.5611635,1.0199395,0.9638104,0.37996686,0.0,0.28978413,0.0,1.4566481,1.3844445,2.9040544,1.1123275,0.13806057,0.0,1.2398183,0,2009
0.75699836,1.3966782,2.0262413,0.7659479,0.69985497,1.3694484,0.0,0.82578737,1.255635,0.0,0.0,1.7190421,1.7163434,0.41940507,0.0,0.67040503,1,2009
0.78025603,0.45957357,1.1895251,1.1385825,0.0,1.0058769,0.0,0.0501194,0.0,1.369093,1.3146833,0.0,0.0,1.6522422,2.9494488,1.4685099,0,2009
0.9962992,0.8904319,1.8777328,0.88297737,0.74142987,0.21355194,0.0,1.6347846,2.5508056,0.997396,0.0,1.9384896,2.6422215,0.52425593,0.0,1.0329255,1,2009
1.2900013,1.6814653,2.0394628,1.4244227,1.6558169,1.4184084,0.76253957,2.0368316,2.1837525,0.0,0.38022855,0.0,2.532484,0.63318336,0.0,0.70410967,0,2009
1.2114168,1.553821,0.8407334,0.95618653,1.6470431,1.2488387,0.0,2.274677,0.013154089,1.751332,0.16338867,0.0,0.7701198,0.0,0.0,0.89162445,0,2009
1.4841307,0.82784,0.75446343,1.5444281,0.9434714,0.47773793,0.0,1.6015633,1.0643001,0.8980205,0.0,0.25445405,1.7051675,0.0,0.0,1.3894925,1,2009
0.96336675,0.8452354,0.48349226,1.9652305,1.8659114,1.4370799,0.68892175,1.503024,0.94912815,1.3664966,0.1656569,0.0,3.3126762,1.5210054,0.0,1.0946145,2,2009
0.33031574,0.0,0.78131765,1.3219575,0.0,0.32706648,0.0,0.2753654,0.0,0.0,2.8594546,0.29607648,0.0,2.259124,4.530207,1.3842441,1,2009
1.5091333,0.64681077,0.9340981,0.34575891,0.21949556,0.98438776,0.0,1.3866653,0.0,1.5359526,0.0355165,0.1623491,0.0,0.49634123,0.0,1.3994627,0,2009
1.030751,0.047122836,0.32889587,0.24412262,0.21032709,1.4819958,0.0,0.0,0.0,1.7052709,0.9235405,1.9145411,0.0,1.1359897,0.3517478,1.3258746,0,2009
0.8227511,1.0504415,1.7664561,0.3763845,1.7415758,1.4171848,2.1360345,1.0217863,5.187764,1.113127,0.16084564,1.5655142,4.5764656,1.6692841,0.0,0.78527486,2,2009
0.7012244,0.5618447,1.149209,0.97708595,0.68291134,1.329765,0.0,0.0,0.0,0.08909756,0.24649084,0.0,0.53989214,1.5635769,0.0,1.3471192,0,2009
1.6758611,0.39698216,0.206069,0.23360771,1.2231688,1.1281809,0.0,0.6899573,0.723572,0.5472133,0.80509806,1.0204369,1.3632369,0.48889172,0.0,0.9755414,2,2009
1.3230344,0.9733276,2.204154,0.0,1.0772488,1.2945907,0.0,1.6913872,0.0,1.1594037,0.16031215,0.0,0.36973998,0.8209639,0.0,0.6617061,1,2009
0.9055123,0.6225073,1.3064013,1.6342714,1.8564144,1.3791773,0.97807664,0.93846726,0.8404424,1.2017176,0.076933265,0.0,3.2314122,1.5887332,0.0,1.149327,1,2009
0.9995463,1.1200082,1.01361,0.7467503,1.5980393,1.9016818,4.020898,1.4849384,1.9681203,1.464429,0.0,0.0,1.476351,1.360681,0.0,1.0692214,2,2009
0.5976836,0.8028319,1.5206319,0.18576583,0.9848622,0.9386692,0.1314534,1.3732504,5.454565,1.2377453,0.0,3.3637478,4.2005777,0.5851006,0.0,0.6269554,0,2009
1.9519892,0.8239495,1.4051697,0.8611643,0.0,0.94458,0.0,0.35312837,0.0,1.4005723,2.0694122,0.0,0.0,0.9171997,5.170279,1.3785629,0,2009
1.2797039,0.8059851,0.9880508,0.65304905,0.0,0.41527456,0.0,2.1493735,0.0,0.86980134,0.7346641,0.0,0.0,1.2110151,2.0754316,1.3744769,1,2009
1.4235349,1.1625799,1.1390522,0.0,2.2571049,1.5113417,0.72389245,0.6834393,0.42989904,1.7302094,0.9336538,0.0,0.082345486,0.0,0.0,0.40640002,2,2009
0.5288464,1.1248002,1.1143985,0.8275964,1.4409977,0.6977473,0.23161134,1.7062571,1.1867251,1.1973742,0.4999098,0.18975201,2.0766478,0.5137085,0.0,0.8527797,0,2009
3.0528295,2.7663689,2.7454076,1.8066752,0.0,1.141247,0.0,0.510155,0.0,1.2832022,1.9270778,1.0196364,0.0,0.0,6.5056005,1.5365818,0,2009
0.98779976,0.59846485,0.08420926,1.1587532,1.2057905,0.15956146,0.0,1.3859111,2.3406937,1.4080086,0.51138866,1.293678,3.0105395,0.7532637,0.0,1.4364223,1,2009
0.9978121,1.6298714,0.67239034,0.9359631,1.4909923,0.5711714,0.0,1.3144555,0.9327407,0.0,0.99935305,0.0,0.96350145,0.0,0.0,0.9059337,1,2009
0.24870503,1.740849,1.5287616,0.3713581,0.44867477,0.5517403,0.0,1.0574588,0.0,0.29160154,1.2048727,2.2465668,0.101118326,0.1524455,0.0,0.7182639,0,2009
1.1434093,0.9742049,1.0328385,1.1644332,0.03587258,1.0843638,0.0,1.0030209,0.0,1.6288843,0.27090323,0.0,0.0,0.08466035,1.4914508,1.3752778,1,2009
1.0411702,0.625334,1.2144978,1.179062,1.9988568,1.1816367,0.67234206,0.8533006,0.61894816,1.2535108,0.3829605,0.0,2.6306355,1.1868207,0.0,1.1403364,1,2009
0.8413354,1.801745,1.7213135,0.5263467,1.5008677,1.6413796,0.8907434,1.012794,1.2764641,0.0032078028,0.21710739,0.0,1.2271935,0.032499254,0.0,0.63673866,2,2009
0.666364,0.37396654,1.0420918,0.7017091,0.0,0.4412144,0.0,1.7623801,0.0,1.0896636,0.6784151,0.0,0.0,1.8071761,1.7276304,1.1921422,1,2009
0.8533139,0.0,0.5021851,0.39296424,0.0,0.61827743,0.0,0.7906425,0.0,1.3479995,1.2656268,0.0,0.0,2.3392332,3.3691072,1.5284151,0,2009
0.75041974,1.2369659,1.4960575,0.28586268,0.0,0.488407,0.0,0.7088523,0.0,0.30717736,1.4784381,3.6165557,0.0,0.6430891,1.1645683,0.93290865,0,2009
1.1222225,1.3456662,1.3669729,1.0343837,2.174965,1.0950212,2.967395,1.9142992,2.752146,0.9108155,0.8156573,0.0,2.7983792,1.5228196,0.0,0.7883019,0,2009
1.1770066,0.5504364,1.675128,0.32534388,0.0,1.3700548,0.0,0.0,0.0,0.2337001,0.5015009,0.15000713,0.0,1.2565913,1.9879842,1.500916,1,2009
0.60580313,1.0859905,0.96092564,0.44740266,1.246779,1.0640931,0.0,1.1496682,0.0,1.5589345,0.48653498,0.0,0.62858856,0.61546755,0.0,0.9706006,0,2009
1.6337044,1.4087899,1.6510692,0.79210585,1.0729955,1.0840776,0.0,0.80797213,0.75945103,0.0,0.5368852,1.4475843,0.85296154,0.14006317,0.0,0.83328676,2,2009
1.291908,0.76807314,1.0821812,0.9834284,1.4294988,1.6045812,0.0,0.92558396,0.0,1.6162777,0.0,0.0,1.105041,0.6688073,0.0,1.1273307,0,2009
1.1212192,0.83848155,1.3313987,1.2546151,0.0,0.5974652,0.0,1.5453584,0.0,0.88126725,0.16269052,0.0,0.0,1.191959,2.556134,1.7202419,0,2009
0.78540593,1.3231022,0.6445811,0.91881776,1.8049026,1.6783717,3.6893992,1.7271587,3.2523139,1.3611015,0.6503239,0.0,1.9527259,1.0702604,0.0,0.54860306,2,2009
0.6651594,0.32450607,0.005753994,0.70876044,1.3403304,1.1132412,2.9845374,0.0,6.4463005,0.76363885,0.4820755,1.5349488,3.3660374,1.2166139,0.0,1.1450571,2,2009
1.0424181,0.4349579,0.9531409,1.0775748,1.7347823,1.7899092,0.19056678,0.96382827,1.0067581,1.3513494,0.15562287,0.66792905,3.279034,1.405873,0.0,0.82756996,1,2009
0.8660824,1.10824,0.43484843,0.031597197,0.28958207,0.3390031,0.0,0.7714828,0.0,0.0,1.7048571,1.7636731,0.0,0.39827326,0.24181676,1.0902097,2,2009
1.4004893,0.6305011,1.1131439,1.3572847,1.5315733,0.8096375,0.0,1.4745187,0.0,1.2397815,0.16495165,0.0,2.2392013,1.56988,0.0,1.3929254,0,2009
0.44755182,1.7197152,1.483568,1.2893671,1.5559535,1.3582795,4.722081,2.3464437,3.1022983,1.0083318,0.12687129,0.0,2.7154694,2.5082812,0.0,1.1230528,2,2009
1.7149225,1.1421303,1.1631052,1.2814655,1.4400408,1.5699761,0.0,2.0020092,0.85289764,0.0,0.13899723,0.0,1.5222685,0.3483942,0.0,0.72467756,0,2009
1.8579211,0.0,0.8806228,0.67151105,0.41944912,1.6378565,0.0,0.46562362,0.0,1.5881672,0.0,0.11594701,0.45225105,1.5603093,0.0,1.6323526,0,2009
0.28983542,1.2722442,1.7865865,0.6093802,1.4953601,1.0152676,0.1706561,1.6754483,0.13146123,1.1855497,0.35103345,0.0,1.3802369,0.48397338,0.0,0.6667222,2,2009
0.1832816,2.1136682,2.0428994,0.8300231,1.8520536,1.0517176,0.943097,1.3506589,0.9646351,0.7151471,0.53828645,0.0,1.7709806,0.3716985,0.0,0.65009975,1,2009
1.5635486,1.055465,1.5606947,0.31722492,0.683591,1.2163751,0.0,1.5960879,0.0,1.4956431,0.0,0.2492879,0.25885385,0.0,0.0,1.0646758,2,2009
0.9675346,0.9139211,1.4934703,0.6296135,0.0,0.48671845,0.0,1.8832355,0.0,1.2719874,0.3964954,0.0011816621,0.0,1.0116465,1.9544209,1.299674,0,2009
0.28081948,0.95780694,0.0,1.1518849,1.6980609,0.6515402,0.0,0.22778982,0.0,1.7410662,1.331152,0.0,1.0618968,0.57839894,0.0,1.3801265,2,2009
0.6358237,0.8636608,1.3802822,0.9063642,0.0,0.5736706,0.0,0.7502589,0.0,0.0,0.34598616,0.0,0.0,1.4248791,1.3902596,1.5894043,0,2009
1.8517321,0.66713554,1.447489,0.36744988,1.3682222,1.7070729,0.0,0.35551554,0.012483448,0.0,0.25765336,0.66331756,0.8812766,0.5420361,0.0,0.85820943,1,2009
1.5810905,0.46459273,0.61256254,0.09771478,0.97407806,0.7624154,0.0,0.6028311,0.0,1.6398835,1.1426227,0.0,0.0,0.0,0.1688176,1.1435986,2,2009
0.89769906,1.2794181,0.99633527,0.73801315,1.4248464,0.0,0.0,1.3508601,0.18299301,1.0865617,1.3474452,1.4163467,1.354976,0.344445,0.0,1.1428064,1,2009
1.1026697,0.69084203,0.30285394,0.8603561,1.6375895,0.96870434,0.0,0.77872634,0.0,1.144952,0.87557083,0.0,1.0164021,0.45656285,0.0,1.1839207,2,2009
0.6382649,1.530182,2.9087808,0.5405768,0.79160887,1.3070364,0.0,1.6454719,0.0,1.2725583,0.0,0.0,0.538533,0.23486912,0.0,0.8729265,2,2009
0.6601151,0.15461701,1.0509088,0.26577726,0.0,0.8593782,0.0,0.9167541,0.0,1.3991463,0.8740287,0.0,0.0,1.0929213,2.3388557,1.0881702,0,2009
1.5498798,1.1406169,1.805398,0.33694822,0.118617475,0.9001417,0.0,0.05360228,0.0,0.49906334,2.3756123,7.3932786,0.0,1.0100619,0.15215132,0.8211808,1,2009
0.70678115,0.47356492,0.53586966,0.827851,1.3573813,1.4682195,0.0,1.4005115,0.0,1.4180846,0.59937143,0.0,1.7233179,1.4024413,0.0,0.75958776,1,2009
0.8715671,0.8640352,1.2757165,0.4136454,1.3362578,1.6219997,4.8228045,1.2052766,2.6099768,1.2611368,0.30421484,0.0,1.3163004,2.1313226,0.0,1.111912,0,2009
0.54252625,1.0851774,0.88895607,1.331463,1.8347396,1.1954626,2.8346493,0.95351905,2.5539958,1.2167939,0.60863256,0.0,2.675963,1.0855676,0.0,0.9805633,2,2009
1.1563282,0.91876227,1.169561,1.1331747,1.8425092,1.8774421,0.58308583,1.8741341,1.3320229,1.268003,0.0,0.0008765906,3.0445137,1.0340332,0.0,0.55655944,0,2009
1.0490671,1.0741934,0.47323728,0.8849386,1.1635816,1.5782837,0.0,0.90109295,0.053076416,0.2072047,0.35546663,0.0,0.5235548,0.0,0.0,0.7325678,0,2009
1.2787296,0.89063114,0.044291854,1.3868878,2.0924058,1.5584884,2.2513988,1.148557,1.1632792,1.5915248,0.34852785,0.0,1.9315774,1.0978764,0.0,1.1588788,0,2009
1.6571829,0.60124916,0.8164983,1.2068416,1.1470633,0.89848524,0.0,1.5350399,1.1938434,0.22253025,0.38292068,0.53620934,2.0484807,0.78812253,0.0,0.93124187,1,2009
0.4129947,0.0,0.0,0.34610954,0.21159509,0.43592456,0.0,0.18542093,0.0,1.6685934,1.8227503,0.0,0.0,0.92267966,1.4915527,1.3603066,0,2009
1.3703648,0.22036946,1.01934,0.5992782,0.09790856,0.6831079,0.0,1.3209903,0.0,0.83563066,0.14570889,0.0039053261,0.0,1.1674118,0.21147217,1.3909514,0,2009
0.27178293,0.8878764,1.1004361,0.7886977,0.57336843,0.60862195,0.0,0.6785521,0.0,0.0,0.8124337,0.0,0.15026724,0.8333289,0.0,1.0649879,0,2009
0.9538417,0.36596054,0.5728694,0.5531068,0.10151243,1.0630338,0.0,0.7742276,0.0,1.6421487,0.48345935,0.0,0.0,0.9207266,0.9278655,1.4032019,0,2009
0.72732794,1.0980128,1.8624403,1.1535528,1.714268,1.5811949,0.6908881,1.5039053,0.4661006,1.1479378,0.0,0.0,2.752565,1.2441266,0.0,0.8455075,0,2009
0.5464192,0.7922697,1.0652225,0.8567536,0.97387505,1.0292907,0.0,0.1816765,0.0,1.5709467,0.32818234,1.0381168,0.92553234,0.45027125,0.0,1.2107103,0,2009
1.7807262,0.6814825,1.8631021,0.0,1.6796508,1.7102515,3.5535305,1.4090673,1.6133087,1.11089,0.1460922,0.0,1.5205677,1.8626044,0.0,1.0401096,2,2009
1.3338757,1.489002,1.7026114,0.7230443,1.1037922,1.0835456,0.055576578,1.3151739,1.3356898,0.0,0.061309874,0.22077706,1.35407,0.35403922,0.0,0.93236554,1,2009
0.40401897,1.3779901,0.57175905,1.6550639,1.8358126,1.4578581,2.7883215,1.6370633,3.4582825,1.2600231,0.609502,0.0,3.2175417,1.1350635,0.0,0.58015585,2,2009
1.4030504,0.8432143,1.1521945,1.6980579,0.8221543,0.64798516,0.0,1.0562003,0.62446773,0.0,0.0,0.46387225,2.23317,1.3616574,0.0,1.5015361,2,2009
1.7727402,0.7856448,1.102787,0.41799256,0.795264,0.4932076,0.0,0.031128705,0.0,1.1704353,0.59991467,1.0103368,0.17646116,0.5961784,0.0,1.9496922,0,2009
1.1081681,0.66678596,0.37526464,1.1520784,0.3899223,0.7440324,0.0,1.6015279,0.0,1.5558193,0.0,0.0,0.18080837,0.646947,0.0,1.6379473,0,2009
0.688162,0.025713503,0.3060103,0.08946133,0.0,0.268476,0.0,0.6049592,0.0,1.4393373,1.5406486,0.0,0.0,1.0533563,2.1369307,1.4111888,0,2009
0.62679803,0.061433375,1.701187,0.08858913,0.0,0.4324958,0.0,1.2047065,0.0,1.1060379,1.7570195,0.0,0.0,1.606354,4.478136,0.92358804,0,2009
0.45099673,0.083921015,1.1437167,0.5763623,0.0,0.5334047,0.0,0.3537231,0.0,1.5331929,1.119274,0.0,0.0,0.31410205,3.6422508,1.3725634,0,2009
1.7260146,0.30937538,0.42886806,1.2615051,0.70977664,0.6891254,0.0,0.7800978,0.55213434,0.0,0.20673218,0.9654113,1.8881602,1.1049178,0.0,1.4938049,0,2009
0.53754514,0.6090019,0.5169491,0.32372308,0.6384475,1.3731614,0.0,0.3115273,0.0,0.62373435,1.140985,2.1433022,0.06836951,0.2593,0.0,0.63205314,1,2009
1.7009026,1.0842111,0.25860924,0.015379727,1.2834451,1.3201015,0.0,0.0,0.09984231,0.42014837,1.6314969,2.5752857,0.0,0.0,0.0,1.0164716,1,2009
0.52509904,1.6592853,1.5523188,0.58769125,1.5463717,1.4396397,4.237931,1.7025018,4.1281238,0.58772784,1.030293,0.0,2.3921142,2.0525022,0.0,0.59732175,2,2009
0.954192,0.49487773,0.16792583,0.9643977,0.7222618,1.0809617,0.0,1.9839654,0.0,1.5163517,0.43809804,0.0,0.4406225,0.81480837,0.0,0.9651797,0,2009
0.70881385,1.5335691,2.34191,0.7738512,1.8650417,1.5051425,3.0070198,1.3067033,1.7082396,1.0439839,0.35092062,0.0,2.2666514,1.2752014,0.0,0.9023883,2,2009
1.3068804,1.1750193,2.48725,1.1987901,1.0186517,1.7814298,0.0,2.3484697,0.0,1.2343519,0.0,0.0,1.7367289,0.9928239,0.0,0.74699515,1,2009
0.7135088,0.91899085,0.8752721,0.95044315,0.871704,0.39880592,0.0,1.5886412,0.0,1.3926604,0.37657806,0.0,0.9817177,0.9611293,0.0,1.3784182,2,2009
1.0002978,0.4058981,1.3939583,1.0852307,0.2749989,1.9189343,0.0,2.0908434,0.0,1.3499306,0.0,0.0,0.19169018,0.8641064,0.0,0.6486757,1,2009
1.3136905,0.5876087,0.89986825,1.4613059,1.4716208,0.95052254,0.0,1.7487075,0.62043333,1.1475194,0.20174277,0.22853467,2.9047232,1.5342555,0.0,1.1412827,1,2009
1.0895275,0.92996836,1.0265929,0.1043933,1.4112413,0.82949924,0.0,1.6379715,0.0,1.2468066,0.839476,0.17798784,0.9044262,0.48841998,0.0,0.718741,0,2009
1.6472039,0.94846344,0.539032,0.40500247,1.1943052,1.5034205,0.0,0.78373474,0.0,0.33349597,0.24378073,0.0,0.21935475,0.07974404,0.0,1.0911438,0,2009
1.1285206,0.34477937,0.741142,0.86830324,0.47800282,1.0823889,0.0,1.1293712,0.8776879,0.0,0.0,1.4466023,1.2959461,0.60091466,0.0,0.7355513,0,2009
0.38301265,0.68760836,1.0071776,0.18816826,0.0,0.73893607,0.0,0.97081566,0.0,0.45840713,0.62082404,1.0860838,0.0,0.36610007,0.7929577,0.8745824,0,2009
1.0088161,0.50855356,0.24341488,0.0,0.24299398,0.6264558,0.0,0.3088343,0.0,1.7490451,1.1994462,1.3791912,0.0,0.27643973,0.32251683,1.3776987,0,2009
0.36645296,0.39584526,1.2788002,0.46524695,0.7256401,0.8649504,0.0,0.82320607,0.0,1.3979113,0.67062694,0.0,0.0,0.30524683,0.29128647,0.87767863,1,2009
0.79976594,0.0,1.4479363,0.0,0.0,0.73612595,0.0,0.8556551,0.0,1.1973021,0.8649478,0.0,0.0,1.7404898,1.7764096,1.1861844,1,2009
0.93730974,0.8378761,1.7222519,1.4673247,0.0,0.6409115,0.0,1.3409485,0.0,1.1716856,0.9794034,0.0,0.0,0.6663065,4.7223797,1.2225437,0,2009
0.9452689,0.5718735,0.31690067,1.0233393,1.8884507,0.8629099,0.60865384,0.10411972,1.321517,1.4948812,0.9045392,0.4523123,2.7042716,0.9899256,0.0,1.3634427,1,2009
0.5982741,0.746518,0.8411695,0.63982236,0.67015195,1.0079782,0.0,1.0452725,0.0,1.5560777,0.298529,0.0,0.0,0.26164848,0.0,1.0691109,2,2009
0.2911827,0.9122629,0.8544354,1.2685446,0.44883132,0.8470613,0.0,0.63314164,0.0,0.12781513,0.24301505,0.0,0.10625732,0.714203,0.0,1.3683444,0,2009
0.6269771,1.9981437,1.95376,0.3106063,0.92415863,0.82109797,4.760637,2.0823424,5.4770494,0.0,1.0861751,0.0,1.758975,2.781172,0.0,0.9311948,2,2009
0.7684316,0.6999516,1.7598674,1.254081,0.0,1.1273094,0.0,1.2562888,0.0,1.3109732,0.0,0.0,0.0,0.36401054,2.180789,1.2559211,0,2009
1.6646849,0.38517785,0.07008934,1.5151837,1.0636431,0.56447506,0.0,0.44079992,0.8451564,0.34914702,0.5770212,1.2860988,2.2862267,1.0867571,0.0,1.4610375,0,2009
1.1866689,1.6149588,1.4059495,0.6215203,2.267468,1.5297137,2.4143686,1.7107408,1.6114461,1.3039818,0.26248607,0.0,2.062594,1.0218782,0.0,0.8180337,2,2009
0.3404756,1.1666596,0.116835535,1.0411034,0.0,0.7050277,0.0,0.46651545,0.0,1.9117649,1.0603462,0.263439,0.0,0.0,2.3833177,1.6478462,0,2009
1.0078038,0.7621556,0.4570999,1.0189286,1.1137241,0.80694395,0.0,2.000591,0.0,1.2773765,0.61810446,0.0,1.101892,0.8737884,0.0,0.8378518,0,2009
0.92967874,0.43088835,0.8917572,1.0628989,0.5511728,0.7630805,0.0,1.8955929,1.0988514,1.1602352,0.0951013,1.220757,1.798938,0.6286969,0.0,0.7230635,1,2009
1.2901123,0.0,1.4730248,0.67632824,0.0,0.35266197,0.0,1.2437661,0.0,1.194434,0.0,0.0,0.0,0.83883387,1.3567115,1.7807622,0,2009
1.240598,0.4084827,1.0365189,0.8195721,0.6116421,0.7770871,0.0,0.5072642,0.0,1.6487536,0.0032421947,0.08506811,0.25326815,0.37546095,0.0,1.7400961,0,2009
1.176604,1.2842236,1.4040884,0.8925859,1.9095054,1.6302919,3.9636872,2.0949483,2.7908678,0.9063078,0.578544,0.0,3.443578,3.0596497,0.0,0.97186136,2,2009
1.0682933,1.886336,2.6943371,0.3185142,2.230205,1.7115074,1.5556581,2.3932364,1.2078961,0.8091101,0.549555,0.0,3.6422005,2.3937032,0.0,0.5226099,2,2009
1.5597619,1.1680262,0.34385008,0.2021189,1.7641736,1.4183325,0.0,0.91790295,0.0,0.1635518,1.086318,0.0,0.61998606,0.5600811,0.0,0.79472077,2,2009
0.40177605,0.92390573,0.9223478,0.0990724,0.0,0.4269188,0.0,1.0093373,0.0,0.4664979,1.0291419,1.2437572,0.0,0.35165513,1.1357591,0.974906,0,2009
0.9983277,0.6498591,1.9819703,0.13641018,1.1973596,1.062076,0.0,0.9290717,0.0,1.1376204,0.3438393,0.6151499,1.4111087,0.88910997,0.0,0.85001993,1,2009
0.99476147,0.58822536,1.048826,1.3663393,0.0,1.6924167,0.0,0.0,0.0,1.7725649,1.8599837,1.0842564,0.0,0.1711722,4.92306,1.4098606,0,2009
1.1645968,1.064081,1.758729,0.0,1.9047431,1.43466,0.21003222,1.396563,2.1564329,0.6094548,0.8886968,1.1071036,3.0611486,1.4161855,0.0,0.36581236,2,2009
1.8175678,0.47657692,1.0128037,0.5799272,0.0,1.2412751,0.0,0.8105343,0.0,0.06485039,0.28669465,2.9952095,0.0,0.59257925,0.6051028,1.2344608,0,2009
1.0079486,0.45422202,0.4992783,1.006547,1.1401159,0.99855405,0.0,0.8391519,0.0,1.4813287,0.5988036,1.0128316,1.1814097,0.57461256,0.0,1.0944086,0,2009
1.2632902,0.62451136,0.2453627,1.3617222,0.8054698,0.764616,0.0,0.29193193,0.0,1.0557237,0.8724067,3.1282885,1.1063297,0.1430735,0.0,1.2875239,1,2009
0.47923037,1.1842659,0.98640066,1.2648269,1.005372,1.1172822,0.0,1.1400928,0.0,1.6896435,0.0,0.0,0.58711964,0.0,0.0,1.2365144,1,2009
0.27916783,1.1768835,0.81572217,1.2798786,2.026038,0.48146084,0.19328111,0.63772964,0.04112366,1.3754368,1.0829282,0.0,1.6453569,0.56403846,0.0,1.1821642,0,2009
0.29285914,0.9633919,0.81134176,0.714394,0.79478526,0.6651605,0.0,0.8095029,3.408945,0.0,0.120768726,2.573658,2.7499518,0.54066604,0.0,0.77752495,2,2009
1.7995008,0.16459745,0.0,1.144235,1.074945,0.733626,0.0,0.7166334,1.3313067,0.55430734,0.7704922,1.2216504,2.0330331,0.9368377,0.0,1.2651266,0,2009
0.9953172,2.3247042,2.1314647,0.52588695,1.8249712,0.7308959,3.8444717,2.4573667,2.380698,0.9465804,0.6179539,0.0,1.8359144,2.3294773,0.0,1.1173043,2,2009
1.347507,0.6731305,0.3176239,1.209214,1.5968118,1.4793315,0.0,1.0260949,0.0,1.8494713,0.021172762,0.0,0.8458445,0.18019766,0.0,1.157751,2,2009
0.42594528,0.44025356,1.2556629,0.48720253,0.0,0.4878628,0.0,0.48991203,0.0,1.324757,1.2486576,0.0,0.0,0.46682936,3.2734985,1.2025611,0,2009
0.9099837,0.74252826,0.9157435,0.2639492,0.5621602,0.87802446,0.0,1.8241931,0.98382837,1.2544897,0.3357538,1.720191,1.0382189,0.0,0.0,0.4288625,0,2009
0.61524725,0.66504115,2.0992374,0.020963788,0.3634852,1.3692539,6.4423013,1.9974403,5.0462694,0.7233188,0.0,0.0,1.5452868,3.3172781,0.0,1.2321639,2,2009
2.275775,0.7312446,0.5741759,1.0509758,0.46272388,0.80843157,0.0,0.42684436,0.0,0.006314814,1.5523394,6.308888,0.34292936,0.26494873,0.0,1.0795919,1,2009
0.61754596,0.43820038,0.39146268,0.7182358,0.4171619,0.93677753,0.0,0.92090243,0.0,1.6152359,0.43910253,0.0,0.0,0.33758327,0.12531891,1.228267,0,2009
0.7672697,0.58923537,1.4145422,0.36935776,0.7257107,0.5853617,0.0,0.120339334,0.0,1.4872938,1.1444343,0.0,0.0,0.32968757,0.94141215,1.4028081,1,2009
0.49185848,0.90799224,0.55401164,1.3420005,1.763304,0.3541335,0.27898616,0.73381126,1.8503876,1.0117016,1.3910751,1.0271752,3.6988573,1.759414,0.0,1.1557643,1,2009
1.301248,0.58001417,0.94757605,0.772808,1.047209,1.1136066,0.0,2.3658762,0.7884852,1.1290368,0.44310972,0.5252249,2.3135352,1.698885,0.0,0.6931388,2,2009
1.4700027,1.17069,0.025919437,0.41698405,1.2598668,0.7111034,0.0,0.7374407,0.24005677,0.1422562,1.6025131,1.5333402,0.47406512,0.001075089,0.0,1.0617446,0,2009
1.0920595,0.7802552,1.352433,0.2797905,0.88305485,0.8228119,0.0,1.5483706,0.0,1.2571418,0.41816795,0.0,0.34977928,1.2669541,0.0,1.0420952,0,2009
0.39862797,0.0,1.0624142,0.4141157,0.0,0.40348285,0.0,0.06984633,0.0,1.4563932,1.3232889,0.0,0.0,0.22666329,3.8514836,1.462496,0,2009
0.85469556,1.3114812,0.34795374,0.69240636,1.2856302,1.0852504,4.0799336,1.7370634,3.6575198,0.20427018,1.2628481,0.0,2.441721,3.576543,0.0,0.819661,2,2009
1.1254903,0.5762367,0.55367756,1.1046187,0.8649318,0.7118649,0.0,0.8260943,0.017245054,0.6982675,0.6027014,2.102676,1.5150869,0.37476072,0.0,0.91674477,0,2009
0.3645809,0.17030239,0.5807715,1.6762588,0.0,0.6274412,0.0,0.7786818,0.0,0.005655408,0.6579872,0.0,0.0,0.703659,3.032904,1.3384197,0,2009
1.8991156,0.587297,1.6933408,0.59044063,0.34176117,1.3412203,0.0,0.48543686,0.0,1.4911914,0.0,2.2965991,0.0,0.0,0.0,1.3032541,0,2009
0.23410034,1.648282,1.3379077,0.44245586,0.6268102,0.50364333,0.0,1.2908142,0.21179026,0.20269585,1.3604183,2.0027692,0.4448068,0.1906249,0.0,0.5507872,1,2009
0.4419044,1.0212423,1.064506,0.5117378,1.8458508,1.4253516,0.0,0.7637974,0.0,1.5207744,0.73534536,0.0,1.1595259,1.1385509,0.0,0.87963456,2,2009
0.43361577,2.2677894,1.5904195,0.39646244,1.6812468,2.4406629,1.4058005,2.2008772,4.1389866,0.0,0.80652815,2.1272614,5.1278763,3.1037872,0.0,0.0007522702,2,2009
0.8041425,0.0,1.1734586,1.0487462,0.0,1.5462466,0.0,0.0,0.0,1.5659778,0.45796627,0.0,0.0,0.0,2.0575335,1.397877,0,2009
0.8845494,0.2556051,0.3756184,0.7069714,0.37309933,0.8809844,0.0,0.50404966,0.0,1.5104153,0.6461662,1.610679,0.38893843,0.67191124,0.0,1.3132706,0,2009
0.95373726,2.0782106,1.9991392,0.23692727,1.526649,2.1497278,2.044089,2.342438,4.1622214,0.59820825,0.43710843,1.5475477,4.7570915,2.8607688,0.0,0.28643632,2,2009
0.97142,0.99280787,1.5716426,0.33439922,0.56338495,0.585122,0.0,0.8205815,0.067993835,1.3678806,0.31995225,1.7264215,0.32782254,0.0,0.0,1.0478398,0,2009
0.6747668,0.39987463,1.219364,0.6042453,0.5821849,1.072725,0.0,0.848654,1.341671,1.1871732,0.0,2.3678834,2.0537958,0.5289906,0.0,0.6784596,0,2009
2.209817,3.1333127,2.096827,2.028352,0.37365085,1.4183668,0.0,1.7011869,0.0,1.915328,0.0,0.0,0.49660784,1.5156994,1.5754241,1.6215665,2,2010
1.2784097,0.19174832,1.4705427,0.65024644,1.9501793,1.31623,1.2849454,0.52702993,0.78702384,1.863368,0.181766,0.0,1.6150303,0.078807235,0.0,0.8172174,2,2010
1.3354955,0.14882022,0.7992372,1.0592712,1.4483573,0.75585675,0.0,1.2226562,0.0,1.4273043,0.3310793,0.0,1.4253371,0.3612983,0.0,0.9575009,2,2010
0.03717822,0.8782232,0.81720424,1.3513052,0.0,0.89720255,0.0,2.0907247,0.0,0.33792552,3.1905181,0.0,0.0,3.2798665,4.220399,0.025030434,0,2010
1.3610237,1.0781395,1.7556536,0.64237237,1.520335,1.4048462,0.8706465,0.54107654,0.0,2.0286112,0.0,0.0,1.028444,0.43208447,0.0,1.0321233,2,2010
1.4822285,0.46475768,1.1590463,0.9281515,1.4787999,0.8064554,0.0,1.0302399,0.0,1.9733326,0.0,0.0,1.1800363,0.41159633,0.0,1.1494464,2,2010
0.9115703,1.2102554,0.934973,0.8277297,1.0505159,1.3262131,0.0,0.8506166,0.0,0.06399351,0.3882901,0.0,0.49076462,0.8927642,0.0,0.6903677,0,2010
1.2429177,0.3753509,0.8835259,1.0120046,1.8220636,1.3306584,0.26967946,0.5902879,0.8248286,0.00014287233,0.5203428,0.0,1.4560609,0.13821107,0.0,0.5950017,2,2010
0.26569945,0.46715188,0.5271593,1.2931628,0.0,0.5157826,0.0,2.2783148,0.0,0.7261558,2.716815,0.0,0.0,3.0167053,3.541759,0.36689746,0,2010
1.3774846,0.4541032,1.4062399,0.7527426,1.6907946,1.1219367,0.7308458,0.62067026,0.24753803,1.92104,0.0,0.0,1.365429,0.24032581,0.0,0.9288955,0,2010
0.28187037,1.0019109,1.899529,0.6249039,1.5642961,0.7974844,3.64826,0.0,1.8140001,1.2737478,0.9723389,0.0,0.40643603,0.3322246,0.0,0.9334592,2,2010
1.5096662,3.7449331,0.007114649,0.13941818,0.44707477,1.2683938,0.0,0.5194585,0.0,1.4119416,1.6307111,0.54039526,0.0,0.25285417,0.6985862,1.4453747,2,2010
0.13823682,1.4196379,0.40202212,1.1236577,1.2900498,0.63402104,0.0,1.2212155,0.087866515,0.9824109,0.76758647,0.1350816,0.96101665,0.028394043,0.0,0.4914273,0,2010
0.0,1.4627094,1.5156709,2.3230224,0.5847044,0.75972915,4.1118445,2.1074631,5.5308294,0.2141208,1.2677581,0.0,0.014523149,0.0,0.7685491,0.15827942,0,2010
1.0656278,1.3274484,2.0936556,2.5909007,1.5549357,1.4341801,1.1622254,2.647687,2.9820015,0.33716908,0.5032573,0.0,2.4803038,0.0,0.0,0.16864091,2,2010
0.51883316,0.18503833,1.4082696,2.6790886,0.0,1.078284,0.0,3.79108,0.44858402,0.0,1.6073763,0.0,1.3748085,2.5056996,3.2890308,0.0,0,2010
2.189567,2.39362,0.0,2.2499251,0.0,3.645385,0.0,0.63354456,0.0,3.0787525,2.7833276,2.0219004,0.0,2.0837548,4.9738617,0.7012342,0,2010
1.5150049,1.4793277,1.0625929,0.8272063,1.2463369,0.6045469,0.0,0.6316527,0.0,0.11032486,0.46551028,0.0,0.2841921,0.63968605,0.0,1.3027301,1,2010
1.8292072,0.39332205,0.014435649,1.3032627,0.8980903,1.119661,0.0,0.6742294,0.794124,0.7268252,0.0,0.7682997,1.256525,0.0,0.0,0.94188625,0,2010
0.39192635,1.8128088,0.0,0.8870909,0.0,0.70475686,0.0,1.7344537,0.0,0.68156016,2.057083,0.0,0.0,1.1590749,1.4724312,0.96456975,0,2010
1.0683347,2.261828,0.52112406,0.13727987,0.71911085,1.1444775,0.0,0.53287053,0.0,1.9801455,0.42220455,0.83197486,0.0,0.35187674,0.0,1.1360267,0,2010
0.0,1.9226564,1.122643,1.0733205,1.400801,1.010956,3.7547326,0.10094708,2.088861,2.0523603,1.1699963,0.0,0.0,0.0,0.0,0.46277612,2,2010
1.9728386,2.3140807,1.5551277,0.0,1.1679888,0.6288054,0.76547456,0.0,0.05351606,0.29943234,0.78539324,0.586955,0.0,0.54595244,0.0,1.4423609,0,2010
0.0,2.242011,1.6936648,0.9225762,2.0367513,0.014502823,3.477478,1.2229328,2.96097,1.6592791,1.1982329,0.0,0.5909999,0.0,0.0,0.6107092,2,2010
1.3954246,0.437727,2.2762341,0.29832357,2.131033,0.9830663,0.78638786,0.9101171,0.31553257,1.5880889,0.33009753,0.0,1.9213324,0.85127735,0.0,0.8266362,2,2010
1.6219292,1.1299274,0.0,0.108325064,0.0,1.7134902,0.0,0.9357991,0.0,2.4755666,0.7887746,1.1963955,0.0,1.7701242,1.0189275,1.2015802,2,2010
1.4318589,0.0,1.8475504,0.9692363,1.4394944,1.2684304,0.0,2.2179654,1.5489113,1.4478222,0.36965764,0.6907605,3.0847745,0.44235367,0.0,0.108531654,1,2010
1.263805,0.0,2.5042748,0.55135196,1.3185941,0.820704,3.3468742,0.6723662,4.0102654,1.2061809,1.0328503,0.0,2.0731733,0.63613653,0.54767185,0.60191166,2,2010
1.239663,0.13963103,0.84910035,0.99030876,0.0,2.309486,0.0,1.1442164,0.0,0.4605865,2.782511,0.0,0.0,3.7760055,5.7189145,0.013011038,0,2010
1.6167283,0.6288211,3.322154,0.4616258,1.211715,0.20455629,0.0,1.7864494,0.0,1.1272162,0.0,0.0,1.6689119,1.9479473,0.0,1.1457986,0,2010
1.6771541,1.1329887,1.5485711,1.1240344,1.2134621,0.95210594,0.0,1.7610826,0.1024321,0.38203996,0.116796345,0.0,1.2019522,0.6048831,0.0,0.8745361,0,2010
1.5831416,0.64267975,0.0,1.1788251,0.0,2.0769634,0.0,0.0,0.0,1.5336366,1.1689651,0.0,0.0,2.267952,2.7039378,1.2943976,0,2010
1.1932814,0.937189,1.7166392,0.5932993,1.1815099,1.4021225,0.0,0.6404036,0.0,0.0,0.20948362,0.0,0.93022525,1.086201,0.0,0.70009714,1,2010
0.7956577,0.24705428,0.32249522,0.97924197,0.80072594,1.1934799,0.0,0.7893519,0.0,2.0547085,0.545267,0.0,0.37845334,1.3486848,0.0,0.91960865,0,2010
1.2327077,0.0,0.43405032,1.3981614,0.7316656,0.5808966,0.0,2.149457,0.962785,1.535291,0.47963104,1.0513257,2.1810315,0.7461295,0.2979653,0.527769,0,2010
1.3854287,0.0,2.071196,1.806227,0.96672916,1.1243804,2.8747823,2.0079885,4.978879,1.3122795,0.0,0.0,3.2571688,0.3335521,0.51171577,0.6814059,2,2010
1.0880269,0.7142735,0.7557174,1.3178775,0.6521206,0.8633261,0.0,1.2759299,0.0,0.0,0.44859588,0.0,0.97747505,1.126029,0.0,0.811492,0,2010
1.0355781,0.0,0.21202844,1.2457557,0.0,2.1796007,0.0,0.88087034,0.0,0.23542207,1.512816,0.0,0.0,3.850189,3.9168277,0.4641433,0,2010
1.4740098,1.2377961,2.6282554,0.0,2.1300335,0.2420525,0.3232215,0.6315056,0.0,1.6312579,1.1929569,0.0,0.6547172,0.7738502,0.0,0.87350935,0,2010
0.98403156,0.5785304,0.5908568,0.82998616,1.031731,0.0,0.0,0.59849834,1.8324115,1.6460625,0.8801023,3.0528998,2.3497524,0.017361045,0.0,0.7214261,2,2010
0.090626,1.689085,1.9010718,0.7641047,0.9985057,0.39497787,4.745938,1.1388354,3.502228,0.27864504,0.8013569,0.0,0.0,0.6743027,0.0,0.8446163,2,2010
0.6266089,1.0290661,1.2059902,0.5614148,0.7915418,1.5240874,0.0,0.49082354,0.0,0.5674591,0.35218835,0.0,0.2423954,1.4395614,0.0,0.7054105,0,2010
0.9271367,1.0821302,1.2857484,1.0314009,1.7330303,1.3683304,0.74890316,0.0,0.0,2.164093,0.6223283,0.0,0.8229696,0.26482797,0.0,1.0896763,2,2010
0.93448144,0.44678873,1.4323546,0.7425468,1.3881137,1.2684903,0.0,1.4719434,0.703527,1.6990561,0.08352584,0.2845123,2.244109,0.4573804,0.0,0.39767706,0,2010
0.97298974,1.0257113,2.117639,1.6128156,1.6412129,0.725245,1.0380398,0.76476955,1.0230477,0.5902388,0.0,0.0,2.4269001,0.75857425,0.0,1.1529808,2,2010
0.41891432,2.1762786,1.5517712,0.70124006,1.5683498,0.6541566,0.40694392,2.0144289,0.953095,1.8263526,0.7729915,0.0,1.2036755,0.0,0.0,0.28016078,0,2010
0.7451269,0.0,0.0,1.2417275,0.0,1.5894424,0.0,2.0996723,0.0,1.9650652,0.94998837,0.0,0.0,2.4316382,2.8400772,0.45877677,0,2010
0.75007033,2.3963866,0.9962985,0.0,0.0,0.7589061,0.0,0.31037003,0.0,2.0790367,2.9227896,6.304426,0.0,1.4342121,1.4967525,0.60688096,0,2010
1.5331318,0.004883826,0.6082063,1.3698858,1.0229548,1.3381085,0.0,0.8086851,0.17496091,0.5736244,0.011355102,0.19745196,1.8363197,0.797608,0.0,0.9218014,1,2010
1.7382591,1.67416,1.3822721,1.3876388,1.3733582,0.12095922,0.26131776,1.4904509,0.9627112,0.0,0.48449492,0.0,1.2922497,0.5476342,0.0,1.3584261,0,2010
1.8742737,0.8183943,0.23795098,1.0980489,1.0479048,1.0090182,0.0,0.9663261,0.26015085,0.105977535,0.32735988,0.0,0.73004127,0.05777037,0.0,0.88157713,2,2010
0.5923302,1.2712541,2.3311515,0.8217708,1.2401612,0.35121483,3.7020247,1.1166332,2.8005457,1.339746,0.58759665,0.0,1.1719592,0.74823,0.0,0.861386,2,2010
2.0347621,0.7318817,1.4549813,0.0,0.05236256,1.3763189,0.0,1.5870181,0.0,1.8095269,0.67617816,0.0,0.0,1.4764963,1.717729,0.7186627,0,2010
0.8982945,0.654839,0.59034836,1.2228622,0.7793144,0.50121784,0.0,1.7576735,0.0,1.7745752,0.1345126,0.27873176,1.5157497,0.94988054,0.0,1.0658566,0,2010
1.385303,0.13707769,1.2444179,1.00344,0.08015704,1.2005367,0.0,1.4097931,0.0,1.5778048,0.0,0.0,0.22420433,2.2859058,0.5631698,1.0508757,0,2010
1.669221,0.05767405,1.5384201,1.3673066,1.2729216,1.6740654,0.0,0.21920884,0.13056554,0.0,0.0,0.0,2.0479567,1.0717536,0.0,0.94393647,0,2010
1.0834925,1.4501204,1.3082004,0.5598973,1.1745113,0.50351334,0.0,0.7667557,0.0,0.91570634,0.45388383,0.0,0.57632,0.67690396,0.0,1.1257648,2,2010
1.5832508,0.0,2.2823772,1.7088666,1.6081266,1.4808631,0.736033,1.0399683,0.6185154,1.4196997,0.0,0.0,3.4117942,1.3981168,0.0,0.9386634,0,2010
0.74711114,1.6024835,2.5069876,0.29100952,1.5347209,0.15478754,3.3783953,1.5234759,2.9533255,1.4154142,1.3132112,0.0,0.6880493,0.606485,0.0,0.5086143,2,2010
0.8436465,0.3724055,0.93144906,1.4424508,0.0,1.9104421,0.0,0.08710778,0.0,0.7395788,3.7708275,0.9190883,0.0,3.3611493,5.4821763,0.17988539,0,2010
0.5956271,0.0,1.032825,0.15467161,1.0375434,0.12921268,0.7995794,0.53394073,8.230482,1.8732324,0.0,4.301531,5.04627,0.0,0.0,0.7858075,2,2010
0.18354237,1.7157619,2.0533943,0.91961175,0.95813346,0.92245144,4.5121837,1.4564731,3.5282702,0.34671956,0.5719728,0.0,0.3925913,0.8604707,0.0,0.69673854,2,2010
0.3795798,0.0,0.3730057,1.510178,0.0,1.6586605,0.0,0.38927603,0.0,0.072734416,0.82839,0.0,0.039624035,2.966991,2.1716158,0.7264623,0,2010
0.0,1.0626217,2.0253491,1.4303639,0.81047237,0.5439404,5.788338,1.6383951,4.4318547,1.2546883,0.64829975,0.0,1.2767847,1.5131361,0.23379058,0.7736672,0,2010
0.65537095,1.8491957,0.4143345,1.1919731,0.30998892,1.188769,0.0,1.3568358,0.0,0.2881657,0.2411229,0.0,0.0,0.7000279,0.0,0.785102,0,2010
0.56051546,1.1392856,0.07900262,0.0,0.0,0.87616676,0.0,0.84546626,0.0,2.186176,1.5145059,0.72080624,0.0,1.1763105,1.2691393,0.7432165,0,2010
1.5318608,0.8255582,1.8510368,0.15384531,1.8310101,1.1518599,1.914685,1.617398,1.4298368,1.6079347,0.5989658,0.0,1.3966752,0.635249,0.0,0.29794335,1,2010
1.3161572,1.825726,0.42618757,0.9720855,1.1338235,0.47139597,0.0,1.0628976,0.14769207,0.07383984,0.79603064,0.0,0.41750795,0.10048288,0.0,1.054795,0,2010
1.8912238,0.8024217,0.59026694,1.315587,0.75602907,0.7891311,0.0,1.5389981,2.283583,0.6696928,0.0,0.49934423,2.1107981,0.30117667,0.0,1.2028124,0,2010
1.9655478,0.75639457,1.4519694,1.3078403,0.0,0.9495122,0.0,0.97758394,0.0,1.148683,2.5629132,0.0,0.0,2.8009138,5.2478633,0.83285594,1,2010
1.8877586,2.2317486,1.6632175,1.285516,0.28080133,1.3277194,0.0,0.20070016,0.0,0.19229972,3.1302133,11.019523,0.21906573,1.5871216,0.0,0.32064825,2,2010
0.22936046,0.39515182,0.11561543,1.3690538,0.0,1.504513,0.0,1.8290098,0.0,2.0130575,1.8950362,0.0,0.0,2.6276896,3.905299,0.2337116,0,2010
1.5803032,1.4744871,2.1397538,0.38997945,1.010129,0.6808584,0.0,1.9434569,0.0,1.6459213,0.20416382,0.0,0.42152762,0.5420255,0.0,0.8740417,0,2010
1.1680834,0.064964175,0.0,0.74531615,0.22692421,0.9347785,0.0,0.037395895,0.0,0.7233716,0.984601,0.0,0.0,2.0327313,0.6460269,1.2827649,1,2010
1.3063157,0.027215958,0.98188365,1.2252517,1.0062884,1.085776,0.0,0.5481692,0.091344774,1.7512866,0.0,1.5219122,2.1499407,0.8648668,0.0,0.9090493,1,2010
1.0698291,1.2152146,1.6062632,0.39466226,1.6741058,0.73672783,0.5773704,1.6183074,0.32085845,1.7649155,0.2340801,0.0,1.3140306,0.43457815,0.0,0.78167814,1,2010
0.6887845,0.05470079,0.16567528,1.2755431,0.0,1.6193588,0.0,0.6349467,0.0,1.2449739,3.3291824,0.54067785,0.0,2.7017353,4.9244576,0.21325773,0,2010
0.5240654,1.7214181,1.3485761,0.9511211,1.8494499,0.974302,2.6613507,1.7540437,1.6946609,1.8491356,0.30781975,0.0,1.3787462,0.33794257,0.0,0.505268,0,2010
1.1067805,0.64557785,0.047390044,0.39291677,0.0,0.46007475,0.0,0.36973184,0.0,0.10673368,1.3136507,0.35965073,0.0,1.9512479,0.96482414,1.3096476,1,2010
1.4610872,1.0146078,0.73143196,1.1110086,0.0,1.0857112,0.0,1.2746717,0.0,1.8094764,1.4587463,0.0,0.0,2.0940738,3.952938,1.0462303,0,2010
1.4964359,0.12906724,1.6846998,0.4509405,1.6274343,0.82733375,1.9438373,0.90671057,3.2349665,1.5260112,0.52283025,0.09415077,2.9975057,0.9161702,0.0,0.79880416,2,2010
1.173978,1.8477095,1.1314219,0.15606356,0.9788085,0.9076052,0.0,1.0958701,0.0,0.42065576,0.7371046,1.0188068,0.15648562,0.2796064,0.0,0.60122925,0,2010
0.45883197,2.2907434,1.740556,0.85080385,1.99011,1.231518,2.0411081,1.6443486,1.5995946,1.4567957,0.7933975,0.0,0.6484721,0.0,0.0,0.04230374,0,2010
0.738896,0.29601392,0.58977103,0.97545326,0.8608198,1.5446966,0.0,0.62070215,0.0,0.03579837,0.60618925,0.0,0.9209863,1.4844531,0.0,0.57437336,0,2010
1.0749029,0.73076713,1.9798794,0.8520608,1.83075,0.8120157,2.7132783,0.74205136,1.5568647,1.4820402,0.5938116,0.0,1.7904117,0.848322,0.0,0.8883152,1,2010
0.192159,1.0793545,0.7883655,0.7065953,0.39356044,0.972263,0.0,1.0419536,0.0,0.42522582,0.5020683,0.059887566,0.5680378,1.1307714,0.0,0.5657207,0,2010
1.626219,0.48499042,1.7613897,1.3784658,1.0298054,0.5620122,0.1491959,1.3905264,2.3558455,0.6102319,0.0,0.76028174,3.3078153,1.2490617,0.0,1.2109759,0,2010
1.8619726,1.6630332,0.7720333,1.1811204,0.800824,0.7186389,0.0,1.2757597,0.0027745068,0.22574568,0.0,0.0,0.33312878,0.37466362,0.0,1.3501842,2,2010
1.5523024,0.90372956,2.1312575,1.6101345,0.0,1.5265718,0.0,1.5169014,0.0,1.3670053,1.275629,0.0,0.0,3.2379782,5.2264094,0.55610085,0,2010
1.5959618,1.6511638,0.69107205,0.9214333,0.9772954,0.5938288,0.0,1.3999048,0.8138677,0.5085803,1.1681943,2.3553774,0.53768647,0.0,0.0,0.5570393,1,2010
0.79326457,0.83219016,0.4342465,1.3918099,0.0,0.9100892,0.0,0.34039038,0.0,0.6512363,0.79763055,0.0,0.0,1.9544785,1.7582307,1.3726423,2,2010
1.571362,0.3694158,1.6287851,1.6791708,1.6626543,1.7368599,0.96214724,0.40906835,1.2896142,0.0,0.0,0.0,3.0469253,1.1633366,0.0,1.0860128,1,2010
0.3262285,1.1937897,0.8615038,0.9682343,1.7877465,0.9921263,0.4469449,1.1984288,0.68347085,1.9109926,0.63001794,0.0,1.6024833,0.0,0.0,0.36277735,0,2010
0.9545175,0.49120355,1.4715073,2.02453,1.6425974,1.4638546,0.5676374,0.70470923,0.0,1.9139478,0.0,0.0,2.8400147,1.5627937,0.0,1.3961229,0,2010
0.6386628,0.7718731,0.6101174,0.57752186,0.0,1.1982256,0.0,1.5866237,0.0,1.9090319,0.4207664,0.0,0.0,1.3959813,1.1573664,0.6213423,1,2010
0.65789604,0.575369,2.209847,0.9452422,0.66780484,0.7622097,3.8565633,1.4377416,4.784094,1.3168213,0.22439161,0.0,2.4988484,1.1685079,0.35352007,0.7490744,1,2010
1.0116897,0.0,0.2235139,0.26410717,0.36898658,1.4886471,0.0,0.77296925,0.0,2.086536,0.6872374,0.0,0.0,1.6986012,0.6302333,0.85258794,0,2010
0.1511355,0.916492,0.74326646,0.5381559,1.2924094,0.6406299,5.049463,0.8167794,3.3824747,1.8405666,0.93123746,0.0,0.08777487,0.8436356,0.0,0.75757617,2,2010
1.0525348,1.1601995,0.5613974,1.1071699,0.50392467,1.242738,0.0,0.30383724,0.0,0.19116002,0.24080914,0.34581542,0.33468065,0.85064584,0.0,1.0017209,0,2010
1.7375011,0.02169472,1.0639426,1.3161031,1.3193378,1.2474834,0.0,0.7409053,0.0,1.9555037,0.0,0.0,2.449249,1.5917144,0.0,1.4406428,1,2010
0.6813339,1.3175765,1.8459511,0.84557354,2.1248164,1.0437809,2.208963,1.184682,1.490628,1.6453762,0.6089753,0.0,2.0277138,0.4555872,0.0,0.5487144,0,2010
1.3878999,0.4699628,1.6905882,0.79123175,0.0,1.261079,0.0,1.741142,0.0,1.533157,2.3510644,0.0,0.0,2.9988754,5.7727585,0.18622696,0,2010
1.8238991,0.0,1.4257898,0.9258748,0.92565733,0.68883765,0.0,1.1692431,1.0179088,1.6181939,0.0,1.1227059,2.8900793,1.4956837,0.0,1.247136,0,2010
0.773871,1.9728185,0.53509116,0.52014697,0.83098924,0.33276892,0.0,0.8767466,0.0,0.21609807,0.9586357,0.0,0.0,0.35101616,0.0,1.1218331,1,2010
0.6270666,1.7522414,0.70467025,0.2841334,0.90726864,1.2857223,0.0,0.65842074,0.0,1.8795576,0.5427559,0.15528862,0.0,0.0,0.0,0.75356805,1,2010
1.4739604,0.66562426,1.6738743,0.53088725,1.8578427,0.759068,2.1218047,0.4910285,1.5515537,0.6303711,0.8025547,0.0,1.5912151,0.9457193,0.0,0.95237666,1,2010
1.408417,0.0,1.0387386,1.6458766,1.7343346,1.4275085,0.18367338,0.7951055,0.0037933588,1.8573182,0.0,0.0,2.6315768,1.1744189,0.0,0.9500182,0,2010
1.3713247,0.87221456,1.6196215,0.5030563,0.30876523,0.8446583,0.0,1.5755527,0.0,1.7605305,0.0,0.120376006,0.0,0.8809635,0.0,0.955236,0,2010
0.0,1.815032,0.68617857,1.0338682,1.0522175,0.6253109,0.0,1.8488338,0.45862007,1.9025273,0.52394605,0.11337995,1.1155487,0.0,0.0,0.39152873,0,2010
0.38473174,0.8009823,0.9318714,0.7049774,0.0,1.0255611,0.0,1.3380828,0.0,0.0,1.4306897,0.0,0.0,1.9090953,2.2885838,0.38722908,1,2010
0.9522667,0.74663234,1.0372523,1.03356,0.15840828,0.3281055,0.0,1.6251383,0.0,1.1537642,0.22300285,0.0,0.36562204,2.0714905,0.31962705,1.3200035,0,2010
0.7705747,0.7644906,1.9270917,0.56678975,0.84226465,1.0257186,4.356302,1.3564589,3.7904816,0.0,0.94217825,0.0,0.012397766,1.030325,0.0,0.5296494,2,2010
1.1078255,0.5789764,1.4840202,1.5838981,1.2010367,1.6418312,0.0,0.1242882,0.0,2.078175,0.0,0.0,1.05127,1.1777786,0.0,1.3185817,0,2010
1.8736229,0.44577134,1.117972,1.4109528,1.0971789,0.6816374,0.0,1.1742256,1.7173026,0.26152813,0.0,0.22830024,2.5769558,1.030827,0.0,1.159495,0,2010
0.99848276,0.4314864,1.0791974,0.64272785,1.7572583,1.1856779,0.0,0.7981447,0.0,1.9464836,0.5572288,0.0,1.1589713,0.34483793,0.0,0.55764794,2,2010
1.0600694,0.9221182,1.6600728,0.8229288,1.4544308,1.2822667,0.0,1.4139056,0.0,1.8160641,0.0,0.0,1.631386,0.9872842,0.0,0.7376742,1,2010
0.6778903,0.80492264,0.24276596,1.0222814,0.0,0.7459434,0.0,1.3772955,0.0,1.0034368,0.7616855,0.0,0.0,1.932404,1.9052588,1.1250328,1,2010
1.4612483,1.0266893,1.4088027,1.1666212,1.4740863,1.024162,0.0,1.6231711,0.21974197,0.8613754,0.0,0.0,1.3867966,0.47856814,0.0,0.80056953,0,2010
1.611989,1.2260423,0.7728859,1.1566991,1.7501467,0.8782683,0.99335814,0.91593885,1.1993098,0.015368223,0.29509684,0.0,1.3903474,0.5279757,0.0,1.0743914,1,2010
2.7543943,3.2720385,2.607216,3.3068836,0.0,1.7659758,0.0,0.22275037,0.0,0.45287567,2.6633997,0.17543077,0.0,1.4304138,6.858563,1.4321761,0,2010
1.3926094,1.8669136,0.9503821,0.5606646,1.556935,0.2418344,0.38232058,1.299984,0.9754854,0.4068674,0.7989001,0.0,0.69400936,0.07663149,0.0,0.97160363,1,2010
0.9075115,0.5321238,0.79206395,1.1744745,0.97005904,0.56217647,0.0,1.2083701,0.0,1.8681955,0.25692993,0.0,0.8783657,1.0452583,0.0,1.2075143,1,2010
1.050665,1.128049,1.4722114,0.64744973,0.0,0.95446926,0.0,1.8997536,0.0,1.6678323,0.4696741,0.0,0.0,1.7824056,1.9869093,0.7893462,0,2010
0.7413512,1.4808092,2.328556,0.80674905,1.3826497,1.3032912,3.5549605,1.6094785,2.229919,1.0587697,0.10853082,0.0,1.5023054,0.8277248,0.0,0.67018914,0,2010
1.2382525,0.0971002,1.4739646,1.1540508,1.0940664,1.0645704,0.0,0.6761223,0.0,1.7672665,0.0,0.6430495,2.234194,1.0087072,0.0,1.0431371,2,2010
0.35438138,2.3175006,0.9288523,0.6966714,0.9165759,0.6477345,0.0,1.0976393,0.040363356,0.5812415,0.6870786,0.17622343,0.0,0.0,0.0,0.6456263,0,2010
0.5945993,1.1072507,0.7970002,0.74839365,0.0,0.56841516,0.0,1.4807408,0.0,1.8670058,0.52628905,0.0,0.0,1.773879,1.4655133,1.1320245,0,2010
1.239422,0.33036873,1.404889,0.9628806,1.0062275,1.1221887,0.0,1.2146161,0.0,1.816472,0.0,0.0,1.2146931,0.86982715,0.0,0.9593441,0,2010
1.3929155,1.3129547,0.791607,0.82615215,1.7920008,0.9190219,1.1447518,0.8290397,1.3435931,0.5255116,0.43117255,0.0,1.0200574,0.026085913,0.0,0.7977592,0,2010
1.2089548,0.9328928,1.8471334,0.6432654,1.5137038,1.2476732,0.26553792,1.6766181,0.0,1.7438092,0.0,0.0,1.3363159,0.73015934,0.0,0.6369716,1,2010
1.1518823,0.8224426,0.8214635,1.312469,0.9104171,1.1836842,0.0,1.4326619,0.0,0.43354934,0.058393717,0.0,1.0446903,1.2005159,0.0,0.76803905,1,2010
1.0506082,0.9414611,0.5965643,0.016822457,0.5736049,0.7301599,0.0,0.84860176,0.0,2.100031,0.9740444,1.7421143,0.0,0.0,0.0,0.70585775,1,2010
0.5237223,0.67041105,1.4671357,1.0618469,0.0,1.6172414,0.0,1.7701473,0.0,0.33049667,0.8346526,0.0,0.0,2.3271809,2.9035845,0.079003096,1,2010
0.37744874,0.0,0.76867354,0.5658738,0.73831165,0.94737065,5.459532,0.4241823,4.6726217,1.674399,0.61415714,0.0,1.1706157,1.526085,0.029577687,1.0087018,2,2010
0.633968,0.43897858,0.60399365,1.1336372,0.9830491,1.0009176,0.0,0.45768875,0.0,0.0,0.8478167,0.0,1.0129906,1.3987808,0.0,0.8119134,0,2010
1.5741373,0.25103515,0.98667413,1.2825868,1.428403,1.2849253,0.0,1.2740743,0.0,1.3335707,0.0,0.0,2.025461,1.3200482,0.0,0.84525084,0,2010
1.3347912,1.3056374,1.1826596,1.2838233,1.4841752,1.4205317,0.22985436,2.2571213,0.0,2.0885637,0.0,0.0,1.7845454,0.8474405,0.0,0.93092996,2,2010
0.8064171,0.6252687,0.84221596,1.0898335,1.9377137,1.0379622,1.57023,0.70921147,1.3000522,1.8352752,0.43793124,0.0,2.08555,0.29125303,0.0,0.7298081,2,2010
1.8114985,0.9240413,1.5436537,1.2972448,1.0973693,1.7093527,0.0,1.403982,0.46069252,0.0,0.0,0.0,1.99316,1.0622627,0.0,0.7500738,2,2010
0.83903253,0.32907042,0.53938854,1.4281254,0.0,1.0553532,0.0,1.4003601,0.0,0.38647833,0.8498025,0.0,0.0,2.529702,2.965357,0.89991486,0,2010
0.8780617,0.54356456,1.5042605,0.70647824,0.0,1.6725047,0.0,1.2292104,0.0,0.45023662,0.0,0.0,0.0,1.685168,1.2210834,0.5431411,0,2010
1.0583844,0.95090055,1.5539241,0.39745328,1.7120072,1.2137101,2.9823916,0.95859843,1.8471022,1.7068558,0.71640396,0.0,1.2718662,0.6515368,0.0,0.52382493,1,2010
1.8177702,1.744285,2.6347766,1.1261721,1.602011,1.6873848,2.0472753,3.1425595,1.1811289,1.71523,0.0,0.0,2.2779615,1.4001869,0.0,0.646942,0,2010
1.0449975,0.4363537,1.0007677,0.7108374,0.92105097,0.77873003,0.0,0.5587848,1.0522821,0.0,0.5353706,1.0690383,2.1833003,1.5488365,0.0,0.8016342,0,2010
0.4274152,0.08232105,0.34632474,1.1939019,1.4859599,1.1807052,4.6109633,0.09212005,2.801937,1.8304524,0.8806927,0.0,1.0949637,0.8920118,0.0,0.905582,2,2010
1.5247016,0.31275034,1.5143001,1.3129387,1.13929,1.7299347,0.0,1.0590909,0.0,0.86849546,0.0,0.0,1.5808959,1.5371952,0.0,0.84257895,2,2010
1.4511685,1.1009805,0.90080774,0.7916919,1.1084692,1.2355671,0.0,1.2273574,0.9974058,0.0,0.29662824,0.4958111,1.151001,0.1488781,0.0,0.39451647,0,2010
0.90502125,1.3493826,1.3846357,1.0373437,1.8676481,0.45702496,0.7508536,2.080521,1.6937876,1.5468884,0.6025301,0.0,2.779445,0.65690213,0.0,0.7044382,1,2010
1.2270317,0.68202037,0.08144075,0.8042421,1.107003,0.8404931,0.0,1.107126,0.0,1.7859278,0.42701727,0.0,0.51638216,0.31966096,0.0,1.1131046,0,2010
1.1623973,1.3960118,1.3234715,0.0,1.233608,0.5793135,0.0,0.69519126,0.0,0.9903445,0.9141321,0.0,0.0,0.16130358,0.0,0.84255254,0,2010
0.7822508,0.6371949,1.4228008,1.4052056,1.4659505,1.0378851,2.4354403,0.9475562,2.661125,1.6060176,0.04090458,0.0,3.1821287,1.1453923,0.0,0.9302965,1,2010
1.8673162,0.892255,0.88806176,1.6999619,1.080835,1.2641838,0.0,1.0327482,0.53347135,0.00032496452,0.0,0.0,1.9494543,1.0214609,0.0,1.1933331,1,2010
1.9729693,2.1450918,2.084456,2.5116708,0.082173705,2.395436,0.0,0.010754883,0.0,1.9466541,1.4852456,0.0,0.0,1.2734494,5.3142214,0.9787966,1,2010
1.4167454,0.7480409,0.27729505,1.6527615,1.3942492,0.7267289,0.012021646,0.3985659,0.36121464,0.69278806,0.29901963,0.0,1.3724447,0.28974754,0.0,1.3438747,1,2010
0.5944289,0.5911395,0.59052896,0.64440763,0.054683864,0.108977854,0.0,0.91559565,0.0,1.7451249,1.086309,0.0,0.0,1.6033872,1.4361383,1.2434926,2,2010
0.7570397,1.8312186,0.97638696,0.75890154,0.9457594,0.43011737,0.0,1.415605,0.03551829,0.57914615,0.6394805,0.0,0.12729281,0.0044443607,0.0,0.9187875,1,2010
0.58300894,1.2702649,2.102884,0.26030567,0.5037405,1.2434058,0.0,1.4232292,0.0,1.2236798,0.03349924,0.8168306,0.39701402,0.67839646,0.0,0.27365595,1,2010
0.48188853,0.62686867,0.7827716,1.6758099,0.0,1.1444718,0.0,0.0,0.0,0.19412696,1.6706495,0.02874323,0.0,2.6238453,3.5054855,1.181747,2,2010
1.1072726,0.45374432,1.3048785,1.0464718,1.4195259,0.9656695,0.0,1.2581464,0.0,1.8423753,0.08904487,0.0,1.3784103,1.2171241,0.0,0.93548465,2,2010
1.1500782,0.96292293,0.45062,0.20122546,1.3512951,0.5642508,0.0,0.1191414,0.0,1.3274984,1.2206386,0.0,0.0,0.0,0.0,1.1497247,0,2010
1.4984841,0.46404946,1.8298362,0.38364244,1.2926106,1.0410103,0.0,1.3837798,0.0,1.5727134,0.16015375,0.3200859,1.3097599,0.81523925,0.0,0.5362872,0,2010
1.6851938,1.4898793,1.7849803,2.548866,0.0,1.4160684,0.0,0.85180926,0.0,0.0,1.8636162,0.0,0.0,2.7269533,6.104343,1.0657136,0,2010
0.71872133,1.4279461,2.2622933,1.3668659,1.6935705,1.0829321,1.0710411,1.6951838,0.7153804,0.9885436,0.0,0.0,2.7424257,1.2773608,0.0,0.7304439,2,2010
1.2068211,0.25372916,0.9042967,0.8781396,0.8859747,1.3947709,3.8554568,0.40093464,2.676583,0.0,0.106031656,0.0,1.0008526,1.3904195,0.0,1.1566317,1,2010
2.1712081,3.6163597,3.5560162,3.8200212,0.0,2.3094594,0.0,1.095863,0.0,1.4839385,2.326865,0.8289585,0.0,1.5508091,8.067891,0.55819064,0,2010
0.48963585,0.6192355,0.619566,0.62709594,0.0,0.3031006,0.0,2.1012278,0.0,1.7459323,1.0505009,0.0,0.0,1.7578421,2.287277,0.8663975,0,2010
0.88670087,0.82305074,1.2140177,1.7229145,1.2093451,1.170923,0.0,0.27453113,0.0,2.028441,0.0,0.0,1.5284472,1.4710013,0.0,1.6569166,0,2010
0.87288785,1.1961279,1.707557,1.0461565,0.0,1.0001432,0.0,1.4647229,0.0,0.4816022,1.9981246,0.0,0.0,1.7598176,4.796636,0.4295013,0,2010
0.93444735,0.24689993,0.22228652,0.036354303,0.0,1.2179742,0.0,0.3453262,0.0,0.88520986,1.4323591,0.0,0.0,1.1093358,2.098382,0.7240697,0,2010
1.2987454,2.0390744,2.598827,0.38799378,2.0717235,0.93161625,1.3329414,2.525488,1.2656584,1.4405966,0.8752372,0.0,2.1109083,1.1194726,0.0,0.28025985,2,2010
0.58963937,1.3531721,1.7686337,0.59721684,1.6566378,0.9126831,3.8520312,1.1674662,2.1708865,1.6020875,0.9604278,0.0,1.0155579,1.0899737,0.0,0.5401941,0,2010
0.85393727,0.17315596,0.0,0.9174618,0.06403595,0.8410923,0.0,1.0695109,0.0,1.5797596,0.8092444,0.0,0.0,1.0952265,0.82754606,0.9260833,0,2010
0.64841044,0.63494545,1.1351162,1.0377271,1.39791,0.8906846,3.075945,0.5125438,3.1304266,1.6024642,1.0038869,0.0,2.2411485,1.0195818,0.11582273,0.5973816,0,2010
1.0051616,1.0569665,1.2579167,2.7911534,0.6552026,1.150744,0.0,2.4775078,0.0,0.66148996,0.0,0.0,2.1238008,1.8911066,0.0,1.0112879,1,2010
0.75855803,0.31950167,0.95548284,0.6953651,0.9972502,1.028162,4.8371954,1.212899,4.138184,1.5785005,0.60689014,0.0,1.6833594,1.9048507,0.08628513,0.7768069,1,2010
1.1226269,1.2280297,1.0486152,0.0,1.6452284,1.1262896,0.0,1.2618264,0.6238107,0.0,0.9712525,0.0,0.9066665,0.54596126,0.0,0.34992826,0,2010
1.273089,1.2328777,1.0359598,0.0,2.0630546,0.863757,3.177803,0.5719768,2.180202,1.024595,1.2894461,0.0,0.07531309,0.703775,0.0,0.6091894,1,2010
1.5147307,1.6711527,1.313407,1.3671099,0.8650521,0.76888907,0.0,1.3278027,0.09067753,0.0,0.0,0.0,0.8029566,0.6250549,0.0,1.1441159,1,2010
1.2118844,1.5423627,1.7914118,0.0,2.0321877,0.91116375,0.80461884,1.8710887,0.45970213,1.7064753,0.928324,0.0,0.93828464,0.5984309,0.0,0.19489855,1,2010
0.75051016,0.62235546,0.7599984,1.6027324,0.0,0.6752423,0.0,1.8237967,0.0,0.0,1.1490977,0.0,0.0,2.1880252,3.0735104,0.8668721,0,2010
1.2326189,0.09828043,0.0,0.42173707,0.0,1.1939435,0.0,0.97296536,0.0,0.7431714,0.87941617,0.0,0.0,1.2857567,1.5511113,0.76705027,0,2010
1.123685,1.2318279,2.205243,0.13242996,0.9934036,1.9031723,0.3494051,1.3671595,0.4221949,1.428275,0.0,0.22852689,1.4359701,0.6196796,0.0,0.39760232,1,2010
0.80195814,0.77023304,1.0399507,1.5168543,1.0646647,1.0867747,0.0,1.2095913,0.0,1.8347628,0.0,0.17134488,1.3419951,0.53488433,0.0,0.80014634,0,2010
1.1041826,0.11900854,0.5619795,1.3921164,1.4613744,1.4607432,0.0,0.22322065,0.0,1.9722917,0.4915335,0.55685675,1.6768947,0.7107897,0.0,0.8892437,1,2010
1.2845238,0.88187945,1.2701385,1.2764075,0.48662543,0.81438243,0.0,2.1114297,0.0,1.7847174,0.0,0.0,0.7068192,1.4914937,0.0,1.2834198,0,2010
0.37132323,1.2983809,0.845392,0.894886,1.4845665,0.4775557,4.2110844,0.8180029,3.8907762,0.29381275,1.4385631,0.0,1.0158441,1.3021659,0.0,0.7681682,2,2010
0.9177992,0.9897787,0.87256014,0.8936417,1.2999519,0.39856154,0.0,1.0854105,0.0,1.3249414,0.63769,0.0,1.40839,1.0744214,0.0,1.0783991,1,2010
1.9045771,1.6162288,2.342793,2.1582644,0.0,1.3679448,0.0,1.6149964,0.0,1.557307,0.0,0.0,0.2877178,1.9258654,3.2447596,1.4399743,0,2010
0.45301753,0.89890915,0.0016773343,0.88817596,0.22581783,0.7194113,0.0,1.1938472,0.0,0.13693768,1.1150897,0.0,0.0,0.9669695,0.48720098,0.71941525,0,2010
0.96639496,1.6918544,1.5402362,1.9650328,1.1409873,1.0088829,0.0,1.656214,0.9952974,0.0,0.0,0.0,2.3029256,1.159701,0.0,0.95631814,2,2010
0.27962303,0.78954625,1.5394104,0.40351525,0.0,0.61124533,0.0,0.48734623,0.0,1.8162925,0.6376901,0.0,0.0,1.7384052,1.5821526,1.190776,0,2010
1.0716311,1.5115399,1.3415966,0.8186684,1.8390421,0.95486057,2.2792354,0.8067572,2.1015413,0.0,0.86518586,0.0,1.7258432,0.9738827,0.0,0.82016754,2,2010
0.61473703,1.2167172,1.5446335,0.5219126,1.8685414,1.0909789,0.38513923,0.0,0.0,2.031978,0.81035113,0.0,0.9128101,0.15540022,0.0,0.7756994,2,2010
1.4370683,0.0,0.695649,0.20447227,0.65749955,1.6451285,0.0,0.0,0.0,0.64009035,0.825271,1.0547172,0.16616854,1.1397831,0.0,0.5946397,1,2010
1.5049834,0.995329,1.4502707,1.2399334,0.0,0.98320115,0.0,1.5810857,0.0,1.7472985,1.7909226,0.15358567,0.0,1.7281106,5.622125,0.7338258,0,2010
0.8646365,0.55928725,1.1082091,1.1054862,1.4409763,1.1445864,3.9618342,1.1646242,3.1279743,1.5218351,0.52999,0.0,2.6304452,1.7877704,0.0,0.8867737,2,2010
1.2904835,1.2168336,1.5802994,1.2715214,1.165996,0.9814177,0.07706541,1.3351836,1.5327878,0.30683827,0.0,0.28424412,2.2781157,0.8865602,0.0,0.8032031,0,2010
0.6156752,0.568093,0.8808317,0.17355928,0.0,1.119514,0.0,0.9823809,0.0,2.12504,0.7033315,0.0,0.0,0.5727763,2.3085124,0.688516,1,2010
1.3630056,1.3205285,1.648092,0.0,2.0076847,1.0723213,3.030207,0.98158306,2.2649837,0.88878363,1.0222981,0.0,0.41079298,0.48602444,0.0,0.48604977,1,2010
0.89263934,0.37635225,0.070619226,0.0,0.0,1.1256119,0.0,1.1556971,0.0,2.2556772,1.1715469,0.13575207,0.0,0.5358686,1.94257,0.6462445,0,2010
1.9174072,1.3906112,2.1397285,1.7389681,0.0,1.0105265,0.0,0.76549506,0.0,1.1289191,1.9878995,0.0,0.0,1.8456781,5.710487,1.0972104,0,2010
1.697547,0.4021967,1.7546794,1.4170561,1.7258413,1.0070854,0.40710437,1.2488352,0.0,1.50861,0.0,0.0,2.4048593,1.7288966,0.0,1.1114945,0,2010
1.00457,0.9052361,1.1594561,1.6156834,0.0,1.3744144,0.0,0.47239348,0.0,0.33323544,2.5887942,0.0,0.0,1.5712781,5.9189835,0.6292919,0,2010
0.55942744,1.6115203,1.5713122,1.2602587,1.9747518,1.6952541,1.5182014,0.6944002,1.1217268,0.41938245,0.25772315,0.0,2.505996,0.6033709,0.0,0.6857866,1,2010
0.19810188,0.41558477,1.0691726,0.38422686,0.0,0.9740621,0.0,0.0,0.0,0.7768805,2.3593988,0.19126332,0.0,1.5558372,3.8725712,0.6157795,1,2010
1.9048276,1.2161489,0.87320405,0.0611673,1.0202124,1.0052196,0.0,1.173298,0.3258899,0.0,0.5585965,0.62280715,0.2990523,0.060381055,0.0,0.6157733,2,2010
0.34700722,1.0116823,1.1955482,0.21897793,0.0,1.0940502,0.0,0.7589574,0.0,2.017969,0.31629822,0.0,0.0,0.9527232,0.7709775,0.92041135,1,2010
1.0847138,0.68475515,1.2008183,1.1188016,1.5889338,0.77805406,0.0,1.0348862,0.23906642,1.6769269,0.34171343,0.29179883,2.3700805,1.2193857,0.0,0.90513706,0,2010
1.1111104,0.40559086,1.2298021,0.814595,1.6804578,1.3564383,3.9558463,1.0157112,2.327557,1.5441589,0.7531708,0.0,2.1943161,1.868814,0.0,0.79083085,2,2010
0.7611339,0.9430443,1.3605957,0.5582679,0.0,0.73548996,0.0,0.9219611,0.0,1.9531901,2.0948317,0.34147844,0.0,0.9044083,4.6588044,0.69990313,0,2010
2.002077,0.8437713,0.8110986,0.7392592,1.2337732,0.8710799,0.0,2.2866993,0.0,2.0976737,0.020790994,0.0,0.6585922,0.25126308,0.0,0.95960176,0,2010
1.073153,0.09549856,0.8996776,1.2022834,0.0,1.58653,0.0,0.0,0.0,0.7638206,1.6500764,0.0,0.0,1.7304711,5.2267623,0.94672483,0,2010
0.53992367,0.39784658,0.0,1.0150977,0.65870047,1.4694595,0.0,0.242926,0.0,0.25515282,0.88426244,0.36056462,0.6818524,0.5769234,0.0,0.45158133,0,2010
1.1837065,0.3904369,0.6354332,1.0657172,1.0594008,0.99822855,0.0,0.74750435,0.9158515,1.9695671,0.0,1.047974,2.2856832,0.5452361,0.0,1.0032306,1,2010
0.70106184,0.5976288,0.9829806,0.41169447,0.24662396,0.37395906,0.0,0.8235733,0.0,1.8777599,0.78529286,0.0,0.0,1.1701775,0.7632663,1.198247,0,2010
0.6815611,1.4147844,1.4782624,1.2072618,1.4954398,1.4918289,2.8403316,0.6909625,3.494482,0.0,0.59046566,0.0,2.8548017,1.1626419,0.0,0.75081015,1,2010
0.85420215,1.907098,2.8434577,0.7422723,2.0307727,0.9211658,1.4372537,2.1950185,0.6360378,1.3262122,0.2234976,0.0,2.7475038,1.5769339,0.0,0.722264,1,2010
1.2009655,0.7166001,1.0922726,0.41726732,0.7442713,0.7942899,0.0,1.6868618,0.0,1.8069327,0.18716106,0.1817509,0.4648558,0.49858218,0.0,0.673854,0,2010
0.72955793,0.0,0.6295409,1.2980878,0.0,1.4160855,0.0,0.4575588,0.0,0.947197,1.519767,0.0,0.0,2.8097012,4.3215256,0.9310013,0,2010
1.7959467,0.0,0.36030632,0.0,0.32237503,0.42195398,0.0,0.67905545,0.0,1.5254005,1.244168,0.26372844,0.0,0.83696955,0.421834,1.1532153,0,2010
0.92493284,1.5115184,1.1145422,0.82043606,2.0438437,1.2354765,1.047463,1.360445,0.8078908,0.89250314,0.48454624,0.0,1.487608,0.27456748,0.0,0.48190325,1,2010
0.050708294,1.31839,0.922879,0.46883282,0.2780924,0.006620109,6.0424676,1.6895115,6.6004114,0.0,0.72324204,0.0,0.5652538,2.5441272,0.0,1.3102651,2,2010
1.0950615,0.8904367,0.9466522,1.5186255,1.4395492,1.4530741,0.22988524,1.2109003,0.16266805,2.03693,0.0,0.0,2.3114414,0.9134214,0.0,0.9570313,2,2010
1.8801397,0.81655574,0.51387525,1.3351305,0.8079795,0.7034533,0.0,1.0711608,0.16256604,0.01824069,0.1200487,0.0,1.027899,0.53071946,0.0,1.2233583,1,2010
0.92232877,0.85556656,1.0817308,0.0,0.0,0.0,0.0,1.7259493,0.0,1.7933745,1.0872906,0.26662737,0.0,0.78945637,1.8443115,0.9948759,0,2010
1.2557107,0.69957453,1.2915465,0.8900471,1.1318965,0.77975166,0.0,2.1221569,0.0,1.7618091,0.15930367,0.0,1.3613744,0.47389266,0.0,0.6622962,1,2010
0.024234831,1.4348493,1.7219684,1.8411605,1.6639469,1.1801736,1.310166,0.9072694,1.1231042,1.6670609,0.0,0.2442778,3.4874954,1.2225368,0.0,0.8720106,2,2010
1.1389859,0.97002983,1.4389765,0.8122152,1.5593379,1.0946702,0.11005686,1.6780188,0.0,1.9720397,0.0,0.0,0.9945259,0.11374229,0.0,0.66324866,2,2010
0.0,0.72032326,0.648333,0.049902976,0.0,1.0406579,0.0,0.84257716,0.0,2.166672,1.8761854,0.5601439,0.0,1.0557256,2.7975445,0.38639522,0,2010
0.4057744,1.2193301,0.5333888,1.4490267,0.85001105,0.98565805,0.0,0.9385004,0.3491827,0.52965784,0.17723948,0.0,1.4243438,0.7534288,0.0,0.8114302,1,2010
0.033301413,1.4081544,0.59694743,0.6746893,0.7015519,0.11504686,6.1814,2.1508534,5.5191665,0.26776284,0.83660597,0.0,0.09719151,2.4093263,0.0,1.1214043,1,2010
0.55830586,0.5852506,1.8673438,0.6049711,0.21209925,1.2828994,0.0,1.2183924,0.0,1.576169,0.0,1.4702381,0.6827471,0.95423794,0.0,0.33336455,0,2010
0.61651313,0.8789301,0.2996348,1.0370984,1.5174503,0.6835914,0.0,1.0507232,0.42661625,1.8353088,0.9698417,0.48044705,2.0194104,0.6162627,0.0,0.66085035,1,2010
1.2785834,0.6735013,0.9548204,1.3379514,0.97822046,0.7568186,0.0,0.3940425,2.1250863,0.0,0.0,1.2566297,2.456608,0.854213,0.0,1.0525277,0,2010
1.9500586,0.8081448,1.6437292,1.1573777,1.9396645,0.7184984,2.3827918,1.4003923,2.1263514,0.0,0.41067338,0.0,2.0437336,1.308723,0.0,1.1091466,0,2010
0.54341996,1.349534,1.3732846,1.3057871,0.56940925,0.39534432,0.0,1.8032168,0.0,1.8527672,0.0,0.0,0.4057865,0.7068492,0.0,1.2773933,0,2010
1.4064132,0.6488995,1.9126004,1.7420752,0.0,1.9884574,0.0,0.052250206,0.0,1.8968704,3.898366,2.1688128,0.0,1.4574351,8.045603,0.0,0,2010
1.944442,0.92175233,1.7484291,0.77939177,1.1912787,1.3208206,0.0,1.6214114,0.0,0.43597993,0.0,0.0,0.8815481,0.38539916,0.0,0.7726594,0,2010
1.1744456,0.90195,0.82982516,0.6758645,0.45910937,1.0589542,0.0,1.5135221,0.0,1.4106014,0.3103252,1.8970078,0.40974665,0.0,0.0,0.40216213,1,2010
1.534602,0.4607411,1.1400653,0.956434,1.0034149,1.0306177,0.0,0.75705594,0.0,2.070958,0.0,0.0,0.9200815,1.1854634,0.0,1.5224774,1,2010
1.2265141,1.5724279,1.05233,0.34239694,0.19127169,0.6887442,0.0,0.87853533,0.0,0.23893273,0.36747715,0.0,0.0,0.09604955,0.0044582784,1.1482234,0,2010
1.3734523,0.0,1.1488014,0.11639559,0.7766174,1.2835929,0.0,0.24474686,0.0,1.9263053,0.6368449,0.0,0.005054772,1.3621285,0.1012868,1.1084211,0,2010
0.954754,0.62247515,1.2439406,0.50041175,0.28421104,1.286755,0.0,0.56336737,0.0,0.01987362,0.17330176,0.15166096,0.0,0.8088844,0.0,0.6902677,0,2010
0.74958247,0.58774745,0.7487022,0.2570617,0.0,1.0580921,0.0,1.0448519,0.0,1.9983804,0.4715333,1.0669898,0.0,0.8085247,1.5094754,0.8240293,0,2010
1.3925972,0.21143436,0.7571894,0.80044734,1.0235294,0.15646309,0.0,0.81494963,2.203362,1.1462336,0.22985187,2.0948572,2.8998294,1.001702,0.0,1.0607873,1,2010
0.4601997,1.1094902,1.0082004,1.9149604,1.2586751,0.70810544,0.0,0.31641406,0.59710073,0.27009118,0.37873214,0.4177162,2.8023427,1.6003592,0.0,1.1536204,1,2010
1.0309114,0.5138279,1.8829536,1.8191767,0.9099326,1.690072,0.0,1.0650637,0.0,1.817477,0.0,0.0,1.6809127,1.3052416,0.0,1.2323778,0,2010
1.0460316,2.432767,3.2733662,0.528792,2.12374,0.77613837,2.2018752,2.540348,1.1683908,1.318088,0.82684696,0.0,2.1704366,1.6190578,0.0,0.5229807,1,2010
0.5181618,0.96247244,1.1302055,0.9682118,0.6247982,1.3873491,0.0,0.5912905,0.0,0.64602745,0.0,0.0,0.8296819,1.5021324,0.0,0.9809571,0,2010
1.4464524,1.5355343,1.3827637,0.5430039,2.1371846,0.82446486,2.9485767,2.0971358,1.6072092,1.5063529,0.6114697,0.0,1.9255104,1.7573557,0.0,0.73876786,0,2010
1.3109694,0.7775824,0.80643857,1.6999981,1.2685958,0.9360179,0.0,1.6509526,0.5239655,0.8083352,0.012368441,0.0,2.4785411,1.3272523,0.0,0.95472515,0,2010
0.59378946,2.4501803,0.5172246,1.5258722,2.2805157,1.0236963,1.8857875,1.6039124,2.6660516,0.0,1.4062331,0.0,2.1701975,0.5697462,0.0,0.2995463,0,2010
1.8579651,0.8584138,1.4226782,0.29093358,2.0628638,1.6134403,0.7762086,1.0740888,0.6442951,0.38626462,0.32982206,0.0,1.7871418,0.9617379,0.0,0.64116085,1,2010
1.6746429,0.22709447,1.3032503,0.77431405,1.1810544,1.3485453,0.0,0.30117947,0.0,1.8106365,0.26595578,2.3246386,1.616098,0.92690074,0.0,0.7767951,1,2010
0.6722589,0.10999262,1.6639318,0.88667965,0.0,0.5899701,0.0,0.68549335,0.0,1.1220953,1.8574831,0.17075542,0.0,2.029552,4.767149,0.773349,0,2010
1.2474642,1.671582,1.3228898,0.34177026,2.3225975,0.6509304,2.4775836,1.7577848,1.3599284,1.5493975,1.2129776,0.0,1.4318647,1.2707071,0.0,0.45892307,0,2010
1.2027972,0.92547965,0.9649901,1.4644227,1.1766818,0.23908454,0.0,1.0926921,1.8262284,0.13305414,0.42979032,0.78215194,2.9828322,1.4362268,0.0,1.1366899,2,2010
0.6157477,0.579765,1.0621129,0.76702446,0.5930494,1.0605633,0.0,0.48547617,0.0,0.5640938,0.31053436,0.0,0.2641271,1.3501111,0.0,0.93591565,0,2010
0.50332683,1.1641569,0.94355047,0.0,1.1618153,0.40022463,5.624159,1.1579592,4.602731,0.0,1.4245876,0.0,0.0,2.561966,0.0,0.903504,2,2010
0.5505667,0.52439934,1.3918284,0.0,0.0,0.9922657,0.0,0.49866754,0.0,0.0,1.3336046,1.1012533,0.0,0.8684675,2.1042755,0.33410013,0,2010
1.4157474,0.4952337,0.98187673,0.2503573,0.9544062,1.0453925,0.0,0.35331982,0.0,2.0426009,0.7578626,1.7721083,0.45059463,0.5699233,0.0,0.93844795,0,2010
1.2896891,0.5128121,0.9363765,0.7603748,1.221794,0.8965626,0.0,0.43045464,0.0,1.1161928,0.3888561,0.0,1.0960073,1.1966301,0.0,1.2687813,0,2010
0.92349863,0.6558251,1.371497,1.2827783,1.3842578,1.8038194,0.032691047,0.7653175,0.0,2.0816033,0.0,0.0,1.3368096,0.83372784,0.0,0.80661,1,2010
0.48667455,1.405301,0.4609807,1.153137,2.1774032,1.1510922,1.9656314,0.8030473,1.46327,1.8405404,1.1498722,0.0,2.4150205,0.9681721,0.0,0.43377864,2,2010
0.7378298,0.6955111,1.4403927,1.619932,0.0,1.6269314,0.0,1.6622071,0.0,1.7732878,0.9189778,0.0,0.0,1.4751952,5.4878764,0.4105631,0,2010
1.024771,0.8072993,0.9655544,0.7885478,0.44009265,0.73666877,0.0,0.9009561,0.0,1.0570095,0.22323221,1.0246756,0.060687184,0.0,0.0,0.92556155,0,2010
1.2484155,0.72023153,0.863753,0.93986094,0.49365437,0.5801997,0.0,1.0087566,1.2408175,0.0,0.0,1.204915,1.591878,0.71601033,0.0,0.9580076,0,2010
0.8778213,1.1310002,0.09168315,1.133719,0.8033984,0.6660271,0.0,0.57904255,0.2759293,0.0,1.4122287,2.3628967,0.83862334,0.06550032,0.0,0.3887301,2,2010
0.6494681,0.47523966,1.1619837,1.1145942,0.0,1.159539,0.0,0.44728187,0.0,1.8735392,0.5921905,0.0,0.0,1.2202591,2.2278743,1.058999,2,2010
1.2663207,1.3807824,0.5374512,0.2267926,2.0435748,1.6237793,2.6540024,0.965316,1.727735,0.69218236,0.81815886,0.0,1.2301941,0.9932568,0.0,0.52394176,2,2010
0.36240482,0.8324766,1.4039259,0.80181575,0.0,0.25040257,0.0,2.2964635,0.0,1.6054778,0.8054997,0.0,0.0,1.378386,2.1724446,0.7273971,0,2010
0.67847854,1.5264038,1.3047452,1.3427513,1.141278,1.1619918,0.0,2.069775,1.1701068,1.2731028,0.0,0.61313796,2.5460715,0.71303314,0.0,0.43069345,1,2010
1.0311112,0.65461546,2.4520202,1.4344044,0.6603794,1.3439971,0.0,1.1652026,0.0,1.7542219,0.0,0.0,1.5215282,1.8507099,0.0,1.419503,0,2010
0.9436281,0.6394733,2.3678546,0.9244988,0.0,1.1690297,0.0,0.33989,0.0,0.0,3.9050603,3.3780525,0.0,1.6220025,6.59052,0.044609725,0,2010
1.1901098,0.090612054,0.68950844,0.72392917,0.6656724,1.3511868,0.0,0.6929548,0.0,1.9997385,0.16606191,0.6306453,0.52818054,0.9152941,0.0,0.88684344,2,2010
0.33674866,1.542515,1.2710401,0.3769365,1.2393165,0.64608413,5.0835757,0.9598322,4.099275,0.0,1.8001411,0.0,1.0287119,2.9420562,0.0,0.7400794,2,2010
0.09026849,0.15516627,0.58151424,0.2639224,0.0,0.9466759,0.0,0.28599733,0.0,0.67875755,1.3382225,0.0,0.0,1.1811023,2.0667417,0.6168145,0,2010
0.71716785,0.56272006,1.4292853,0.8360077,1.2321472,1.4701948,3.6628447,0.23745555,3.5109348,1.614838,0.3997758,0.4478845,3.2882073,1.9608414,0.0,1.000401,0,2010
1.6353142,0.41931182,0.40834373,1.0955374,1.2802861,0.8095648,0.0,1.077595,1.614398,0.86891747,0.39693722,1.0535161,2.9059794,1.4212145,0.0,0.96678144,2,2010
0.7141782,1.0240002,1.2684323,1.0211877,1.0334209,1.1132897,0.0,1.7640107,0.4018824,1.3707145,0.0,0.09789253,1.5781937,0.20087999,0.0,0.48624325,0,2010
0.9089038,0.8589335,0.1639778,1.2194982,0.8926624,0.14942443,0.0,0.5900871,4.4584913,0.0234676,0.0064778924,2.7119687,3.5596876,0.8039009,0.0,1.1338178,1,2010
1.0815091,1.4723487,1.9030113,0.6861197,1.7064745,1.1875527,0.9519245,0.83475363,0.22889487,0.94132626,0.0,0.0,1.582729,0.9312159,0.0,1.0451878,1,2010
1.206519,0.61738324,0.903378,0.54762214,0.95924264,0.7684085,0.0,1.1727701,0.0,1.9818423,0.13065717,0.029689752,0.88127124,0.6062198,0.0,1.0134684,0,2010
1.3914133,0.76879346,0.0317477,1.7427306,0.7073992,0.46750346,0.0,0.578617,0.32279477,0.0,0.5555506,0.8526847,1.1975646,0.3160078,0.0,1.0599871,2,2010
0.32313424,1.5242119,2.0608606,1.6425942,0.0,0.81222856,0.0,1.4076113,0.0,1.6856902,1.5571017,0.0,0.0,0.7694967,5.238306,0.60584533,0,2010
0.6371443,1.5956279,0.30867773,1.2086127,1.2054198,0.96900815,4.1314588,2.0134184,3.5273805,0.38401756,0.8558262,0.0,1.6089969,2.216571,0.0,0.65967405,2,2010
1.3421745,1.3844049,0.89327496,1.4831524,1.6845405,1.4419281,0.988157,1.0952157,0.84521234,0.58057976,0.0,0.0,2.07493,0.9451104,0.0,1.025045,1,2010
0.58786523,0.0391075,1.4530325,0.49336326,0.0,0.6671652,0.0,0.61065567,0.0,1.7748258,0.4227773,0.0,0.0,1.2164234,1.8997657,1.0394382,0,2010
0.47297272,0.0,1.0471985,1.1163824,0.0,0.9894846,0.0,1.6523716,0.0,1.7226136,1.4776192,0.0,0.0,1.1585462,4.620759,0.2929495,0,2010
0.7147316,1.2266839,1.2837598,1.0590346,2.1815538,1.1237422,1.8836625,0.7248667,1.0143185,1.196871,0.73230624,0.0,2.7772639,1.4585977,0.0,0.8446425,1,2010
0.49713168,0.880689,1.7223206,0.1595785,0.0,0.37002993,0.0,1.7877502,0.0,1.4039731,1.9954364,3.5371826,0.0,1.081396,3.411033,0.13168567,0,2010
1.6992567,0.929196,1.7393043,0.9452534,2.0547717,1.2648087,1.4727361,1.4112167,0.7957483,1.4791086,0.1736033,0.0,3.05875,1.9761002,0.0,0.87641585,2,2010
0.5299858,0.22722188,1.5030396,0.0,0.0,0.5134282,0.0,0.35850686,0.0,1.9736643,2.256441,0.36764276,0.0,0.5497211,4.6726613,0.582546,0,2010
0.35106224,0.3857895,0.5252757,0.6471182,0.0,0.6712637,0.0,0.17394453,0.0,0.24290335,1.0954045,0.28322586,0.0,0.43014613,2.0751405,0.932746,1,2010
0.4459973,0.08609599,0.58679456,0.8149078,0.04632044,0.8647109,0.0,0.85294986,0.0,1.90449,0.27905834,0.0,0.0,0.7144434,0.5378606,0.9319695,0,2010
1.1157095,0.0032971501,0.27263004,0.13811737,0.7749395,0.69447255,0.0,0.0,2.799075,0.6264068,0.0,3.5196395,2.469126,0.56509,0.0,0.932744,0,2010
1.0521936,2.104162,1.2222097,1.1305022,2.0069003,1.4420128,1.7088766,1.9963734,1.4391773,0.4146992,0.36564797,0.0,2.0370946,0.7623805,0.0,0.5454254,2,2010
0.6878586,1.250607,0.85678744,1.3534825,1.7186136,0.91804737,0.0,1.0169162,0.0,0.9474542,0.6195548,0.0,1.7833021,1.2065259,0.0,0.9631281,0,2010
0.7705989,1.3047023,1.1090242,0.14880162,0.67595756,1.0631214,0.0,1.032732,0.0,0.0,1.4605472,1.8369452,0.34049836,0.9333376,0.0,0.065406024,0,2010
1.2860262,0.8937181,1.1898633,0.009021997,1.4595573,1.288269,4.458166,1.4005554,2.4987957,1.5912802,0.84050596,0.0,1.3381637,2.4662597,0.0,0.69014215,1,2010
0.91713166,1.1075616,1.441692,0.9404758,1.9383075,1.1351414,1.0223585,0.79780453,0.36327446,1.7984204,0.23313513,0.0,2.477646,1.330637,0.0,0.986589,2,2010
1.1805768,0.0,1.2295505,0.702368,0.2881096,1.5258236,0.0,0.30102056,0.0,1.9607792,0.25649327,0.0,0.0,0.6656138,0.934004,1.0306739,0,2010
0.87351036,0.54415536,0.43925285,1.456466,0.101947844,0.72987765,0.0,0.64919287,0.115213096,0.0,0.007280886,0.37350667,1.1237564,1.0945268,0.055099607,1.1414464,2,2010
0.8993923,0.43812674,1.2877299,0.43871525,0.0,1.0495745,0.0,1.4622362,0.0,1.4078108,0.0,0.0,0.0,1.0395995,0.7846924,0.9540572,1,2010
1.3569986,0.88025135,0.8151194,0.92576116,1.3376937,1.2072476,0.0,1.3973868,0.0,0.94047785,0.36303288,0.0,1.2532493,1.3233467,0.0,0.8323193,0,2010
0.5690745,1.3501792,1.738966,0.48878664,0.808105,0.6989105,0.0,2.002635,0.0,1.8843739,0.18695533,0.0,0.17348593,0.6104344,0.0,0.71006036,2,2010
0.96947306,0.0,0.0,0.0,0.5025766,0.64403147,5.8265295,0.47313726,5.519382,1.6406006,1.1344926,0.0,0.6931726,3.0096025,0.0,1.0067748,2,2010
0.851956,1.2786841,1.3608958,0.866423,1.0412126,1.3428341,4.2911654,1.5979234,2.5225348,0.6806638,0.0,0.0,1.4671484,1.8620541,0.0,0.9369889,1,2010
0.5709262,1.1808555,0.6534021,0.48235786,1.4260802,1.2355891,4.9819765,1.4940896,3.0626805,1.640831,0.89024895,0.0,1.8030617,2.715653,0.0,0.72389895,2,2010
0.4986143,0.21118227,1.0473106,1.0102242,0.0,0.9363251,0.0,0.9193617,0.0,1.8026068,0.4614549,0.0,0.0,1.5096176,2.367635,0.96793854,0,2010
1.4754562,0.99418324,0.40152383,1.7461317,1.3452401,0.8970608,0.0,1.5529833,1.1949774,0.24562436,0.56110466,0.4477949,2.3517907,1.0105679,0.0,0.5895425,0,2010
0.18431127,0.30697364,2.1036258,0.1593566,0.0,0.7861382,0.0,0.08229965,0.0,1.6447316,2.9868565,3.104746,0.0,1.2543135,4.7344923,0.09331226,0,2010
1.3874438,0.43571067,0.66892415,1.493515,0.7743031,0.8558623,0.0,0.8221492,0.92913413,0.38340333,0.0,1.0631849,2.336693,1.3117292,0.0,1.0870656,2,2010
1.5287869,2.2105145,1.6297903,0.6787772,1.9778984,1.4190825,1.7516015,1.9505177,1.5465446,0.0,0.5839215,0.0,1.8757493,1.3501785,0.0,0.6251719,1,2010
1.2260513,0.88152844,0.66440946,1.3058245,0.87297744,0.5376054,0.0,0.8920391,3.168974,0.0,0.0,1.6482666,3.1939135,1.2763003,0.0,1.1284343,2,2010
0.5974804,0.7119527,1.3964196,1.0664166,0.0,0.50310194,0.0,2.2600002,0.0,1.16957,0.9034935,0.0,0.0,2.0127406,2.9639807,0.7555388,0,2010
0.0,0.5897002,0.85071236,0.6481131,0.0,0.5488288,0.0,1.3670487,0.0,1.8514352,0.9309781,0.37505102,0.0,0.5075316,2.6025293,0.58444774,0,2010
0.49735817,0.10528237,1.3246348,1.5118484,0.0,0.7760451,0.0,0.051054895,0.0,0.17343593,1.338992,0.0,0.0,1.3932607,5.1177473,1.232837,0,2010
1.2719166,1.0536287,1.0603065,0.7551275,2.1006799,0.9198501,0.64812547,1.0291425,0.8738848,1.6639445,0.7425099,0.09664883,2.9166584,1.6457143,0.0,0.8631721,2,2010
1.3945066,0.75438297,0.63847744,0.7229565,1.0470854,0.7962336,2.180063,0.61917484,6.226606,0.0,0.14908808,1.4881337,3.9939508,2.3758647,0.0,0.858831,2,2010
1.7131298,1.1004505,1.7651682,0.14545137,1.7414869,0.11222571,0.0,0.84218866,0.0,1.7533078,0.72612196,0.0,0.68565613,0.4965583,0.0,1.3241398,2,2010
1.2114505,0.32584918,0.60636806,0.76707304,0.95107704,0.25192636,0.44151568,0.9526202,4.438496,1.8060651,0.0,2.4782507,3.9807646,0.94542927,0.0,1.1758361,1,2010
1.1052425,0.42297783,1.5773305,0.14633232,0.3397633,1.4642608,0.0,0.3524695,0.0,0.52083725,0.07026559,0.7759114,0.0,0.44307446,0.0,0.62867355,0,2010
0.7473596,1.7837018,1.4552114,1.5202539,2.0424085,1.5305502,1.9718086,1.8222885,0.93453026,1.1264757,0.07487702,0.0,3.0687706,1.5181264,0.0,0.6768513,0,2010
1.1488038,1.1432178,1.5779159,0.79292154,1.7352263,1.5603344,2.43931,0.8424593,1.2599161,0.8002355,0.21007854,0.0,1.5760053,0.607466,0.0,0.7463405,1,2010
0.5839412,0.0,0.32827556,0.0,0.062470675,0.7368413,0.0,0.0,0.0,1.8503199,2.1783178,3.5881052,0.0,0.7575165,1.1802409,0.73627,1,2010
0.563608,0.46306723,0.83510065,1.279326,0.4311258,0.69890994,0.0,0.96580327,0.25778875,1.755377,0.0,1.1455835,0.91819084,0.0,0.0,0.8368101,0,2010
0.8970568,1.6269326,0.48972842,1.4207735,0.56146544,0.65919214,0.0,0.828649,0.0,0.0,2.8248587,6.7285366,0.6683363,0.71623755,0.0,0.238931,2,2010
1.3896409,0.9543942,1.788563,1.4894586,0.87156814,0.7892719,0.0,2.1418583,0.0,1.0669461,0.0,0.0,2.0562627,1.9762731,0.0,1.0185823,0,2010
1.3743621,1.2484488,1.4633467,0.056141138,2.0158598,1.3637071,3.9777615,1.5108263,1.7071939,1.5191985,1.2013023,0.0,1.620679,2.4675288,0.0,0.5516839,1,2010
0.34936452,0.0,0.69004107,0.67709225,0.0,0.8455581,0.0,0.797959,0.0,1.7609124,1.5017014,0.33808511,0.0,2.194352,2.934298,0.7511257,1,2010
0.07028127,0.4410904,0.0,0.6761807,0.026824236,0.89148927,0.0,0.27093,0.0,1.4280409,1.271107,0.0,0.0,1.2578539,1.8490182,1.088044,0,2010
1.2496974,1.5878183,0.57905537,1.2733781,1.4930091,1.1578821,0.0,1.171586,0.0,0.02883017,0.48092765,0.0,1.199739,0.96076345,0.0,0.861904,1,2010
1.70082,1.3576007,2.3700047,2.6133378,0.0,2.0327277,0.0,0.017535627,0.0,1.9292712,2.971853,1.1906973,0.0,0.18791068,8.596347,0.361749,0,2010
1.4322104,1.1007808,2.121173,0.105831146,1.2421246,1.1800859,0.0,2.0889356,0.0,1.8573315,0.0,0.0,0.7550435,0.5342765,0.0,0.57155967,1,2010
1.2597356,1.1153071,0.9690336,1.0309229,1.7860172,1.2734972,1.0416411,1.2764575,0.085502625,2.0210998,0.0,0.0,1.5837162,0.9467241,0.0,0.97891355,0,2010
0.0,0.32860103,1.2524527,0.13198453,0.29073927,1.3555684,0.0,0.8155172,0.0,1.6513679,0.42830256,1.6712933,1.216185,1.5210435,0.12283257,0.045018792,1,2010
1.2209035,0.7590778,1.8892435,0.6966328,0.09500718,1.387849,0.0,0.41213608,0.0,0.0,0.18253785,2.5049806,0.0,0.41401193,0.0,0.59573054,1,2010
1.2041628,1.4258813,1.5689354,0.25648314,2.16316,1.0524929,0.70866066,1.5801494,0.19230789,1.7174728,0.6368508,0.0,1.5555592,0.908528,0.0,0.47472546,2,2010
1.1361755,0.91857463,1.3008152,1.1953783,0.6717542,0.3194102,0.0,0.7574946,0.0,0.007506788,0.024350584,0.0,0.49757478,0.26120847,0.0,1.3733051,1,2010
1.1734494,0.65011287,0.48482564,0.54277897,1.9555104,1.839438,0.81790817,0.62108177,0.0,2.2409158,0.74204147,0.0,1.0460202,1.027653,0.0,0.6242484,2,2010
1.4162015,0.7463169,1.0024042,0.08387965,0.970636,0.7075447,0.0,0.09633684,0.0,0.56339633,1.2920413,2.4513388,0.061184645,0.0,0.0,0.806274,2,2010
0.42774513,1.073265,1.1278659,0.31748205,0.27667847,1.1290318,0.0,0.33435422,0.0,0.0,1.4870796,2.988051,0.0,0.43525708,0.0,0.22653317,0,2010
1.3832467,1.1158183,1.7525506,0.5052142,1.959121,0.6751752,2.089039,1.2985297,0.79473555,1.5109818,0.50598574,0.0,1.7385015,1.5967987,0.0,0.9213859,0,2010
1.3521602,0.9855288,0.5214014,1.0020264,1.8590722,0.15055752,2.88866,1.0814958,2.6633513,1.4764357,1.0436085,0.0,2.3725877,1.9238079,0.0,1.0924351,2,2010
1.1641119,1.1854391,1.1417558,0.43200356,1.7912155,1.326406,4.0108495,1.3592801,2.7703946,1.4312192,1.2297196,0.0,2.7855074,2.8923507,0.0,0.6486527,0,2010
0.28268802,0.0,1.1227902,0.47544968,0.0,0.9364838,0.0,0.96380204,0.0,1.83006,0.38288265,0.0,0.0,1.6488383,2.6676006,0.8966335,0,2010
1.2012502,1.8462914,0.34299386,1.669867,1.903779,0.60561544,1.2288344,1.422792,2.1120055,0.23287779,0.91876394,0.0,3.021111,1.904042,0.0,1.0252539,2,2010
1.2448587,0.5862298,2.2239113,0.93502307,0.6685519,0.3985803,0.0,1.3763037,0.0,1.5075548,0.0,0.0,0.76996434,1.0751895,0.0,1.2386508,1,2010
0.0,0.47690755,0.93803185,0.23260537,0.21910411,1.2566288,0.0,0.8298394,0.0,1.748817,0.8528744,1.4930366,0.0,1.2035854,0.43663847,0.076999664,1,2010
1.4861131,1.5095434,0.68996906,1.2700298,0.8554206,0.47022867,0.0,1.6593955,1.6703465,0.32666802,0.40990406,0.6171758,2.4013536,1.5479078,0.0,1.0785471,2,2010
0.0,1.0253444,1.214648,1.2534084,0.05131197,0.5739919,0.0,1.8444638,0.0,1.6266096,0.19614181,0.0,0.0,1.4212339,1.0432281,0.8532178,0,2010
0.5157809,0.9205871,0.98633796,1.003418,0.7309807,0.4484857,0.0,2.019347,0.0,1.7485347,0.44370177,0.0,0.653744,0.6172111,0.0,0.6661488,0,2010
1.5896298,1.474349,0.9005819,0.7457032,1.4510837,1.4738762,0.0,1.8157771,0.17845574,0.067003906,0.519306,0.0,0.79012173,0.50021255,0.0,0.41672206,1,2010
0.7880851,0.18314016,0.2909643,0.0,0.2582164,0.71268064,0.0,0.43882927,0.0,1.3296144,1.058667,0.0,0.0,0.28160155,0.7909919,0.91242206,0,2010
1.067394,1.5817168,0.46382028,0.42876422,1.1591306,0.9422222,2.7171726,0.7519904,6.098886,0.0,0.9576467,1.3600577,3.2547667,1.9802384,0.0,0.5448253,2,2010
0.34651646,0.47306365,1.3858242,2.2865388,0.0,1.510565,0.0,0.5979763,0.0,0.72409946,2.8539252,0.0,0.0,1.2861264,7.179022,0.25006807,0,2010
0.0,0.0,0.3024454,0.5532105,0.0,1.1825383,0.0,0.30609155,0.0,1.9756334,1.3036336,0.0,0.0,1.9012187,1.8135226,0.6576065,0,2010
0.7477437,1.3740251,1.9794189,0.82269603,0.0,1.1443312,0.0,0.7849081,0.0,0.0,1.9923117,6.200618,0.0,1.3633163,0.5572287,0.039640963,0,2010
0.3144337,0.70200413,0.7555345,1.69137,0.756031,1.1325271,0.0,1.4459724,0.0,1.897706,0.0,0.0,1.0591846,1.0990696,0.0,0.9627801,0,2010
1.4484522,0.92221975,0.35804695,1.6031605,1.0400301,0.2911101,0.0,0.47693947,0.85611993,0.0,0.52781355,0.3467751,2.0972438,1.103508,0.0,1.5247171,0,2010
1.3418564,2.0220766,1.6198142,0.7823015,1.7234504,1.2659566,1.4996094,1.8066342,1.8253388,0.37120482,0.12506586,0.0,2.199105,1.0020432,0.0,0.75488234,1,2010
0.0,0.0,1.1214843,0.14124042,0.0,0.7680096,0.0,0.62324905,0.0,1.8070078,1.313484,0.1959872,0.0,0.59406173,3.5098484,0.33344144,0,2010
0.8406456,0.97445506,1.8346239,0.77492464,0.82650876,0.8303565,0.0,1.4037783,0.14544484,1.8571374,0.0,0.0,1.1328607,0.015586734,0.0,0.9092559,0,2010
2.0038183,0.8357375,1.6601408,0.20173478,1.8449632,0.40019405,2.2622404,1.6230652,0.93100303,1.3736408,0.6160946,0.0,1.5012071,2.1038074,0.0,0.9926314,2,2010
1.1565247,0.33326676,0.7758986,0.0,1.279811,1.6200794,5.252064,0.71341217,2.4372053,1.2530035,0.8124212,0.0,0.71912795,2.8689728,0.0,0.8794798,2,2010
1.0444767,1.2452006,0.8048372,0.5555667,2.5942643,1.5902222,1.7483976,1.023183,0.510814,1.7704289,1.3319073,0.0,2.597206,1.7950909,0.0,0.45213553,0,2010
0.98431164,0.23792458,0.86621046,0.74497664,0.82589734,1.5243734,0.0,0.0,0.0,0.44177374,1.101296,3.035383,0.6845734,1.2290373,0.0,0.5154631,1,2010
1.5020709,0.86045414,0.5175955,0.6068816,0.91453993,0.951647,0.0,0.86211073,0.0,0.806521,0.2328456,0.0,0.01750195,0.3544974,0.0,1.1400181,2,2010
0.44026998,1.018755,0.22004884,1.275974,1.208286,1.4777224,0.0,1.4388325,0.0,2.2569675,0.0,0.0,0.7618393,0.5998518,0.0,0.8176485,2,2010
0.0,0.16011864,2.3098838,1.528235,0.0,0.96646464,0.0,1.1271098,0.0,1.3201518,1.4012897,0.0,0.0,2.5679977,5.1538377,0.29884368,0,2010
0.7072691,0.34065056,0.9847811,0.0,0.0,1.1760484,0.0,1.5596898,0.0,2.031368,0.0,0.0,0.0,0.5151488,0.92174786,0.62296516,2,2010
1.6553799,0.52880347,0.82621485,0.98708755,1.251904,1.156929,0.0,0.9140899,0.14879128,0.8342867,0.26354373,0.38661695,2.1337883,1.566977,0.0,0.90026677,0,2010
0.7663404,1.371465,0.0,0.17874289,0.44055343,0.5186389,3.2664416,1.084009,10.499813,0.5336561,0.0,3.95133,4.9859533,2.3769698,0.0,1.1776042,0,2010
0.85072774,1.5061979,3.0708888,3.2623937,0.0,2.0574832,0.0,1.0794125,0.0,1.9374337,3.4565604,0.09303893,0.0,0.0,10.06957,0.030764699,0,2010
0.0,0.0,1.5184284,0.27321538,0.0,1.03059,0.0,0.3992262,0.0,1.7478752,1.213889,0.3032087,0.0,1.2836916,3.1977901,0.23570627,0,2010
1.0140133,1.7573235,0.8068608,0.82281846,1.6265268,0.54123527,3.2509015,1.1576409,3.9393396,0.08647174,1.3848677,0.0,2.369669,2.0629423,0.0,0.78574026,1,2010
0.37886876,0.07477343,1.6413975,1.6196926,0.0,1.0796717,0.0,0.6965302,0.0,0.61891687,3.3994083,0.0,0.0,1.0886043,7.2212186,0.38216883,0,2010
1.2526698,1.386635,0.81369793,0.9272688,2.388313,0.48121458,2.1067822,1.280557,1.3384275,1.4360822,1.532289,0.0,2.4223542,2.0027325,0.0,0.71279216,1,2010
1.4700372,1.3148277,1.300774,1.3910625,1.2052948,1.1733909,0.0,1.6139555,0.2584597,0.0,0.22881252,0.0,1.5786908,1.3076118,0.0,0.65757203,0,2010
2.110179,2.5979908,2.178878,1.7898912,0.8337612,1.5019125,0.0,1.2600768,0.0,2.4716048,0.0,0.0,0.7770387,1.1411148,0.5831184,1.1973938,0,2011
1.113252,0.08322483,1.4851098,0.7461415,1.9303675,1.2517354,0.59483796,0.71026134,0.19473295,2.3215215,0.2314094,0.0,1.8317597,0.27550256,0.0,0.403381,0,2011
1.0330129,0.0,1.0098304,0.95982945,1.6463444,0.93774676,0.0,1.1928833,0.0,2.312929,0.40614307,0.0,1.8054364,0.43860427,0.0,0.39366573,1,2011
0.27960092,0.55662346,0.7046661,1.4839936,0.0,0.55738485,0.0,2.2626169,0.0,0.7748641,3.042021,0.0,0.0,3.3379412,4.221606,0.0,0,2011
1.0235125,1.0540975,1.2860187,0.8189336,1.1854092,1.2162704,0.0,0.86807555,0.0,1.5473206,0.04399717,0.0,0.7757448,0.9028158,0.0,0.5750394,1,2011
1.2678937,0.044188023,1.0608021,0.9771067,1.5373888,0.82276845,0.0,1.0853698,0.0,2.326046,0.20403364,0.0,1.5861108,0.44555148,0.0,0.5985848,1,2011
0.8378601,1.8924444,1.1812273,0.6934106,0.536255,1.3552576,0.0,0.6292833,0.0,0.16264862,0.20692775,0.0,0.0,1.3192632,0.0,0.5773798,2,2011
1.3621368,0.9315604,0.9726943,1.0443141,1.2784414,1.0769433,0.0,0.6585789,0.0,0.5151769,0.22580683,0.0,0.9280406,0.565516,0.0,0.5979569,0,2011
1.3050838,0.4503194,1.2685394,0.86359584,1.4207397,0.93442535,0.0,0.977073,0.0,2.3996363,0.02686876,0.0,1.3197874,0.5474453,0.0,0.7110169,1,2011
0.105971456,0.55527693,0.68178034,0.9899453,0.0,0.5912405,0.0,2.0857284,0.0,1.5042048,2.0755002,0.0,0.0,2.942153,2.794,0.0,0,2011
1.1155674,0.6123742,3.0810509,1.4711127,0.0,1.3813305,0.0,3.190096,0.0,0.0,2.5752163,0.0,0.39770055,4.247197,4.680164,0.0,0,2011
2.267126,0.0,1.5316106,2.2478638,0.73523223,2.2229152,0.0,1.3182484,0.0,1.3407292,0.0,0.0,1.8770058,1.372278,0.0,0.8345001,0,2011
0.59536386,0.0,2.0546038,3.1330068,0.4339115,0.35473913,0.0,1.8061333,0.39942402,0.0,0.23651013,0.0,3.1204693,2.5239706,1.1010519,0.60747457,1,2011
0.3332171,1.9010174,0.42422572,1.9771883,1.9457786,1.4078101,0.8594146,2.0401182,2.817695,1.3143115,1.0454836,0.0,1.7036817,0.0,0.0,0.0,2,2011
1.2681977,0.03172064,2.0777597,1.8393066,1.9633158,0.32436395,0.0,0.7365587,1.4549887,0.17200363,0.79154515,0.0,3.6886413,1.0717709,0.0,0.7898263,0,2011
1.8545552,0.0,1.1595681,1.1358337,1.2158949,1.164251,0.0,2.6333568,1.1709888,2.2300975,0.2430759,0.29911256,2.229751,0.0,0.02710472,0.0,2,2011
1.321518,0.0,4.8204074,0.0,0.0,0.38154054,6.490808,2.7124221,6.323032,1.2868216,1.0010812,0.0,0.0,2.226076,0.09727352,0.96634346,2,2011
1.6870666,0.9783899,3.9918745,0.020580292,1.0134554,1.3398676,3.4033332,2.0090997,2.0648706,1.7172282,0.0,0.0,1.1661881,0.9174974,0.0,0.39143026,1,2011
0.0,2.346394,2.5736365,3.4672618,2.2460165,0.0,1.062648,2.6599567,2.5389583,1.5355003,1.8332295,0.0,3.8320496,0.0,0.0,0.8503833,0,2011
0.116707265,0.70897573,1.8130999,1.4581761,1.7244171,0.085234046,0.0,0.0,0.0,2.0781355,0.7868023,0.0,2.1343503,1.2548379,0.0,1.1345166,0,2011
0.76653385,2.031551,2.8085399,0.2474783,1.4763321,0.45104012,3.1578693,2.2103825,2.5357394,2.0857863,1.1028367,0.0,0.53253114,0.26519173,0.0,0.009578824,2,2011
1.337654,2.0623102,0.0,1.4573684,1.2722738,0.5092887,0.585324,0.9292215,0.8761636,0.5357615,0.30047828,0.0,0.16929197,0.0,0.0,1.0599518,1,2011
1.9524996,4.0063944,0.6580023,3.991739,0.0,2.7099326,0.0,0.68963045,0.0,2.2664218,4.1527567,1.5740417,0.0,1.7320961,6.6253443,0.79730016,0,2011
1.8822061,3.0158634,1.538662,2.1984208,0.0,1.8490953,0.0,1.2356213,0.0,2.2717423,3.209358,2.1111085,0.0,2.954647,5.8185134,0.2822715,0,2011
1.3022052,1.3344777,0.6400517,0.0,0.0,0.8773266,0.0,0.819195,0.0,2.560513,2.1803536,2.2545094,0.0,2.7217236,2.9330046,0.56176114,2,2011
0.7551675,2.2292695,2.075722,0.39317772,1.7459192,0.66941863,0.07909082,0.71884805,0.11987983,0.0,0.7750166,0.0,0.9732429,0.7007329,0.0,0.5400232,1,2011
2.402339,0.6874805,1.0004072,0.0,0.9979018,1.9455063,0.0,1.7663035,0.0,2.6639957,0.0,0.0,0.13702789,0.06479865,0.0,0.259731,0,2011
0.9902734,0.8735351,1.5243416,0.8937792,1.2720076,0.9704408,0.0,0.72097164,0.0,1.4374126,0.08975601,0.0,1.0100889,1.2081822,0.0,0.76740533,1,2011
0.82748115,0.24705034,0.97048175,1.6382775,0.0,1.2312001,0.0,2.743015,0.0,0.58957595,1.5998235,0.0,0.40978938,3.2530649,3.6886945,0.0,0,2011
1.2413061,0.5694567,2.1527252,1.2063009,1.2731154,1.5293074,2.2735128,1.273695,1.7471709,1.6098654,0.0,0.0,2.1365988,0.24228203,0.0,0.40759975,0,2011
1.0496294,0.0,0.30504978,0.69658124,0.0,1.2910469,0.0,1.4727111,0.0,2.339804,1.5658336,0.0,0.0,2.9623454,3.3173153,0.31662697,0,2011
1.1537884,0.54969937,3.1603706,1.3210099,1.782474,0.88567317,1.913865,1.5116184,1.7329361,1.6406312,0.0,0.0,3.2870371,1.0219169,0.0,0.5686265,1,2011
1.4703615,0.0,0.83625907,1.5003896,0.70249254,1.0141892,0.0,0.9912925,0.0,0.41170475,0.051985323,0.0,1.0651972,1.464803,0.0,0.76719594,0,2011
0.1331504,0.58440346,0.6791572,0.6255366,0.02500701,0.4311905,0.0,1.4616065,0.0,2.1042852,1.5123487,0.0,0.0,2.6421652,1.7698314,0.35124767,1,2011
0.9948089,0.5475215,0.64129794,0.8589018,0.12706393,1.2952188,0.0,0.5655159,0.0,0.18212062,0.49641657,0.0,0.0,1.9236047,0.5912357,0.57306534,2,2011
0.37439635,1.9029093,1.4085112,1.281236,2.032874,0.78704673,1.4041593,0.34740365,1.3429966,0.90037835,1.0199099,0.0,1.6794837,0.0,0.0,0.36054558,1,2011
1.542422,0.0,3.8962831,0.08926755,0.3577165,0.8013405,4.6735306,2.3514824,6.1439786,1.2837728,0.78465414,0.0,2.3159258,2.1940565,1.229318,0.5506011,2,2011
1.5391269,0.0921402,1.7673638,1.2292886,1.5336466,0.94209063,0.0,0.31610596,0.0,1.7178276,0.0,0.0,2.0124962,1.4914601,0.0,0.9628883,1,2011
0.7404788,1.4417816,1.0747765,1.315537,1.5365407,1.6155137,0.6561366,0.0,0.0,1.7880487,0.33505633,0.0,1.0398712,0.039818525,0.0,0.8626122,1,2011
0.40686235,0.119921744,1.3357732,2.3772104,1.6306497,0.85267097,0.0,1.1274362,2.9017122,0.5444185,0.16794282,0.58739567,4.250685,0.2990687,0.0,0.2545802,0,2011
1.3102148,0.9135045,1.2882514,0.2468507,0.5629118,0.86342967,0.0,1.6613438,0.0,2.268145,0.10054481,0.0,0.1808542,1.4284854,0.0,0.58607423,1,2011
0.5545487,0.9979261,1.3635035,1.043681,1.2948501,0.84772784,0.0,2.2668216,0.008903384,2.247146,0.2333034,0.0,1.8553858,0.55664873,0.0,0.2329638,1,2011
0.98788047,0.08242482,1.486064,0.6066758,0.58136797,1.021031,0.0,1.5215006,0.0,1.4612215,0.352285,0.0,0.8831341,2.0873902,0.12357053,0.22451943,2,2011
1.2383995,1.2978374,1.1474898,0.47590554,0.48752677,1.1152271,0.0,0.0,0.0,1.0240281,1.0157368,4.2691126,0.15315905,1.1766415,0.0,0.58680725,1,2011
0.31971788,2.3054357,2.6085796,1.0831558,1.8522117,0.49152982,3.0428183,2.0022075,2.383798,1.5173938,1.1216385,0.0,1.476053,0.36768827,0.0,0.15798515,1,2011
1.3408589,0.0,0.75688845,0.87160206,0.0,0.5228429,0.0,0.9836347,0.0,0.14933604,0.81594723,0.0,0.0,3.1560943,1.6289592,0.8958991,0,2011
1.3843406,0.7096262,1.6978656,0.84124464,1.5123745,1.1947424,0.0,1.1652198,0.21660346,0.23266822,0.15963247,0.0,1.7421451,1.1057628,0.0,0.35966992,0,2011
0.41093692,0.9409566,1.0251964,2.578765,0.0,2.1770315,0.0,0.6828197,0.0,0.73023534,4.015216,0.0,0.0,3.0702572,6.7769327,0.0,0,2011
1.8587296,1.652978,0.8308164,1.5293713,0.28923717,2.0806692,0.0,0.6969367,0.0,2.7202628,0.0,0.0,0.15930054,1.3901188,0.38282555,1.3249121,0,2011
0.94873255,0.4936869,1.7897117,0.81274223,1.8040148,0.9185539,2.528642,0.0,1.0707357,2.1264114,0.9472697,0.0,1.5944177,0.61813575,0.0,0.68534106,2,2011
1.3581069,0.8031182,0.38839763,1.7576811,0.0,1.470264,0.0,1.0185952,0.0,1.1474094,1.7726824,0.0,0.0,2.7499084,4.3879814,0.6432526,2,2011
0.8245926,1.2251325,0.18809527,1.0164211,0.41827518,0.7310984,0.0,1.096986,0.0,1.6760268,0.24471357,0.0,0.0,0.42261365,0.0,0.78747964,1,2011
2.008021,1.1540371,0.44385037,1.3406643,1.1909782,0.6681691,0.3648569,0.062107325,0.2215225,0.3378833,0.10370129,0.0,0.4900009,0.18735105,0.0,1.3623451,2,2011
1.2564098,1.4974555,1.2874379,0.203246,1.4657657,1.0470369,0.22728789,0.38436836,0.0,2.6380491,0.66155857,0.38747734,0.43291909,0.0,0.0,0.701487,1,2011
0.6070826,0.48221213,0.46303922,1.1080227,0.0,0.24921179,0.0,1.8947645,0.0,1.5136305,0.59578925,0.0,0.382645,2.5845296,1.0936667,0.75633055,1,2011
1.9738549,1.4813721,3.4856288,0.51137227,1.881243,0.6902213,1.3141723,2.4379666,0.62829983,1.7937815,0.0,0.0,2.186229,1.4959438,0.0,0.6136261,0,2011
0.559256,0.88572764,1.5720448,1.3267988,1.6130191,0.84773624,1.5103351,1.4719452,2.5235422,2.0175703,0.36255783,0.0,3.0774925,0.19186491,0.0,0.19380015,0,2011
0.6539419,0.43388537,2.2914033,0.5330941,1.3505611,0.979804,4.35459,0.75220364,2.6678133,1.9664526,0.4034107,0.0,1.2835523,0.7317742,0.0,0.62951386,1,2011
1.5236632,1.3198537,0.42341918,1.0094105,0.30629292,0.5980821,0.0,0.4797572,0.0,0.7837235,0.3499851,0.0,0.0,0.70167404,0.0,1.2101793,2,2011
0.7348145,1.51453,0.9954288,1.2576845,1.5943661,0.98358274,0.72653323,0.8293484,1.2792953,0.4959173,0.23650417,0.0,1.5084589,0.0,0.0,0.3784181,2,2011
0.8742758,1.8714263,0.88762975,0.7893182,1.5795912,0.77996635,0.19874626,0.56440544,0.25752324,1.7546844,0.36005515,0.0,0.79013187,0.0,0.0,0.7346291,2,2011
1.3896797,0.554422,0.96019787,0.9875113,1.5012972,1.0480908,0.0,0.42864838,0.0,1.1031287,0.32116413,0.0,1.2715642,1.0016526,0.0,0.8756151,0,2011
0.5885459,1.43114,2.3864565,0.6425926,2.1563983,0.9888646,2.5584366,1.044613,1.8079956,1.6037493,1.0174019,0.0,1.7138288,0.23495972,0.0,0.100507796,1,2011
1.2822592,0.04348123,1.3063171,1.1531365,0.95037603,0.5980867,0.0,0.9662479,0.0,2.15467,0.0,0.0,1.461503,1.8170955,0.0,1.1363397,0,2011
1.2404424,1.3496699,1.0427319,0.2286079,1.3824375,0.79512066,0.0,0.47566107,0.0,1.1187898,0.87831783,0.0,0.042616963,0.6415359,0.0,0.7081742,1,2011
1.5066297,0.0,1.3741028,1.1340251,1.5121498,0.8648568,0.0,1.2885736,0.0,2.1247692,0.0815441,0.0,2.2673435,1.1293011,0.0,0.61614496,1,2011
1.7604299,0.56085753,1.2588493,0.7446259,1.3972572,0.454476,0.0,0.0,0.0,0.2272721,1.034414,0.56515425,1.3673034,1.3039937,0.0,0.9561345,0,2011
0.0,1.5337517,0.45197362,1.2887992,0.86047494,0.70686775,0.0,0.9922998,0.0,2.5454211,0.8160311,0.0,0.1010797,0.58459044,0.177097,0.7475825,0,2011
0.5637313,0.6269175,0.6182804,0.92832565,0.0,0.3932358,0.0,1.456039,0.0,0.0,1.9893625,0.0,0.0,2.4532514,2.109875,0.30071604,2,2011
0.8913728,1.4836007,1.2007482,0.11272216,0.04285896,0.5574262,0.0,1.3319008,0.0,1.8490865,1.1726537,0.0,0.0,1.659976,1.3203739,0.54266214,0,2011
1.6681986,0.27978724,0.7466781,1.0479397,0.0,1.9232614,0.0,0.63359225,0.0,1.5124099,0.71862334,0.06605895,0.0,3.3247716,3.0820773,0.6496382,0,2011
1.1813887,1.2349017,2.4529166,0.44253376,1.8088229,0.8978722,2.865906,1.7347922,1.6646998,1.9234505,0.23134556,0.0,1.9814007,1.12289,0.0,0.5018767,1,2011
1.2991663,0.81649274,0.97303987,2.0712745,1.0128036,1.2401685,0.0,1.5007901,0.0,1.0275477,0.0,0.0,1.3685787,0.47671187,0.0,0.6982703,0,2011
0.39230132,0.999132,1.3690959,0.8652899,1.9364111,1.029695,0.8718901,0.90572304,0.4626303,2.3346782,0.48372102,0.0,1.8104007,0.047897696,0.0,0.25743753,2,2011
0.9584817,0.7096332,0.2977836,1.2993188,0.0,0.61950064,0.0,2.1853907,0.0,0.94500303,1.4958699,0.0,0.0,2.5684938,2.934477,0.5721292,1,2011
1.1547226,0.6965749,0.3634979,1.5445416,0.35109138,1.0541495,0.0,1.9809203,0.0,1.9630718,0.0,0.0,0.81020635,0.5170393,0.0,0.63998497,1,2011
0.7057727,1.7343293,1.1484357,1.033096,0.8056783,1.2738411,0.0,1.4731767,1.6419907,0.6577949,0.0,0.8299324,1.6079677,0.0,0.0,0.103355825,1,2011
1.0406139,0.9270209,1.0207076,1.1375326,0.99193585,0.86847967,3.0692713,0.47655004,2.214277,0.0,0.13506573,0.0,0.7454156,0.64728713,0.0,0.8966775,2,2011
1.6183141,0.19403023,1.6633444,0.25064963,1.3923681,1.5165002,0.0,0.68072075,0.0,2.3609145,0.12957516,0.2116159,1.0546472,0.6532767,0.0,0.36915165,0,2011
1.2163523,0.668431,0.95082927,1.1427307,1.08158,1.0180082,0.0,1.3395755,0.0,1.9713244,0.0,0.0,1.0743828,0.7958899,0.0,0.67719257,1,2011
0.62878984,1.1336846,1.0262247,1.2257919,0.7878317,0.6787933,0.0,1.4005057,0.6706814,0.0,0.73240393,0.0,1.2145921,0.9388079,0.0,0.23079842,0,2011
2.5699348,3.2865553,2.858674,3.264112,0.0,1.968602,0.0,0.6780016,0.0,0.80521524,2.9380085,0.88062006,0.0,2.474992,7.3513494,0.745383,0,2011
0.9080154,0.54474235,1.3388466,0.8054433,1.6823596,1.0004987,0.013442144,0.8532568,0.0,1.8521936,0.38517013,0.0,1.4987245,0.4529015,0.0,0.4459107,0,2011
1.8302444,0.9256979,1.5784887,0.8379127,0.87613577,1.0208187,0.0,0.76720244,0.0,2.5075316,0.0,0.0,0.585639,1.1117611,0.0,1.2034733,1,2011
1.6741333,1.0528674,1.0257611,0.5532182,1.190947,1.3931531,0.0,0.16797578,0.0,1.2530656,0.26156807,0.0,0.09987253,0.6419014,0.0,0.75054616,0,2011
1.3930457,0.4277724,1.1304337,0.6486011,1.6420103,0.9567787,0.0,0.49621546,0.0,1.846451,0.5887737,0.0,1.506846,0.9356086,0.0,0.56061864,2,2011
1.0618813,0.37485868,1.5359406,0.9875977,1.6499386,0.9222628,0.0,0.88511187,0.0,2.2343767,0.22206178,0.0,2.3532515,1.2624946,0.0,0.71640533,1,2011
1.11205,0.4512663,0.69308114,1.6451561,0.28515172,0.36106008,0.0,1.6073532,0.0,2.0238519,0.0,0.38572758,1.6152163,1.9837296,0.0,1.1418701,0,2011
1.1018825,1.5547056,1.2600182,0.10427964,1.8698219,0.4231965,0.0,0.7271337,0.0,2.5709822,1.1244416,0.0,0.19849733,0.0,0.0,0.65474516,2,2011
1.1659539,1.0102218,1.7991899,0.048373044,1.8624257,1.2986417,2.8327658,0.0724076,1.7151203,0.95887816,1.1235118,0.0,0.9593004,0.66008484,0.0,0.39712876,2,2011
1.8307335,1.5399649,2.2961884,1.8511934,0.0,1.9719406,0.0,1.3548458,0.0,2.046011,2.0221627,0.91795856,0.0,2.7864642,6.013094,0.0,0,2011
0.6346848,0.77144617,1.5072819,0.6068171,1.2878577,0.9493152,4.451166,1.6671999,3.262545,2.0470283,0.6533087,0.0,1.1175134,0.8934871,0.0,0.19529319,2,2011
0.77866894,0.7490829,0.32637632,0.79541814,0.2304402,0.22318798,0.0,0.9562266,0.0,0.940501,1.0750744,0.0,0.0,1.4155464,0.38277856,0.81702745,0,2011
0.85763025,0.9890057,1.0674573,1.0168511,0.6299471,0.7699351,0.0,2.1528583,0.08325952,2.304445,0.0,0.10456659,1.2178108,0.54525524,0.0,0.47818142,0,2011
0.3896234,1.0770648,0.5172451,0.8465033,0.24803168,0.6410055,0.0,1.9938462,0.0,2.2569332,0.5295358,0.0,0.0,1.0864913,0.5345589,0.3735609,0,2011
1.2250302,0.78859013,1.85464,1.3674183,1.3590246,1.518156,2.4657693,1.1486099,3.5976639,0.3073985,0.0,0.0,2.6335325,0.29498142,0.0,0.46254423,0,2011
1.3979414,0.39983544,1.0249479,0.6324069,0.52382493,1.3269887,0.0,1.18248,0.0,1.3862162,0.0,0.0,0.41670638,1.3753885,0.0,0.45563418,1,2011
0.9510944,1.4293921,1.8973165,0.18995044,1.6740037,1.3690419,1.221054,0.13159317,0.14976051,2.4799387,0.4866589,0.0,0.8304608,0.0,0.0,0.50681263,2,2011
1.4852467,0.66687095,0.56097674,1.538569,1.0928348,0.6666378,0.0,1.1733577,0.0,1.6097127,0.0,0.0,1.3326719,0.75132143,0.0,1.1970116,0,2011
1.9282157,0.9931601,1.4072788,2.2040393,1.1032786,0.5908675,0.07358929,1.4999876,1.3153269,0.0,0.0,0.0,2.206103,0.7675699,0.0,1.0819521,0,2011
0.9552322,0.9915559,1.0704192,0.5522518,0.7160649,0.62632763,0.0,0.9236782,0.0,1.331654,0.66497695,1.2771268,0.3964134,0.4250047,0.0,0.3954931,1,2011
0.90392244,0.7191026,0.9721616,0.58891904,0.49742055,0.96609044,0.0,2.1721365,0.0,2.2541697,0.02670139,0.23926845,0.7162722,0.6246481,0.0,0.12621468,0,2011
1.883929,0.52534866,1.2684343,1.4477267,0.99620724,1.2233205,2.108079,0.24962437,1.2977583,0.00795567,0.0,0.0,0.9706695,0.50634146,0.0,1.0387236,1,2011
0.34600642,0.9536911,1.4352796,0.87694323,2.0372884,1.0334665,1.0898612,0.7255789,0.4504424,2.3083842,0.59360296,0.0,1.7779152,0.10459721,0.0,0.25119287,0,2011
0.77823186,0.9920555,1.1988323,0.9256318,1.2254143,0.91613746,0.0,0.5785332,0.0,2.4898038,0.334223,0.021751948,1.0190816,0.66344714,0.0,0.7477018,1,2011
1.4458114,1.7279752,0.8261849,1.7610924,0.0,0.46138525,0.0,0.8851935,0.0,0.595737,2.303707,0.0,0.0,2.2105718,4.3848863,1.139391,0,2011
1.6756375,0.5263108,1.3008263,0.8234912,1.1208272,0.9065739,0.0,0.2773919,0.0,0.91082704,0.46053177,0.5647255,0.8633896,0.9012275,0.0,0.81058866,0,2011
0.730598,0.40031344,1.607258,0.5266333,0.0,0.8438804,0.0,1.0922822,0.0,1.451303,1.4830198,0.0,0.0,3.219863,3.1196992,0.28927416,2,2011
1.574393,0.53985494,0.971803,1.3272785,2.1525424,0.7684114,1.6241186,1.6344922,1.1960477,2.1257463,0.28800955,0.0,2.427888,0.91704744,0.0,0.5756905,0,2011
1.1032505,0.5282035,1.1247884,0.85532224,1.8995253,1.6499302,1.3840604,0.0,0.6546934,1.1267718,0.36395675,0.0,1.4379435,0.074407935,0.0,0.49553254,2,2011
1.2527869,0.9598204,1.0416286,1.0424151,0.91982657,1.31231,0.0,1.0540273,0.5289346,0.3800478,0.0,0.6083387,1.7251365,0.6560359,0.0,0.32250035,0,2011
1.0594126,0.64608604,0.7796464,1.1574905,0.0,0.77566445,0.0,1.9416449,0.0,1.6550522,0.0,0.0,0.3634278,2.2481976,0.42931148,0.85792685,1,2011
0.5626098,1.3272032,1.1592145,1.1342604,0.41331154,0.88748455,0.0,1.6802489,0.0,0.0,0.6673199,0.0,0.2998254,1.5256803,0.18101458,0.25927395,0,2011
2.064045,2.8351326,2.6800551,2.2672677,0.0,1.455929,0.0,1.825854,0.0,1.9288664,1.7816069,0.0030219704,0.043106556,2.2055547,5.9841647,0.39393866,0,2011
1.0523386,0.20438874,0.86760014,0.23618168,0.59175473,0.5995178,0.0,1.6594833,0.0,2.1982741,0.54512584,0.0,0.31660587,1.7439966,0.1195402,0.5918949,1,2011
0.9626776,0.9871349,1.7274296,0.94682115,1.5946693,1.4897368,0.3936966,1.5680773,0.0,2.4310842,0.0,0.0,1.7516131,0.8205695,0.0,0.4030087,1,2011
1.5894399,1.1585373,0.68472004,0.6983014,0.56747425,0.7827445,0.0,0.15081292,0.0,2.2147255,0.72339886,0.13888815,0.0,0.66149056,0.02342233,1.297825,2,2011
1.729922,0.5840762,0.8412281,1.215794,1.0519851,0.4480606,0.0,1.1393459,0.64678097,0.7963685,0.18549556,0.24443933,1.9698975,0.9242419,0.0,0.9040096,1,2011
0.5973804,0.6731508,2.0711884,1.1919894,1.2962254,1.5661793,2.776938,0.24782503,1.5238998,2.1833453,0.0,0.0,2.7818775,0.91074497,0.0,0.7642865,1,2011
0.42076105,1.395264,1.1262165,1.3411186,1.8924451,1.1660719,2.937915,0.7517717,2.9449596,0.41527888,1.014013,0.0,1.8725388,0.15215361,0.0,0.27817488,2,2011
1.5967414,0.2134301,2.0531254,0.47294158,1.5911489,1.9158314,2.5036087,1.2482919,0.9748502,2.2332602,0.0,0.0,1.9395595,0.9306092,0.0,0.3333068,1,2011
0.9845219,1.4196358,1.145378,0.6416303,0.0,0.6228385,0.0,1.0948176,0.0,1.3004011,1.1927569,0.67518353,0.0,1.6335914,2.0582495,0.5407211,1,2011
1.5902573,1.3794535,0.5507233,0.4821437,0.5347056,0.93551016,0.0,0.7661621,0.0,2.2674825,0.47992176,0.18687591,0.0,0.45659634,0.0,0.9928281,1,2011
1.1646163,0.8535178,1.8929865,1.1500932,1.5025234,1.911857,1.4375091,0.9169676,1.6540363,0.9356647,0.0,0.0,2.3834333,0.14989614,0.0,0.2976787,0,2011
1.7573087,0.31736115,1.4381666,1.0674102,0.0,1.4221616,0.0,1.7060285,0.0,2.0899553,0.0,0.0,0.6031029,2.6446943,0.14620876,1.0037227,0,2011
0.6396157,1.5165269,0.5493855,1.0838828,0.94618076,0.58836555,0.0,1.2962193,0.39018208,0.0,0.9446533,0.0,0.8333348,0.9220313,0.0,0.31669956,1,2011
1.3803573,0.5203803,0.97464675,1.6244704,1.5768718,0.7562392,0.0,0.48608363,0.0,0.8786059,0.2858087,0.0,1.671751,0.89330137,0.0,0.8582881,0,2011
1.5248388,0.96922046,1.4786415,1.1711088,1.6056371,1.1899042,0.0,1.4772378,1.1394391,0.35356018,0.05690652,0.0,2.541368,0.806099,0.0,0.4152692,2,2011
1.3956127,1.7267926,1.6733046,2.0353541,0.0,0.9562948,0.0,1.6175708,0.0,1.5960824,1.6020284,0.0,0.0,2.1055887,4.9203873,0.6905738,2,2011
1.2904065,0.21611637,1.2730643,1.1241095,1.8665694,1.3644654,1.2047517,1.0241799,0.5253561,2.2993674,0.0,0.0,2.1304905,0.53491694,0.0,0.46158123,2,2011
0.20108008,1.1605804,0.94781363,0.5186258,0.5953998,0.3824659,0.0,0.3475734,0.0,2.4153304,1.1259058,0.0,0.0,1.3113527,0.9514511,0.81278855,2,2011
1.165513,0.50652844,0.68500936,1.0428438,2.0220776,1.5032227,2.647693,0.97567266,2.3712735,1.4287581,0.65335274,0.0,1.9818428,0.27676612,0.0,0.20637918,0,2011
2.0745888,0.78783774,0.6309766,1.2174596,0.72920096,0.30619287,0.0,0.0,0.0,0.047238946,0.72798526,1.2028028,0.6197872,0.31676507,0.0,1.223051,0,2011
0.8052127,0.83171976,1.4558411,0.90937465,1.4085865,1.202464,0.0,0.62288,0.0,1.9493141,0.24346507,0.0,0.94977456,0.93916327,0.0,0.51297796,0,2011
1.1619041,0.523424,0.7257058,0.028740525,0.0834893,0.23396975,0.0,0.99718964,0.0,2.305677,0.7103934,0.40074873,0.0,1.5986395,0.42746246,1.0207375,0,2011
0.954066,1.3987749,1.1543239,1.3229752,0.0,0.44923162,0.0,1.4153565,0.0,2.147815,1.8443103,0.0,0.0,2.339138,4.191218,0.838958,0,2011
1.0457611,1.1611136,1.1389189,1.6638991,1.03603,1.0593549,0.0,0.8427603,0.0,0.46860844,0.0,0.0,1.6002575,0.8735693,0.0,0.8016847,2,2011
0.31219056,1.0969331,0.808054,1.1532176,1.5676191,0.8216504,0.0,1.1552967,0.0,2.5125453,0.4234877,0.0,1.5939027,0.28288966,0.0,0.50748986,0,2011
0.9321343,0.5570224,1.3894032,0.83221173,2.2340744,1.2315562,0.87823844,0.83651906,0.83518213,2.3210225,0.35638797,0.0,2.6778805,0.29597968,0.0,0.42384088,2,2011
0.56616306,1.894331,1.471886,0.48012102,1.7874517,0.76937354,0.21506527,0.0,0.0,2.1305635,0.9235387,0.0,0.6262004,0.19188315,0.0,0.68048424,1,2011
1.5382594,0.3292567,1.9236112,0.47552893,1.99244,1.5632654,1.2916279,1.2793181,0.55207336,2.145932,0.094690025,0.0,2.3105073,0.8753025,0.0,0.2599488,2,2011
0.0,1.4285104,0.27013826,1.0602047,0.45784548,1.144115,0.0,0.24871159,0.0,0.4254368,1.2049649,0.0,0.0,0.82986724,0.7307622,0.34089112,1,2011
1.331466,0.33667126,0.14927036,0.49408895,0.0,0.51371956,0.0,0.6980469,0.0,0.9936166,1.0085706,0.59302723,0.0,1.3915044,0.46664482,0.8639719,2,2011
1.0368754,0.78606737,1.3699697,0.9836359,0.88964283,1.0838778,0.0,1.1480687,0.0,1.3586609,0.0,0.0,1.6056108,1.1988671,0.0,0.58812636,1,2011
0.9145017,0.63908964,1.4006331,1.0187856,0.0,0.4409964,0.0,1.3149014,0.0,1.9018557,1.3031918,0.0,0.0,2.8366232,3.5486922,0.7390264,0,2011
1.2041887,1.0108227,0.9518199,0.5163019,2.0095167,1.5521119,1.2556167,0.48495927,0.66304183,1.1837668,0.4555397,0.0,1.2725444,0.2124002,0.0,0.40689385,1,2011
1.1730397,0.73414433,0.6259836,0.7705674,0.6597912,0.65777874,0.0,1.8949074,0.34059465,2.2498875,0.056108117,0.43860203,1.274802,0.71785146,0.0,0.45951584,0,2011
1.8243644,0.4499501,1.3302128,1.0392039,1.1990539,1.2961668,0.0,1.3731253,2.6022794,0.36856285,0.0,0.96304756,3.2131534,1.0345148,0.0,0.4483875,0,2011
1.0248933,0.8099213,0.29893547,0.86929667,1.9288116,1.1373144,2.650265,0.7406509,1.9776628,2.0544472,0.73150986,0.0,1.1266379,0.0,0.0,0.32639527,1,2011
1.2501634,0.4027924,1.5728341,0.8254952,0.9886675,1.5078034,0.0,0.90432775,0.0,2.4045649,0.0,0.0,0.5849452,0.9593492,0.0,0.48877078,0,2011
0.82918894,1.128291,0.9955419,1.0281259,0.0,0.80468637,0.0,0.66130954,0.0,2.3875601,1.640316,0.22983116,0.0,1.9720616,3.2712038,0.76695246,0,2011
0.46729037,1.8454683,1.5867236,1.3775588,1.8835584,0.70641226,1.8166693,1.6054041,1.573349,1.1990606,0.45174658,0.0,2.1103282,0.35056454,0.0,0.42033482,1,2011
0.27062362,1.755129,0.23658776,0.7850889,0.59801054,0.13124001,0.0,0.7009805,0.0,0.65440434,1.2735087,0.0,0.0,0.5803189,0.0,0.84399974,0,2011
0.52767515,1.5529826,1.9728532,0.81681144,0.0,0.51397556,0.0,1.3841989,0.0,1.9740846,0.7792419,0.0,0.0,1.9340572,2.3391576,0.6015687,1,2011
0.89726484,1.1286023,1.5568032,0.5919983,0.16018891,0.19983965,0.0,2.4999516,0.0,2.035638,0.58161706,0.0,0.0,1.8054111,0.7119459,0.5821858,0,2011
1.1783943,1.0350586,1.4698533,1.9099269,1.6012974,0.62988365,0.29337543,1.2144933,0.9149773,0.6127292,0.0,0.0,2.6467018,0.9503563,0.0,0.77706665,1,2011
0.45857087,0.981041,1.334254,0.87480664,0.6062778,1.4084387,0.0,0.21725059,0.0,2.0924382,0.0,0.12773183,0.36388892,0.9937628,0.0,0.6606239,0,2011
1.0850221,0.564761,1.4781585,0.7413943,1.604147,1.3670925,0.0,0.3520509,0.0,0.9023116,0.428475,0.0,1.4188839,1.0503942,0.0,0.4060428,0,2011
0.75125813,0.86684644,0.60602564,0.547328,0.33560735,0.17452061,0.0,1.5526783,0.0,2.2494788,0.67992884,0.0,0.0,1.33245,0.22287592,0.76824397,0,2011
1.5783311,0.7680575,0.8700308,1.6949039,0.7559,0.69155425,0.0,1.6708896,0.1627766,0.8791687,0.0,0.0,1.7856829,0.9032582,0.0,0.8971941,0,2011
0.53147984,0.0,0.80835813,0.6843762,0.0,0.9835783,0.0,1.7278185,0.0,2.009607,0.43268752,0.0,0.041460514,2.3130915,1.5183872,0.22544122,1,2011
1.4726596,0.7474024,1.6688913,1.2899642,1.2215455,0.6694261,0.0,2.2878716,0.63053215,1.6026425,0.023150623,0.08461349,2.3827906,0.8661425,0.0,0.4960679,1,2011
1.0289167,1.0825542,1.9564372,1.0016173,1.4641006,0.9350559,1.7898649,1.2887762,1.6186984,1.6043377,0.0,0.0,1.9615047,0.232831,0.0,0.47213057,0,2011
0.32440656,1.232816,0.50409424,0.17712471,0.47586447,1.2579007,0.0,0.8364525,0.0,0.18370491,0.9625068,0.0,0.0,1.2490106,0.35550147,0.09567177,2,2011
1.2872721,0.38987333,1.1127269,1.087334,1.6537883,1.2683368,2.507667,1.2988962,2.2777205,2.1202383,0.15682206,0.0,2.8444972,0.98978436,0.0,0.4287247,2,2011
1.3379834,0.5483321,1.6681542,1.1697731,0.8440348,1.5491043,0.0,0.6707349,0.0,2.4149826,0.0,0.0,1.0628242,1.4092095,0.0,0.95671177,0,2011
2.027851,0.28995085,0.42555043,0.46456254,1.8751676,1.7916613,0.0,0.6364659,0.0,2.7244644,0.8712543,0.0,0.60565346,0.307595,0.0,0.51038533,1,2011
2.088654,0.33376518,1.4389962,0.9117048,1.0508804,2.0157657,0.0,0.7268389,0.00699538,0.51551825,0.0,0.37642568,1.9772687,1.4002049,0.0,0.55213314,0,2011
1.1698848,0.05624646,0.8560339,0.9401542,1.0731642,0.8690034,0.0,1.0990344,0.0,2.3163393,0.12094504,0.0,0.7083134,0.8016368,0.0,0.74753773,0,2011
0.763852,0.47949713,1.0459738,0.56539017,0.6109679,1.3694975,0.0,0.49728882,0.0,2.4105322,0.35663256,1.6588703,0.40296647,0.7637073,0.0,0.33183897,1,2011
1.1076524,0.9272813,1.671531,0.9845141,1.4080889,0.85124916,0.0,1.275908,0.0,1.7982659,0.0,0.0,1.4474292,1.1142005,0.0,0.7185682,0,2011
1.2012906,1.6120362,1.0851712,0.25119272,0.4849946,0.65456235,0.0,0.46230927,0.0,2.6783895,0.8826077,0.0,0.0,0.3268274,0.8327781,0.9730316,2,2011
0.85992396,0.863119,1.5685986,1.362082,1.86527,1.0291255,1.3407351,1.6096392,0.99657667,2.0897121,0.0,0.0,2.4552138,0.43626875,0.0,0.28041458,2,2011
1.653528,1.1112047,1.0103451,0.95390594,1.1220462,0.8126521,0.0,1.2763984,0.0,0.98243237,0.0013318062,0.0,0.7333227,0.46686256,0.0,0.74113923,2,2011
0.8625342,1.1086763,0.878179,1.5645589,0.88447464,0.5559015,0.0,0.240933,0.0,1.164028,0.19180074,0.0,0.6762662,0.5562621,0.0,1.1997665,0,2011
1.0550402,0.2920934,1.6643693,0.6080816,0.80744284,1.074402,0.0,0.9317218,0.0,2.18894,0.0,0.9609799,1.0211484,0.9224647,0.0,0.4209121,2,2011
1.6017318,1.2453451,0.8457525,1.4008728,0.0,0.6256913,0.0,1.5605986,0.0,1.7915754,1.500994,0.0,0.0,1.6749728,4.1050167,0.763821,0,2011
0.86984926,1.5388881,1.2427759,1.1034496,1.9068732,0.73945355,1.3763254,1.8123426,1.1760837,1.7722542,0.3390728,0.0,1.744365,0.11038339,0.0,0.36937386,2,2011
2.4212627,0.11521053,0.961604,0.29709733,0.8824141,1.7611344,0.0,0.83523977,0.0,0.6307031,0.0,0.0,0.34067526,0.8041624,0.0,0.4340968,2,2011
0.8729877,1.2801063,0.31355768,1.3079181,1.7908003,0.8013262,0.0,0.41859245,0.0,2.7710872,0.87893,0.0,0.90487075,0.1277768,0.0,1.0699892,0,2011
0.6368376,1.5123866,1.852855,1.1606759,1.3322847,1.2056599,3.9151022,2.0701034,2.7283266,1.1690737,0.5646911,0.0,1.8943188,1.58444,0.0,0.28501397,1,2011
0.73550206,1.1360309,0.9243409,0.5191744,0.0,0.8986804,0.0,0.34984565,0.0,2.581596,0.9812157,0.18977562,0.0,1.2128723,1.9895762,0.8894092,0,2011
0.7282371,1.422885,0.4766033,0.5516791,0.72342354,1.1177499,0.0,0.0,0.0,1.3853097,0.85393095,0.3921553,0.0,0.5480245,0.0,0.7214638,2,2011
0.18575084,1.5417402,1.3546981,0.8704042,0.4121284,1.2091856,0.0,1.1486841,0.0,0.0,0.38824874,0.0,0.0,1.4750762,0.14102557,0.2504549,2,2011
1.1023803,0.23425123,0.393521,0.11953062,0.22016796,1.0278336,0.0,0.49038526,0.0,2.0916994,0.91064954,0.0,0.0,1.4190505,0.8952294,0.6691203,0,2011
0.8783909,0.7076376,0.88840085,0.5990257,0.88439226,1.1727703,0.0,0.5964792,0.0,0.941333,0.583545,0.0,0.574067,1.2622691,0.0,0.35293633,2,2011
1.3978834,0.8276732,1.0586524,0.77075773,1.8128891,1.0329199,0.93771994,0.94990855,0.8721039,2.4273295,0.107762754,0.0,2.0754945,0.36976442,0.0,0.65436316,1,2011
0.77612585,0.32245222,1.7282014,0.7997043,0.0,0.46833786,0.0,2.756401,0.0,1.6602304,1.1215919,0.0,0.0,3.112316,2.8393984,0.09730744,0,2011
0.088018596,1.4152939,0.44097093,1.6970944,0.0,0.0,0.0,1.3252223,0.0,0.3898733,1.6080782,0.0,0.0,1.9165759,1.870314,0.9867305,2,2011
1.1380472,0.3241757,1.7523376,0.38740113,1.6082516,1.200133,4.0004196,0.9508532,2.1359735,1.9340734,1.0440099,0.0,1.545536,1.4640998,0.0,0.30408078,1,2011
1.5774951,1.0926273,1.8336198,0.41431966,1.941115,0.883861,2.5903025,1.7183025,2.298939,1.1539341,0.9315846,0.0,1.2450612,0.51100343,0.0,0.18433142,2,2011
1.259215,0.2979631,0.21355951,1.12525,0.514044,0.36694425,0.0,1.934756,0.0,2.1294181,0.29877692,0.0,1.0855396,1.696433,0.03981489,0.91934264,0,2011
0.5596689,0.791888,0.8275844,1.3454826,0.0,1.2531621,0.0,1.1609832,0.0,0.12528431,1.1050214,0.0,0.0,1.8552718,2.9983997,0.25747365,0,2011
1.4463165,0.7931758,1.6130869,0.856118,1.3445929,1.8174688,0.10921911,0.6092559,0.0,1.1315914,0.0,0.0,1.3519278,0.5520817,0.0,0.53839755,0,2011
0.46617925,0.69947696,1.9230001,0.8650254,0.8773534,0.7177466,0.0,0.42257664,0.0,1.6236906,0.36677077,0.0,1.1526366,1.7843916,0.0,0.73492527,0,2011
0.57425046,0.8982106,0.67763346,0.3289406,0.0,0.6204947,0.0,0.72716486,0.0,2.4587083,1.171946,0.0,0.0,1.5877184,1.9117327,0.73140013,0,2011
1.0784438,0.87718606,1.9934707,0.6542457,0.98630136,2.0560558,3.7555664,1.1335802,2.8005683,0.74140865,0.10479528,0.0,2.4378006,1.8952909,0.0,0.40289146,2,2011
0.48005596,1.4502907,0.23134553,2.158552,0.8117614,0.08070785,0.0,1.0185546,0.0,0.46182153,0.62316173,0.0,0.9285699,0.46871382,0.0,0.937284,0,2011
0.47464246,0.33343825,1.4008968,0.25602075,0.0,0.5510726,0.0,1.2009273,0.0,1.9949687,1.6658158,0.69372493,0.0,2.1959572,3.4504807,0.23436385,1,2011
0.996958,0.545936,1.1271406,0.6794814,2.1177073,1.0351768,0.02358237,0.15890229,0.0,1.8746576,1.032464,0.07024163,1.625277,0.54223293,0.0,0.3934226,2,2011
1.7309316,0.91027707,0.8202361,0.8302429,1.0516913,1.0803404,0.0,0.0,0.0,0.5821802,0.38031918,0.0,0.19689584,1.2059385,0.0,1.456216,2,2011
1.3295859,0.9162644,0.80887496,0.81665885,1.222481,0.0,0.0,0.95172745,0.2848552,0.68865407,1.3091717,1.3283316,1.1097236,0.27779746,0.0,0.63091063,0,2011
1.4677268,1.5722866,0.68368894,1.706862,0.0,0.7003662,0.0,1.0131974,0.0,1.1822653,1.8870425,0.0,0.0,1.1952825,4.5296254,0.9205415,0,2011
0.32767928,0.82498276,0.84489495,1.5083115,1.0177763,0.5463164,0.0,1.2582748,0.0,2.2223938,0.0974257,0.0,0.979246,1.2751946,0.0,0.799861,1,2011
1.6425726,0.56989336,0.29869783,1.542383,1.2338767,0.9030595,0.0,2.06194,0.34137058,1.9437594,0.027455628,0.0,1.9640188,0.60421515,0.0,0.6166419,2,2011
1.1130836,0.7818023,1.9704366,0.42236698,1.7240022,1.6024127,1.2386782,0.8695377,0.88687193,2.3046865,0.0,0.0,2.042173,0.18350965,0.0,0.2307648,0,2011
0.91696817,1.2463763,1.8684957,0.37532184,0.09839797,0.95801336,0.0,1.493202,0.0,2.2563753,0.0,0.0,0.0,1.0404179,0.04349336,0.6324128,1,2011
0.87863195,0.9512132,1.6177487,1.5371093,1.6257613,0.9809191,0.55771834,1.8098694,0.1636409,2.0570993,0.0,0.0,2.8468645,1.2925148,0.0,0.57278657,0,2011
1.0016983,0.92118424,1.6090376,1.0126848,0.34314948,1.073957,0.0,1.087989,0.0,1.7956369,0.0,0.0,0.36783075,1.5048428,0.0,0.8278308,0,2011
1.5257003,0.036182344,0.9172035,0.0,1.2897565,1.6284356,3.961326,0.16147965,3.2500322,0.56657094,0.93254566,0.0,0.61374366,1.1684961,0.0,0.4018051,0,2011
1.0159388,0.9186101,1.0600693,0.9233147,1.395678,1.0827688,1.7887923,0.0,0.9779781,0.13735783,0.8747004,0.0,0.70295954,0.31082076,0.0,0.6715069,0,2011
0.5047633,0.270527,1.2739369,0.9664359,0.0,0.530624,0.0,2.0864084,0.0,1.8174465,0.8909583,0.0,0.0,2.56775,3.0047107,0.28050953,0,2011
1.2453724,2.13021,1.1953673,2.3524923,0.0,0.90200025,0.0,0.58345735,0.0,0.71273786,0.92309266,0.0,0.0,0.90386844,3.810822,1.2086177,0,2011
1.2553601,0.799358,0.622357,0.7737538,1.4330447,1.0110979,0.0,0.9093465,0.0,1.0864965,0.6100853,0.0,0.88629186,0.73866886,0.0,0.5627655,0,2011
1.0170383,0.45525497,1.3498015,0.93160224,0.3907017,1.81126,0.0,1.3724483,1.7546694,0.0,0.0,1.250425,2.2887363,1.6784999,0.0,0.0,0,2011
1.2046978,0.5638543,0.80283445,0.47371152,1.7549628,1.125424,3.4899743,1.2246821,2.3364818,2.236842,0.9093183,0.0,1.8212719,1.3923638,0.0,0.3002808,2,2011
1.0054872,0.67072713,1.2367332,1.1672211,1.5997367,0.9710978,0.00809738,1.0230317,0.0,2.2232184,0.20962375,0.0,1.8623669,0.5857858,0.0,0.41909665,1,2011
1.3177365,1.1341759,1.1129389,0.4356545,1.3530419,0.3965528,0.0,0.77046025,0.10803938,1.3878798,0.92531943,0.93026274,0.5068779,0.0,0.0,0.5079497,1,2011
1.4594294,0.8294189,1.0517857,1.6561066,0.8185925,0.8751803,0.0,1.9097873,0.15555894,2.343199,0.0,0.278791,1.9628577,0.765525,0.0,0.9664012,1,2011
1.1249439,1.1323994,2.259513,0.3611653,1.4139726,1.1543252,0.0,0.8372472,0.0,1.2859364,0.059417605,0.0,1.0339115,1.0334221,0.0,0.51023805,1,2011
1.2327297,1.2152302,2.2206874,0.7450199,1.7599565,1.3066579,0.93769974,1.8041039,0.0,2.17453,0.0,0.0,2.3139715,1.7211949,0.0,0.54699326,1,2011
1.0027671,0.39656073,1.638669,1.0050464,0.0,0.85083544,0.0,0.703001,0.0,2.1680381,1.9758718,0.18728814,0.0,2.086198,5.1180687,0.41929126,0,2011
1.1515187,0.9315587,1.856231,1.855197,1.7671454,1.2290113,1.8339114,2.0491452,1.0451679,1.7954051,0.0,0.0,3.64519,1.8789709,0.0,0.44592175,0,2011
1.5184736,1.392251,0.32420117,1.7881548,1.1893264,0.6658415,0.0,1.1122689,0.29058802,0.17405003,0.11899096,0.0,1.2042884,0.52836895,0.0,1.0529661,2,2011
0.53355384,0.31559914,1.2035933,0.26508832,0.0,0.7639586,0.0,0.84496,0.0,2.194917,0.62333894,0.51607525,0.0,1.7383556,0.77261186,0.4957606,1,2011
1.6467572,0.46031457,0.7804814,1.3672429,1.2403656,0.924707,0.0,1.1744338,0.0,0.964386,0.07847732,0.0,1.6703675,0.89312726,0.0,0.7958412,0,2011
1.0667534,1.5232828,1.8741822,1.701653,0.0,0.79901713,0.0,0.6745654,0.0,1.2581862,2.2375283,0.0,0.0,1.7530472,5.332769,0.5778063,0,2011
1.3709891,0.63197374,0.872598,1.2812688,1.541419,1.4546702,1.4599221,0.8774076,0.40123528,2.0332012,0.0,0.0,1.4448016,0.5744123,0.0,0.6806543,1,2011
1.4933828,1.1686963,1.2454696,0.0,2.0230932,1.9728292,1.0058324,0.6271421,1.2851844,0.6723086,0.64152986,0.0,1.4472368,0.0,0.0,0.0,2,2011
0.8962671,1.6678686,0.3079856,0.9100616,0.9747719,0.21389085,0.0,1.1649866,0.17609143,1.0887399,0.6704228,0.0,0.32371405,0.0,0.0,0.7184624,0,2011
0.53602624,1.0540187,1.7912761,0.7894812,1.5861915,0.94217473,3.41568,0.5728932,2.0835319,2.1511166,0.49686652,0.0,1.6083481,0.6215105,0.0,0.57368267,2,2011
0.6749107,0.5827362,1.0145895,1.1583314,0.56785643,1.3920451,4.722836,0.62550175,3.1046567,0.0,0.18758845,0.0,1.2710675,2.2626052,0.11624446,0.9021399,2,2011
0.6835439,1.2776672,1.2650659,1.1504375,1.4912775,0.87786406,1.1139536,1.1337062,1.1821079,2.3647137,0.0,0.0,2.178798,0.09120029,0.0,0.58090556,2,2011
0.8775253,0.5108002,1.0484221,1.3516159,0.13787681,0.5092404,0.0,1.44981,0.0,2.008429,0.0,0.0,0.56740344,2.2689197,0.19839863,1.0208857,0,2011
1.0006121,0.99751,1.6098702,1.0146904,0.0,1.176147,0.0,0.049886763,0.0,2.445748,0.756924,0.0,0.0,1.2800022,2.7765296,0.88064873,0,2011
1.9517272,2.3375611,2.161633,2.047341,0.0,1.1685867,0.0,0.9296566,0.0,2.3027024,0.6457509,0.0,0.0,0.40968642,4.649183,1.1276076,0,2011
0.9442615,1.0204829,1.8232144,0.39565903,1.9613713,1.0444685,2.8537774,0.0,1.1848153,1.8126159,0.91822356,0.0,1.0624878,0.60938984,0.0,0.6006194,2,2011
1.229254,0.0,1.0901052,0.76794356,0.53351486,1.3309455,0.0,0.0,0.0,0.77734053,0.2865346,0.8917513,0.8545546,1.9207499,0.0,0.530722,1,2011
1.0616059,1.5855653,1.3543925,1.19749,2.1413937,0.50974774,2.4117033,1.6362855,2.0846477,0.99660313,1.0295392,0.0,2.2623072,1.0914016,0.0,0.4258271,1,2011
0.7371307,1.2357888,1.0599842,0.5332669,1.9141725,1.3620136,1.6358556,0.9336518,0.49251837,2.4897358,0.4296525,0.0,1.6590033,0.6540327,0.0,0.37166816,2,2011
1.7094517,1.0512741,1.3022404,1.16632,0.41753396,1.1022706,0.0,0.4225415,0.0,0.09304738,0.0,0.087988675,0.5207279,0.3818685,0.0,0.9033789,2,2011
0.6394768,1.1403687,1.3502762,1.6651993,0.053467512,0.45151362,0.0,0.5056095,0.0,0.24524629,0.0,0.7002995,0.525359,0.8503295,0.0,0.8225283,0,2011
0.8512136,0.8591348,1.164817,0.81571573,1.3521528,1.1929398,0.0,1.4819624,0.0,1.8975945,0.08038002,0.0,1.6290543,0.89691925,0.0,0.3497395,0,2011
1.9586847,0.19584328,0.3368863,0.9930893,0.0426929,0.5192069,0.0,0.83666027,0.0,1.014913,0.375037,0.0,0.0,1.7641792,0.417031,1.2936919,0,2011
1.0800867,0.6705292,0.94956744,1.193467,1.1138148,0.99720657,0.0,1.7088709,0.0,2.2392843,0.0,0.0,1.1731577,1.2615535,0.0,0.50658524,1,2011
0.6803776,0.6681132,0.3885923,0.4232443,0.0,0.61736214,0.0,1.1494886,0.0,0.0,1.7914262,0.77114695,0.0,1.680563,1.2496083,0.02803713,0,2011
1.4756792,1.8226066,0.98376584,0.7728732,0.0,0.5937639,0.0,1.6598126,0.0,1.1581575,1.0325279,0.8364848,0.0,0.1555481,2.7028694,0.69287395,0,2011
0.8571514,1.7045649,1.3438349,0.9889377,1.3086002,1.0240203,3.2289934,2.2098207,1.9123178,1.7508448,0.25986642,0.0,1.5370795,1.243456,0.0,0.34528047,1,2011
0.9214313,1.4782033,1.124814,1.2841904,1.3645642,0.64568806,0.0,1.9270422,0.5779527,0.8686424,0.53773606,0.0,1.7470427,0.55789256,0.0,0.44288325,0,2011
0.8687793,0.23390248,0.48650315,0.45762116,0.19649929,0.19661629,0.0,0.86472315,0.0,2.2623544,0.92449105,0.0,0.0,1.1138289,0.82489085,0.803287,0,2011
1.3362324,0.33126727,1.3587794,0.9270076,1.4131112,0.8656717,0.0,1.243615,0.7637156,2.0307944,0.19872835,0.85023516,2.6133761,0.7570815,0.0,0.31550926,0,2011
0.87354434,1.116916,1.6886845,0.5190179,0.821936,1.7658737,4.6587853,1.7911918,4.672306,0.23813671,0.29684848,0.0,2.6735442,2.5943325,0.0,0.45531034,0,2011
0.5739039,0.19041532,1.2121375,0.70971024,0.15666455,1.4006357,0.0,1.0812364,0.0,2.2603173,0.0,0.0,0.0,1.3451911,0.6640412,0.45862854,2,2011
0.9332126,0.5408015,0.580104,0.9903404,1.0747803,0.9884069,0.0,0.44045797,0.0,1.5790836,0.46149623,0.0,0.93135357,1.2922878,0.0,0.7045218,2,2011
1.5665183,1.4662683,1.5208557,2.4434845,0.0,1.2967637,0.0,0.06740546,0.0,0.6646203,1.2875731,0.0,0.0,1.7442095,5.3106093,1.2105653,0,2011
2.2503777,0.5749861,0.7908051,0.8206018,1.5035398,0.5894456,0.0,0.9295522,0.0,0.42331055,0.5507513,0.0,1.0164027,0.6092893,0.0,0.9119389,0,2011
0.52240396,1.043111,1.5334865,0.6458217,1.2240067,0.9994194,0.0075271875,0.8320856,0.0,1.8087101,0.16682237,0.25659746,2.017741,1.4553852,0.0,0.5421195,1,2011
1.6953843,0.43321544,0.77319825,1.5691688,0.42561504,1.3204887,0.5470835,0.5768486,2.827649,0.1753658,0.0,0.6988121,1.794549,0.16898566,0.0,0.71860814,1,2011
0.9800761,0.4841563,0.77444685,0.0,0.0,0.010284722,0.0,0.7237019,0.0,2.282301,1.5109835,0.6119377,0.0,1.8848174,2.392159,0.9606161,1,2011
0.79314107,0.8480544,0.7995952,1.2514188,0.6341053,0.5089557,0.0,0.69218624,0.0,2.3408575,0.50860655,0.0,0.15893337,0.8029142,0.3448906,1.0589955,0,2011
0.5513642,1.3286273,1.1089411,1.2171445,1.5251279,2.0428224,0.82663685,1.1547002,0.0,2.1927934,0.0,0.0,2.056539,0.6450061,0.0,0.3779462,2,2011
0.86148906,0.17616862,1.2965941,0.555279,0.65501827,1.397555,0.0,0.008288026,0.13713305,0.79617333,0.0,1.3124251,1.6876371,1.5467548,0.0,0.30102152,1,2011
0.9122725,1.5741228,2.624699,0.60406125,1.3243039,0.8442194,0.6354394,1.2523626,0.26452273,2.0514617,0.0,0.0,1.7181456,0.58830494,0.0,0.47502306,0,2011
1.0441157,1.0920585,1.5106162,0.45522806,2.1075573,1.0260253,2.7408035,0.9086024,1.4367173,2.1753042,0.9100183,0.0,1.5242,0.6727324,0.0,0.29093468,1,2011
1.2856958,1.0505874,1.0476104,0.51415783,2.092213,0.45291,0.0,0.3674876,0.0,0.94089913,1.1625347,0.0,1.0661396,0.69899577,0.0,0.79188824,2,2011
1.2957517,0.21120638,0.89260286,1.2996314,0.49621755,1.3179414,0.0,0.0,0.0,0.19130492,0.0,0.3523025,1.3161705,2.072427,0.0,1.2758441,1,2011
1.737879,0.77067095,1.0447372,2.0047672,1.0266206,2.0377426,1.7995766,1.5496532,1.7153809,0.052057207,0.0,0.0,2.2443094,0.9968482,0.0,0.5420562,0,2011
1.3163533,0.045960784,0.6560867,0.9400914,0.0,0.76420623,0.0,0.0,0.0,1.1212797,1.4809179,0.0,0.0,1.5873389,3.737754,1.0632741,0,2011
0.935667,0.26336813,0.5688765,0.3640539,1.0144354,0.7229382,0.0,1.3385681,0.0,2.2982106,0.8007376,0.0,0.7152978,1.4149642,0.0,0.4647937,0,2011
1.7217907,0.0,0.16867828,0.6606315,0.6438373,0.8924696,0.0,1.5068439,0.0,1.8495245,0.4595723,0.0,0.84678864,1.3839533,0.0,0.6095624,0,2011
1.6688535,0.42540893,0.70656395,0.86896765,0.9483725,0.680298,0.0,1.3077395,0.0,1.9905474,0.19356143,0.0,0.49159658,0.17371649,0.0,0.7620295,1,2011
0.8027593,1.1964482,1.3891641,0.7866003,1.8904961,1.7279727,4.3167195,1.85105,2.2923186,2.0612276,0.8027996,0.0,2.5739682,2.1115663,0.0,0.15938693,2,2011
0.36951026,1.4984193,0.9978902,0.71590966,1.3458545,1.0250851,0.0,1.3482623,0.052157998,0.0,1.1066837,0.0,1.0649676,1.3437983,0.0,0.022397757,0,2011
1.3874463,1.2255032,1.6812806,1.1876564,0.0,1.3035166,0.0,1.565896,0.0,2.3534276,0.0,0.0,0.0,1.2597284,1.5264351,0.91016096,1,2011
0.91466844,0.49163172,1.6901174,1.5449196,1.901618,1.4833493,1.4234947,1.0945313,1.3138685,2.0320008,0.04751402,0.0,3.5140736,0.97504663,0.0,0.28422487,0,2011
0.55963844,2.4063745,1.0522516,0.7014632,0.5163612,0.3219967,0.0,1.6919498,0.24337076,0.5345353,1.0588696,0.13143842,0.0,0.0,0.0,0.3832633,1,2011
1.2596195,1.0720115,2.0899496,0.8747673,1.4370065,1.2158074,0.0,1.9796853,0.0,2.161018,0.0,0.0,2.5790086,2.6065855,0.0,0.82645017,0,2011
1.9504961,0.0,0.5494784,0.0,0.0,0.35180736,0.0,0.0,0.0,1.9822066,1.6324227,0.40410328,0.0,0.63654697,2.595199,1.1582608,1,2011
1.515519,2.029924,0.565982,0.63975865,1.1669759,0.0,0.0,1.5408386,0.7534054,0.654197,1.4021579,0.030858532,0.0,0.0,0.0,0.7768134,2,2011
0.94065505,0.7530117,2.3447504,0.41905776,1.0461397,0.8895989,0.05363664,0.9105811,0.0,2.1844869,0.0,0.0,0.9857011,0.9169184,0.0,0.5879253,0,2011
0.45904386,0.21039748,0.9935797,0.627789,0.9007695,0.68432844,0.0,0.3654526,0.0,2.3032498,0.77550966,0.14121875,0.5994803,1.3829975,0.0,0.6544781,0,2011
1.6276852,0.87837005,2.2722554,1.212678,0.0,1.2540056,0.0,0.9833305,0.0,2.1803086,0.0,0.6144694,0.0,1.6500351,2.709885,1.057028,0,2011
1.3444614,0.9454285,1.9179665,0.6474006,1.3917537,0.63772357,0.009446904,0.860075,0.0,1.7710793,0.07106763,0.0,0.9983869,0.2465533,0.0,0.6938704,2,2011
2.0356743,0.0,0.0,1.3625159,1.3287838,1.1633298,0.0,0.010258555,0.0,1.2015817,0.76745594,0.0,1.2072415,1.0155869,0.0,1.0241667,0,2011
1.6973073,1.3091745,1.3950541,0.4418395,2.1337237,1.2895379,0.5048824,2.049173,0.0,2.2426207,0.26401696,0.0,2.2348955,1.9281609,0.0,0.53959143,0,2011
1.078926,1.2276201,0.8040987,0.8388518,2.291605,1.784486,1.2605731,1.3878534,1.143923,0.43474087,0.83533895,0.0,2.070118,0.4546158,0.0,0.0,1,2011
0.519184,0.8382897,0.25366718,0.58782375,0.4992681,0.7084638,4.8291693,1.0960797,4.0205603,0.21842992,0.93446815,0.0,0.0,1.1841087,0.07339066,0.39752948,2,2011
0.964235,0.3254687,0.39694893,0.65018904,0.07356125,1.3342321,0.0,0.5090796,0.0,1.6843152,0.42814142,0.0,0.0,1.5760219,0.6569239,0.71044403,1,2011
1.3836355,1.0483432,0.77404195,1.5877621,0.14837527,0.88928527,0.0,1.0539404,0.0,0.5684734,0.0,0.0,0.32221398,1.346538,0.0,1.1329948,2,2011
0.88805866,0.9170438,1.0388422,1.0306752,0.3812039,1.3042091,0.0,0.8841582,0.0,0.0,0.012933016,0.0,0.60303426,1.2184898,0.0,0.2667355,1,2011
1.7682536,0.5846161,0.8243804,0.922295,0.8676855,1.0318929,0.0,1.4349529,0.0,2.4833386,0.0,0.0,0.7211795,0.9341855,0.0,1.0320696,0,2011
0.75058115,1.5619664,1.5824759,2.6087961,0.0,0.5255896,0.0,1.6591846,0.0,1.9724791,0.019119918,0.0,0.03178042,1.1767436,3.1663735,1.1268528,0,2011
0.4622035,1.6349652,1.3563852,1.0612284,1.4287244,0.87189484,0.0,0.8265836,0.76362216,0.32917434,0.428972,0.0,1.9977465,0.9054842,0.0,0.44126374,0,2011
0.50437045,1.6808114,1.9937059,0.79405904,0.0,0.16402489,0.0,1.4946232,0.0,2.0695796,0.01935625,0.0,0.0,1.0872766,1.1144475,0.89403015,1,2011
1.4699973,0.6023636,1.0848253,0.89884394,2.1021464,1.9061416,2.910892,0.82882977,1.594877,0.79685485,0.7165953,0.0,2.6809905,1.7139637,0.0,0.46065137,1,2011
1.2116157,0.5621433,1.003015,0.9143084,1.0091643,1.6008894,0.0,0.74545205,0.0,1.4722478,0.0,0.7913773,1.9184761,1.1532514,0.0,0.33552235,0,2011
0.48591873,0.045746624,0.37925422,0.83033633,0.6717533,0.793297,0.0,0.6509126,0.0,2.3234262,0.91477084,0.0,0.22288874,1.519928,0.12688594,0.72617745,0,2011
0.0,1.3832433,2.1447515,1.64851,1.7180328,1.6094571,0.8660827,1.1013743,0.0,1.7182012,0.0,0.0,2.4938662,0.59154916,0.0,0.21407467,2,2011
0.6466222,0.7014088,1.6621192,0.9899508,0.0,0.5041193,0.0,0.44748572,0.0,2.1607268,1.7797267,0.23093438,0.0,1.4328129,4.4704595,0.6096417,1,2011
1.217612,1.0421004,0.8188352,1.565839,1.6079817,0.3483029,0.0,1.7435346,1.0106521,1.2189264,0.5658046,0.0,2.2339034,0.5276433,0.0,0.62427545,0,2011
1.1145797,0.34214866,1.221491,0.5436996,0.6809933,0.68956494,0.0,0.0,0.0,2.384673,0.8190031,0.52893513,0.06807166,1.3618057,0.10049047,1.1841592,1,2011
1.9047388,1.1331308,1.6411428,1.5802093,0.0,0.81290036,0.0,1.0256544,0.0,0.0,0.0,0.0,0.5446646,1.5268683,0.0,1.478987,0,2011
0.76492554,1.9472318,1.35071,1.0510926,1.7209479,1.5429046,3.2695162,1.7262198,2.3204267,0.92251956,0.23921433,0.0,1.8765311,0.908806,0.0,0.355251,1,2011
0.7040515,0.73714525,1.3639317,1.2878854,2.144503,1.8631539,1.1275907,0.28540957,0.18875448,0.90585274,0.5439438,0.0,2.670255,1.058689,0.0,0.36945826,0,2011
1.4650791,0.0588879,0.6734172,0.7091559,2.465182,1.9607232,2.7106693,0.52562714,0.8494772,2.2659914,0.9584583,0.0,2.9974535,1.8919127,0.0,0.3636654,2,2011
1.292329,0.75545377,1.0008845,0.33141243,2.3704214,1.8630993,1.2291685,1.641576,1.0863328,2.2832952,0.61701924,0.0,2.7799985,0.79103297,0.0,0.0,1,2011
0.5120187,0.48270467,1.1076939,0.43793157,0.11692047,1.1838045,0.0,0.3650763,0.0,0.0,0.7974613,0.0,0.0,1.897526,0.79446465,0.2300846,0,2011
1.4541869,0.6210328,0.8448389,0.16048849,0.0,0.6736752,0.0,1.2032901,0.0,2.0205896,0.30969426,0.0,0.0,1.1056614,1.3656449,1.0038266,0,2011
1.088949,0.73964363,1.0929686,1.070425,0.9359499,1.3837376,0.0,1.0423014,0.0,1.5018098,0.0,0.0,0.92916167,0.91890705,0.0,0.47637087,1,2011
1.3359404,1.0813563,2.286573,0.47180605,0.72263616,1.1554154,0.0,1.1678635,0.0,2.3556135,0.0,0.049174234,0.6980387,0.55003536,0.0,0.6787217,0,2011
0.60068977,0.22961819,1.751768,0.6071862,0.0,0.31571704,0.0,0.6435964,0.0,2.048071,1.8745613,0.0,0.0,1.9793868,4.7534,0.67827415,0,2011
2.2585452,1.8563035,2.1743045,1.7020679,0.0,0.8555802,0.0,1.6146208,0.0,2.2113435,0.0,0.0,0.0,0.2363466,3.45543,1.255873,0,2011
1.335944,1.7930343,2.4738479,1.5202725,0.77537537,0.8802553,0.0,2.259985,0.2919809,0.810818,0.0,0.0,1.7322812,0.8837903,0.0,0.69393086,2,2011
1.6286919,0.68675333,1.120673,1.5079079,0.034899354,0.6091746,0.0,0.4284492,0.0,0.98804086,0.0,0.0,0.17645699,1.5820081,0.32961628,1.6331222,0,2011
1.0824196,1.2673202,0.9065682,1.0010923,2.0115287,1.6664147,0.46425933,1.4614141,0.76761484,0.48636985,0.592602,0.0,1.7125628,0.21750182,0.0,0.0,2,2011
0.7720934,0.7522857,0.49569228,1.0123919,1.0102429,1.3968226,0.0,2.034476,0.0,1.8849545,0.2381739,0.0,1.1787636,1.1657503,0.0,0.0030296445,0,2011
0.62119734,0.78994435,0.0002734661,0.6950735,0.67229795,0.6658007,4.353642,0.8118445,4.1976137,0.09746075,1.0812789,0.0,0.40010786,1.6849115,0.0,0.47284594,2,2011
1.7655134,0.726374,1.1502193,1.0083092,1.6296518,0.5905005,0.0,1.1889633,0.0,2.310784,0.18274546,0.0,1.6157378,1.3430066,0.0,1.0217313,0,2011
1.8614867,0.50731635,0.3158452,0.66389877,1.2628269,0.6552293,0.0,0.78780377,0.0,1.5763875,0.8708686,0.523612,0.80828506,0.263637,0.0,0.783911,0,2011
0.9007391,1.3218223,0.034177065,1.7961309,0.23401782,0.36269057,0.0,0.6874286,1.1453946,0.14395094,0.034329236,0.41294384,0.8383076,0.021909297,0.0,0.8447102,2,2011
1.2045144,0.45518073,0.7007942,0.44333708,0.2941117,0.85803604,0.0,0.13580513,0.0,2.504321,0.7969525,0.2335468,0.0,1.4229605,0.47109002,1.2538662,0,2011
0.28303778,1.7702298,0.3224734,1.3682203,2.3406947,1.1968902,3.1631997,0.26364338,1.5663414,1.1007837,1.3159959,0.0,1.5648825,0.8120827,0.0,0.46976385,2,2011
0.70387673,0.5582607,1.0741299,1.3798857,1.360513,0.91326916,0.0,0.5317141,0.0,2.3015394,0.116252065,0.1020017,2.3064215,1.223299,0.0,0.8386159,2,2011
0.5353347,0.8167706,2.1507773,0.90494764,0.5416839,0.8530799,0.0,0.8522671,0.0,2.1820967,0.0,0.0,0.3412836,0.9635334,0.35626137,0.7668886,1,2011
0.80918854,1.3967161,1.336643,1.159478,1.8816743,1.0862007,3.504671,1.2392846,1.6744246,1.584299,0.32393757,0.0,2.736389,1.9835982,0.0,0.8552788,1,2011
1.0139017,0.0,1.6108031,0.7879853,0.0,1.1908904,0.0,0.07196075,0.0,1.1508288,1.7364764,0.0,0.0,2.5211356,5.0743146,0.576916,0,2011
1.1576613,0.70053756,0.85283273,1.2513535,1.7754529,1.0340493,0.6493092,0.5876074,0.0,2.422815,0.38723242,0.0,1.6097957,1.3556676,0.0,0.84764856,1,2011
2.106493,0.21839899,0.620726,0.41306096,0.44151825,1.2797405,0.0,0.77622443,0.0,1.1480879,0.22163063,0.0,0.0,1.5319347,0.0,0.77958393,1,2011
1.3383485,1.0994067,0.572946,1.0309668,1.0575494,0.9487329,0.533683,0.96044254,3.086285,0.04493594,0.059162974,0.5672909,2.345026,0.84635806,0.0,0.43692845,1,2011
1.540561,0.6001309,2.214654,0.509712,0.0,0.96585923,0.0,0.10246688,0.0,2.1860158,2.4592395,0.96212816,0.0,1.1073391,6.013122,0.29528743,0,2011
0.9770282,0.37722713,0.9130699,0.6260573,0.0,0.6650665,0.0,0.56923914,0.0,1.3944943,0.5903986,0.0,0.0,1.7693698,1.6541753,0.940295,0,2011
1.3011916,1.3160255,2.5349605,1.3219863,0.0,0.8066535,0.0,1.5986619,0.0,1.977088,0.0,0.0,0.0,0.91332364,2.6422205,0.806793,0,2011
0.61517596,1.1701717,1.6065283,1.2886426,0.4507507,0.513785,0.0,1.5428841,0.9135166,1.7102454,0.0,1.188673,1.9137356,0.19100404,0.0,0.55188024,0,2011
1.9336414,0.4395708,1.8300626,0.94412035,0.0,0.77090746,0.0,1.3789599,0.0,0.8359591,0.0,0.0,0.0,1.438988,1.3011279,1.1152815,1,2011
1.8783721,0.96390116,0.6926165,0.85919327,1.513195,1.5448585,0.0,1.2432942,0.1251204,0.50208896,0.26214257,0.0,1.2459722,0.6022004,0.0,0.2798742,1,2011
0.979408,0.67569363,0.9775361,0.5499214,1.7880791,1.5386965,2.8956811,0.3441528,0.65183914,2.3329928,0.741822,0.0,1.8257515,1.5822392,0.0,0.53770316,0,2011
1.3850441,0.585868,1.337914,0.85866696,2.16771,1.3963556,1.6119651,1.1081105,1.0971684,2.0487845,0.51144403,0.0,3.0150313,1.2264872,0.0,0.29192466,2,2011
0.57121676,1.4726102,0.83481175,0.9368148,0.5126326,0.4141321,0.0,1.0741118,0.0,0.5680882,0.56435156,0.0,0.0,0.2633974,0.0,0.6642884,0,2011
0.36735588,0.99570584,0.90258586,1.0590857,0.99087965,0.7845751,0.0,2.1297379,0.0,2.2022333,0.32928628,0.0,1.4540758,1.1859052,0.0,0.30965137,0,2011
0.64950955,1.0716232,1.0894055,0.8218241,1.057147,0.6872581,0.0,2.269907,0.43487,2.0530057,0.5546387,0.15908925,2.070307,1.2627455,0.0,0.14518762,0,2011
1.819672,0.94190896,1.2542796,1.9546688,1.1767129,0.56266356,0.22858395,1.0267043,0.5910921,0.0,0.0068562627,0.0,2.1535704,1.5766697,0.0,1.0363709,1,2011
0.29420733,0.0047139525,0.84533644,0.0,0.059389234,0.57881075,0.0,0.4470143,0.0,2.2863548,1.4630892,0.0,0.0,0.9630424,1.8791451,0.41948485,0,2011
1.3733464,1.415256,1.7085284,0.8931044,1.4759731,0.859491,0.20189741,1.9522891,0.589072,1.7626038,0.0,0.0,1.7801518,0.5068146,0.0,0.4313931,2,2011
0.0,1.2564799,0.45884174,1.944627,1.6817052,0.8970702,0.030998528,0.0,0.0,1.1805196,0.6730646,0.0,1.4022856,0.37983742,0.0,0.7514502,0,2011
1.0028659,0.7850394,1.5346837,0.88669175,2.0851254,1.3599076,0.8001659,1.1967129,0.7697935,2.0841122,0.40884602,0.15729482,3.1602638,1.218627,0.0,0.18419081,1,2011
0.6715221,1.2915187,1.455292,2.0127947,1.4861053,1.3477138,0.25513858,1.7337853,0.0,2.3004103,0.0,0.0,2.3574224,1.3635414,0.0,0.70171314,0,2011
1.058966,1.211787,0.20957357,1.1841967,0.73370004,0.06899792,0.0,0.5043458,0.0,0.6098058,0.65329653,0.0518308,0.4188774,0.17974341,0.0,1.0756755,1,2011
0.4778374,0.54357743,0.018690169,0.55202204,0.0,0.9365699,0.0,0.8570285,0.0,2.1498215,0.9625101,0.0,0.0,1.3258364,1.4485126,0.6342901,0,2011
0.49265248,1.310688,1.3119862,0.0,0.0,0.29466748,0.0,0.684738,0.0,2.4029455,1.405483,2.109701,0.0,0.49809417,2.5712676,0.6126586,0,2011
1.5068333,0.5731249,1.1416667,0.0,0.31038368,0.6742091,0.0,1.7082102,0.0,2.2815952,0.043468475,0.059827775,0.0,0.8102238,0.0,0.58506465,1,2011
1.130886,0.35816762,1.4810088,0.6558785,0.5777348,0.9566853,0.0,0.06833857,0.0,1.8351383,0.27189195,0.9946028,0.682299,1.4215239,0.0,0.88236636,2,2011
1.720891,0.71162355,1.1687008,0.902191,1.612806,1.4226847,0.10412097,1.4493777,0.0,2.3907764,0.0,0.0,1.7241514,1.1336521,0.0,0.5747347,0,2011
1.6348326,0.19225544,1.3922656,0.7229464,0.48844552,0.94626945,0.0,0.74795616,0.0,0.87667924,0.0,0.12199529,0.5273148,0.9553731,0.0,0.7396757,0,2011
0.5608685,0.6668864,0.9559365,0.83299947,0.0,1.0942421,0.0,0.64579225,0.0,0.17636299,1.1138532,0.0,0.0,1.6363609,3.1425261,0.37206256,1,2011
0.6775873,0.39733157,0.7292737,0.9418744,0.42686477,0.71536255,0.0,1.5569861,1.7102978,2.0979352,0.0,1.9102138,2.3991706,1.0127661,0.0,0.25002408,1,2011
2.0378933,1.3435735,2.545411,1.3571452,1.0110569,1.4557254,0.0,2.4543674,0.0,2.2427242,0.0,0.0,1.6330717,1.326219,0.0,0.8690342,0,2011
1.0850887,1.0311611,0.43401927,0.7136588,1.8132457,1.5868208,3.3055944,0.72144747,1.796238,1.0786481,0.6968017,0.0,1.3926934,1.0552769,0.0,0.43362892,0,2011
2.0974665,1.1909503,2.0474901,1.1366358,0.81882226,1.5949744,0.0,2.2166831,0.37796855,0.0,0.0,0.0,1.6797767,1.619744,0.0,0.29642624,0,2011
1.0311646,0.8489768,2.0351932,0.30330032,1.9453418,1.5826666,0.98809844,0.9124804,0.0,2.2570841,0.14094812,0.0,2.1598117,1.2113557,0.0,0.38071412,2,2011
0.38434598,0.99398917,1.1363925,0.48919618,1.0734243,0.5615777,0.0,1.0270209,0.0,2.514068,0.46665323,0.0,0.38759798,0.5230526,0.0,0.68819153,0,2011
0.24706733,2.230174,1.1822336,1.2390848,2.437842,1.1541369,3.2864575,1.7733448,1.7929275,2.0630493,1.2444053,0.0,3.4021788,2.2855172,0.0,0.22091007,1,2011
1.5417094,1.2102897,0.4981656,1.3692663,1.5605311,0.5085999,0.0,1.3669865,0.25809535,0.0,1.1703894,0.0,1.1795353,0.94415367,0.0,0.46191496,0,2011
1.506359,1.1743128,0.7898097,1.2438493,0.7508607,0.7035434,0.0,0.36916584,0.0,0.77855545,0.0,0.0,0.47781816,0.22751051,0.0,1.2220631,2,2011
0.30546254,1.0774997,1.0558544,1.8948414,2.040257,1.1689098,0.3755077,0.0,0.0,0.92737,0.73589784,0.0,2.4244416,1.1691747,0.0,0.7274936,0,2011
0.1177963,0.8201782,1.82106,1.450232,0.0,0.5546373,0.0,1.1682259,0.0,2.0281193,0.33334246,0.0,0.0,0.93371296,2.9653785,0.5082687,2,2011
0.7985508,1.6254014,1.1458327,1.2186322,1.3421694,0.245915,0.0,1.8051286,1.1337588,1.1558123,0.6158346,0.32336637,2.344338,0.8906982,0.0,0.5359314,2,2011
0.4079322,0.66434026,1.4970363,1.2136333,0.0,0.93072915,0.0,0.045633912,0.0,1.8308153,1.6658354,0.0,0.0,1.4395671,4.3983912,0.56933534,1,2011
0.32391638,0.5863181,0.0,0.39979398,0.98126423,0.5010814,0.0,0.2433024,0.0,2.6621327,2.0784223,0.0,0.0,0.36520404,0.51322454,0.71930647,2,2011
0.6504442,0.7139291,0.8706222,0.35585606,1.2838714,0.92438537,0.0,0.542025,0.0,2.4137018,0.95748794,1.3009673,1.0954121,0.36900976,0.0,0.22195953,0,2011
0.20745021,0.7918775,0.9846281,1.2388299,0.0,0.45796552,0.0,1.2376487,0.0,0.84329146,0.641352,0.0,0.0,1.8280588,2.1063006,0.7690798,0,2011
1.4765208,0.91951,2.1629853,0.25796106,2.050348,1.1297209,1.3806027,1.4058375,0.24852425,1.9343171,0.5047942,0.0,2.2887354,1.587939,0.0,0.3606122,0,2011
1.4235651,0.14077586,1.4769119,1.428334,1.0670483,1.7910032,2.9303877,0.96699053,1.8115244,2.061832,0.0,0.0,2.8493953,1.6589422,0.0,0.65429413,2,2011
1.8426447,1.4676557,1.8205326,0.17255184,2.0939658,1.5911529,1.1281499,2.5128853,0.30066952,2.1869962,0.06331563,0.0,2.0709743,1.4472861,0.0,0.12388617,0,2011
0.9873762,0.9557059,0.6309638,0.34396076,2.138611,1.3411089,1.8824441,0.17081064,0.32211015,2.4345937,1.5686878,0.0,1.2277462,1.1192658,0.0,0.33138317,1,2011
3.99802,3.7979875,3.8653207,2.919577,0.0,1.4211665,0.0,0.88408333,0.0,0.28494906,0.0,0.0,0.0,0.0,4.190568,2.325172,0,2011
2.0726411,0.514224,1.5211129,0.7233346,0.40427184,0.7152945,0.0,1.6594224,0.0,0.9259116,0.0,0.0,0.33267918,1.0245724,0.0,0.9168216,1,2011
1.5600514,0.93013483,1.3510914,0.692994,0.5533052,0.5726285,0.67038107,0.7822392,0.428257,1.0014142,0.0,0.0,0.0,0.0,0.0,0.7799567,2,2011
1.9200716,0.17699516,1.4796306,0.44846213,0.0,1.0272965,0.0,0.0,0.0,1.4006705,0.2959862,2.291187,0.0,1.2224149,1.0092901,1.0186998,0,2011
1.2457078,0.11489445,1.1110234,1.2008309,0.74292153,0.58427715,0.0,1.1834407,0.55872095,1.3594254,0.09275913,1.4406528,2.4587991,1.629066,0.0,0.42800462,2,2011
2.1310582,0.835943,0.687683,0.48072588,1.4656526,1.8085787,0.0,0.9340767,0.0,0.88244116,0.045307755,0.0,0.55521333,0.46964717,0.0,0.57643396,2,2011
1.6355778,1.934456,1.341822,0.99845093,0.6282827,0.90685004,0.0,0.5828163,0.0,1.1452285,0.0,0.0,0.19023812,1.0465468,0.0,0.8630982,2,2012
1.1679194,0.5286077,1.2568401,0.89315593,1.3973333,0.91630065,0.0,1.0224407,0.0,2.4720726,0.0,0.0,1.1900084,0.77089876,0.0,0.44555137,1,2012
1.1596473,0.35563707,0.40095288,1.1435224,0.45725644,0.029188395,0.0,1.8995454,0.0,2.164418,0.5951849,0.0,0.6867426,1.5218132,0.23714142,0.73542756,1,2012
1.435688,0.3690681,1.6846755,0.7547959,1.7685176,1.2840598,1.2684212,0.37860316,0.5620843,2.3260174,0.21249309,0.0,1.6915536,0.20678782,0.0,0.38036287,1,2012
1.4398819,0.6214898,0.8134557,1.2547271,1.5516636,1.134871,0.0,0.4624785,0.42980605,0.011583865,0.47722247,0.0,1.3985748,0.29362386,0.0,0.19493634,2,2012
1.7369933,2.1691666,1.1986593,1.0545635,0.557542,0.90442455,0.0,0.43455005,0.0,0.22421813,0.0,0.0,0.034686923,0.9981265,0.0,0.9172653,1,2012
1.3642489,0.33838502,1.6123925,0.5133757,1.6393882,1.5478985,2.581816,0.0,1.6872771,1.4839435,0.4828362,0.0,1.316391,0.0,0.0,0.39511907,1,2012
1.1872208,0.36328286,1.5801425,0.3146105,1.0585282,1.54018,3.5862014,0.0,1.8380322,1.4630382,0.6205989,0.0,0.3895902,0.31403035,0.0,0.40891623,2,2012
0.80258614,1.7289308,0.64532644,1.2950943,0.0,0.4723522,0.0,1.5219696,0.0,0.069202125,1.6158135,0.0,0.0,2.7054763,2.0739849,0.43473685,0,2012
1.3671257,0.6306091,1.6350222,0.8627877,1.5102847,0.19337988,0.0,1.052793,0.0,2.1442468,0.22288078,0.0,1.438679,0.68998456,0.0,0.6008022,2,2012
0.0,3.8795948,1.5677111,0.4503646,0.69267184,0.0,0.0,1.0651131,0.0,2.4939413,1.5998662,0.8524773,0.0,0.9655093,0.0,0.72994506,0,2012
1.0807458,1.3615198,1.3234131,0.53509545,0.0,0.0,0.0,0.7603066,0.0,1.1279951,1.8760002,0.5512896,0.0,3.393308,2.245296,0.9657381,0,2012
0.9450464,3.3017945,0.39074218,1.1001652,0.0,0.13747644,0.0,2.121485,0.0,0.46939605,1.5882769,0.6438054,0.0,0.6250229,0.36580306,0.54168814,2,2012
1.3686562,0.29870299,1.4930643,1.4673777,1.1553262,1.9341506,0.0,0.0,0.0,2.0725093,0.0,0.0,1.4797127,1.6161268,0.0,0.7742842,2,2012
1.0466093,1.2213404,0.8966903,2.0109236,1.6676192,0.43863827,0.0,2.1508932,1.9097326,0.0,1.5122795,0.0,2.0995214,0.0,0.0,0.0,1,2012
0.7242682,2.3963752,1.0876876,0.81132317,1.6530187,0.5050385,2.2831557,1.8023386,2.2145557,2.5533023,0.5757059,0.0,0.22676504,0.0,0.0,0.0,2,2012
1.5308611,0.941693,0.5610474,1.7302086,1.0273216,1.0938584,0.0,0.0,0.0,0.39212516,0.14900729,0.0,0.8604807,0.69036317,0.0,0.9244279,1,2012
2.6137261,1.2606404,0.0,0.0,0.83803165,1.4911408,0.0,0.95955956,0.0,1.6164641,0.75468427,0.0,0.0,0.0,0.0,0.5320112,0,2012
2.4786272,0.4011627,0.518183,0.0,0.14320993,1.7192843,0.0,0.0,0.0,2.653269,1.2670498,0.5252019,0.0,2.2464879,0.95688564,1.2606738,0,2012
0.86862254,1.7406456,1.194847,1.6806285,1.2086469,0.66349626,0.0,1.7245533,0.0,1.0446233,0.117738724,0.0,0.9104953,0.63513464,0.0,0.40124142,1,2012
2.6429973,0.0,1.1020828,0.49953046,1.0715905,1.9204853,0.36669266,1.0554299,1.0071541,2.4202342,0.0,1.0216231,1.5186019,0.0,0.0,0.0,2,2012
1.4385722,0.2047019,0.74625623,1.1502779,0.0,0.75643927,0.0,0.6051574,0.0,0.0032997131,2.5110495,0.0,0.0,3.794554,4.0472317,0.5753354,0,2012
0.7363005,0.4391111,1.3154048,0.0,0.07542735,0.0,0.0,1.4703238,0.0,1.8974576,1.5817187,0.0,0.0,2.8491364,1.6046662,0.27652353,0,2012
1.8413813,1.16019,0.8919664,0.96402895,1.2829174,0.7122466,0.0,0.94639426,0.12558995,0.014057696,0.42672938,0.0,0.5474555,0.38418555,0.0,0.37575603,1,2012
2.4442263,0.30170286,1.5056331,1.1967233,0.5786128,1.5780303,0.0,0.7545742,0.0,0.022472262,0.0,0.0,0.894694,1.1129658,0.0,0.6171716,0,2012
1.1584473,0.35843062,0.2522666,0.7249753,0.23331279,1.8591985,0.0,0.0,0.0,2.56093,1.7914691,0.552344,0.0,2.4533327,1.4280081,0.88975674,0,2012
1.5118685,1.2387801,0.66060436,0.358153,0.9613397,0.38356835,0.0,0.5656829,0.0,2.6547816,1.0797309,0.035931885,0.0,0.41648588,0.0,0.90409493,0,2012
0.89921653,0.7047961,3.4739025,2.7594082,1.9213157,0.0788731,0.4882939,2.2284813,1.5173614,1.3801035,0.57239586,0.0,4.726482,1.3152442,0.0,0.5142983,2,2012
1.2226135,0.0,0.5001336,2.1050494,1.2772827,1.1742814,0.0,1.0822517,1.0796082,0.90523803,0.0,0.31499684,2.8258548,0.35463914,0.0,0.12727815,2,2012
0.96207565,0.80155987,0.0,1.8796453,0.0,0.594187,0.0,1.5478363,0.0,0.0,0.9732927,0.0,0.23680112,2.4022827,1.7533635,0.47281662,0,2012
0.74879456,1.233457,2.6143208,0.52625483,0.6244316,0.74062765,4.690144,2.341892,3.8221867,2.1129289,0.23400524,0.0,0.25827554,0.49054098,0.0,0.08857727,2,2012
0.70945156,0.63141435,0.9695665,1.4187973,1.2710257,0.086147845,0.0,0.80012614,0.0,2.2230132,0.47179997,0.0,1.4792298,1.4778187,0.0,0.867216,1,2012
0.38833404,0.29399773,0.0,2.2474155,0.0,1.8231566,0.0,0.5121331,0.0,2.6554031,2.5794039,0.0,0.0,3.050605,4.4204698,0.017345428,0,2012
0.357562,1.7814858,2.2281947,0.90781367,1.9864408,0.8413268,1.3750997,0.93302256,0.8322692,1.1774722,0.70555186,0.0,1.8917646,0.33724883,0.0,0.06948233,0,2012
0.5183315,1.2023683,2.6303587,1.0884104,1.4201181,1.1751935,3.0225816,1.4125006,2.0207038,1.964123,0.12229723,0.0,2.1300724,0.41480312,0.0,0.015180767,2,2012
2.2812018,3.629878,1.3421661,0.0,0.85228014,1.2495322,0.42820758,0.0,0.0,1.6595523,0.7305929,1.3592093,0.0,0.0,0.0,0.5984362,2,2012
0.381264,1.647244,1.4186435,0.39894617,0.22595125,0.54357636,0.0,0.47066492,0.0,2.1373162,0.79015875,3.1055412,0.75968826,1.7262796,0.0,0.18606478,1,2012
1.8206193,2.3463626,1.0497081,0.8227262,0.505969,0.64977443,0.0,0.0,0.0,0.32655513,0.6040342,2.2842486,0.0,0.62074864,0.0,0.8236525,2,2012
0.9656625,1.0539256,1.73048,1.8421443,1.4025598,1.2681577,0.15451592,0.95460755,0.46730068,0.0,0.0,0.0,2.412888,1.00316,0.0,0.25941962,1,2012
0.7261557,0.6131104,0.9907459,1.0871378,1.1013682,1.3213472,0.0,1.5855553,0.0,2.3829863,0.0,0.0,1.1154413,0.86519295,0.0,0.0,1,2012
1.1738343,0.344124,1.6635511,0.87403655,1.3291545,1.4356422,1.8019637,0.56898904,2.0988905,2.2945223,0.0,0.0,2.2980714,0.0,0.0,0.1066407,0,2012
1.594967,0.86005706,0.0,1.2538981,0.14611965,1.1222711,0.0,0.7757263,0.0,0.24997008,0.12686622,0.0,0.065018356,0.91281086,0.0,0.40906298,2,2012
0.3485594,0.58608586,0.26780808,0.9733151,0.35252076,0.24090958,0.0,1.4914069,0.0,2.181897,0.92066056,0.0,0.16837674,1.824867,0.5320855,0.39642352,0,2012
2.1008775,1.0329795,1.3197665,1.1333667,1.2008598,0.7305482,0.0,1.0009445,0.7706297,0.0,0.17745343,0.0,1.326366,0.41089186,0.0,0.41434276,0,2012
1.8849146,1.4044316,0.29210305,0.80530834,0.31939566,0.98376256,0.0,1.053186,0.0,0.42149258,0.117379576,0.0,0.0,0.42919013,0.0,0.66844845,2,2012
1.4967842,1.1708599,3.4354222,0.96462554,1.2036152,0.6918913,3.3512418,2.5469422,3.4712715,1.7221987,0.24725512,0.0,2.512565,1.1881319,0.0,0.32005262,1,2012
1.0090129,0.6381867,0.004134536,1.8409784,0.8272245,1.8345065,0.0,0.6803672,0.0,2.6761944,0.1722002,0.0,0.42583585,0.7850483,0.0,0.6478213,0,2012
1.6779115,0.0,1.6633277,2.368927,1.2324703,1.3612454,0.0,0.9217483,0.25491968,1.1122591,0.0,0.0,3.4132578,1.5385653,0.0,0.64035916,0,2012
1.223308,0.0,1.4275544,1.5633521,1.7580537,0.7703799,0.393579,0.49559018,0.0,2.067056,0.25112855,0.0,2.3800707,1.1150582,0.0,0.46115035,0,2012
1.1173983,0.027792752,0.8286647,0.48088205,0.0,0.19743043,0.0,1.0596625,0.0,1.7303843,1.1633929,1.4093004,0.3431493,2.7946563,1.3037353,0.22345144,0,2012
1.5309246,1.1992426,0.7897327,1.7359328,0.0,1.1706332,0.0,0.65887487,0.0,0.16247016,2.1535943,0.0,0.0,3.468555,4.3717785,0.51351076,0,2012
0.7619826,0.55491805,0.25801706,1.0397942,0.0,0.7488148,0.0,1.4487212,0.0,0.8959859,1.023277,0.0,0.0,2.4763296,1.6175797,0.2649858,0,2012
1.1631088,0.5113013,0.7785653,1.1782169,0.09129906,2.0027251,0.0,0.44306996,0.0,2.5476513,0.25877732,0.0,0.0,2.2183247,1.65483,0.48978305,0,2012
1.3971447,1.4478545,1.7474462,0.30612493,0.48159093,0.5199462,0.0,0.62041426,0.0,2.3497274,0.30056655,0.1342242,0.0,1.3497066,0.0,0.7808766,0,2012
1.0689287,2.5372424,3.6355827,0.31788623,1.530793,0.6069095,3.4930925,2.0577207,2.2435374,0.93656516,1.1365525,0.0,0.9811213,1.3183854,0.0,0.11938709,1,2012
0.9834963,1.0556141,1.0554445,0.9085406,1.1683269,0.72533303,0.0,0.61780035,0.46889466,1.4757751,0.24082834,0.39565355,1.774545,0.6673964,0.0,0.40808386,1,2012
1.1166486,1.5238361,2.2500443,0.3715163,1.3726057,1.2657421,2.0926447,1.6661732,1.6716981,2.2165651,0.0,0.0,1.5550938,0.0,0.0,0.0,2,2012
1.5221448,0.5993441,1.3519539,1.0986915,1.4620051,1.1592333,0.0,0.0,0.0,0.075226426,0.30682427,0.0,1.0650177,1.2337555,0.0,0.6768797,1,2012
1.508516,1.3285408,0.8469961,1.1047924,1.095208,0.76508653,0.1256646,0.7338629,0.37756175,0.040013492,0.22737807,0.0,0.8077775,0.6028367,0.0,0.47947946,0,2012
0.68055665,1.1778581,0.6039989,0.3437316,0.25800514,0.3793708,0.0,1.2355101,0.0,2.3614151,0.9716438,0.31470686,0.0,0.9749191,0.33283472,0.2515298,0,2012
1.0155802,1.3563669,2.033722,1.0647657,1.3954427,0.50318754,3.569336,2.1477318,3.5942383,1.9917088,0.45717263,0.0,2.0794044,0.75088453,0.0,0.29313648,2,2012
0.93012494,0.6387905,1.4653956,1.3030066,1.7930894,0.80542153,0.74034554,0.44468266,0.13860555,2.2990377,0.20794448,0.0,1.9553668,0.4101683,0.0,0.50442135,2,2012
1.1471561,0.6902864,0.0,2.2499797,0.0,1.3592665,0.0,0.52601117,0.0,0.5263884,2.3734908,0.0,0.0,2.630055,4.979614,0.42138088,0,2012
1.364345,0.84089935,0.7595756,1.1647775,0.7645987,1.0132176,0.0,0.5754788,0.0,1.6059077,0.0,0.0,0.5796863,0.5313787,0.0,0.46752694,1,2012
1.4510045,1.2719443,1.4598992,1.9290404,1.2207539,1.2515684,0.026884004,1.6164856,0.61526686,0.424684,0.0,0.0,2.058216,0.7773855,0.0,0.29509073,2,2012
0.61464864,0.4781983,1.6528847,1.2659047,0.71547663,1.0832745,3.5312908,1.3594854,4.8238916,2.142293,0.0,0.0,2.5338726,0.28067076,0.12910724,0.029925108,2,2012
1.4735047,0.8041099,0.8097949,2.009987,0.9500374,0.81809604,0.0,1.2083749,0.0,0.0,0.09949756,0.0,1.4045525,0.9722991,0.0,0.55417544,0,2012
1.9046819,0.6547584,0.81789637,1.6787727,1.1966193,1.0976442,0.0,0.7876977,0.75773823,0.08233553,0.0,0.0,1.8744171,0.7798711,0.0,0.6172801,0,2012
1.0935898,0.96201754,1.3817949,0.51868224,1.0296245,1.049908,0.0,0.18213284,0.0,2.5503702,0.5025262,0.07020861,0.37791544,0.85364723,0.0,0.47689337,0,2012
1.0402395,0.7212149,0.38244534,0.9593631,0.0,1.4065263,0.0,0.33801007,0.0,2.5753045,1.1604618,0.0,0.0,2.0884438,2.2909787,0.56825346,0,2012
1.6099441,1.5054872,2.6265068,0.47078195,1.8581051,0.6614456,0.9371461,2.179668,0.26864505,2.010054,0.13717481,0.0,1.970896,1.4142641,0.0,0.24435139,1,2012
0.71355,0.09818566,0.4840829,1.075549,0.0,1.3508226,0.0,0.074860275,0.0,2.4429886,1.2720886,0.0,0.0,2.5985534,2.7412639,0.50901926,0,2012
1.3229144,1.1954299,1.0047295,1.4775932,0.9870522,0.9893928,0.0,0.388254,0.0,0.12204987,0.016191602,0.0,0.87002563,1.007552,0.0,0.68672717,0,2012
1.6594741,0.8094287,1.6783235,0.56536233,0.541096,1.407707,0.0,0.0,0.0,0.0,0.43934423,1.5317158,0.4305547,1.6901878,0.0,0.31072986,1,2012
1.0161846,2.090444,1.7602353,0.67741454,1.3700573,0.5981852,0.0,1.6407192,0.0,1.3680053,0.35880634,0.0,0.9584452,0.69667786,0.0,0.29610384,0,2012
1.5337436,0.6130103,1.491879,0.43919295,1.0737083,0.9922677,0.0,0.48904845,0.0,2.2200365,0.94003963,3.482104,1.710249,0.6445303,0.0,0.0,2,2012
1.3019023,0.0,0.3754698,0.8794402,0.0,0.45631117,0.0,1.1907659,0.0,1.9810798,0.44309944,0.33263797,0.47523886,2.862979,1.1766942,0.64150614,0,2012
0.94062954,1.3182392,1.7648107,0.87057734,1.4377748,0.786054,0.9364031,0.9517852,0.10932079,2.3580177,0.0,0.0,1.060705,0.041736126,0.0,0.36837906,1,2012
0.93863237,1.1368197,0.4103243,0.71382177,1.4213022,0.7481678,0.0,0.38739955,0.0,0.5388981,1.2695117,0.16040444,0.7411034,0.59182745,0.0,0.13327938,0,2012
1.5896809,1.2009233,1.0034356,1.1952139,0.5388801,0.8856535,0.0,1.5224314,0.0,1.5624754,0.0,0.0,0.2676587,0.43365532,0.0,0.50396824,2,2012
1.5111916,0.3743295,1.059649,0.82117295,0.97039634,0.30028266,0.0,0.74502933,0.33061337,2.2099826,0.1595433,1.6467693,2.1150205,0.89371455,0.0,0.53534734,2,2012
1.3767083,0.72789156,0.85538375,1.3609084,0.0,0.7247384,0.0,1.7266476,0.0,0.0,1.5229447,0.0,0.0,2.6133254,2.9501908,0.17636514,1,2012
1.3824373,1.4183264,0.859529,0.4439949,0.04014498,0.39690113,0.0,0.0,0.0,2.4526913,1.5309665,2.8029838,0.0,1.0736645,1.0783788,0.87377477,0,2012
1.629977,0.5925336,1.409996,1.5020592,0.40835842,0.7027786,0.0,0.85394186,0.60750914,0.0,0.0,0.5095874,1.7507308,1.3786721,0.0,0.5305267,1,2012
1.8927954,0.0,0.0,1.4474039,0.0,1.0094328,0.0,0.58193123,0.0,1.4696455,0.0,0.0,0.7858906,2.9131765,0.5918868,1.1823528,0,2012
0.6362344,1.3533049,1.7666726,1.5404806,1.5620756,0.69758457,2.0717103,1.7303133,2.4692361,2.0632648,0.28295758,0.0,2.686672,0.30048728,0.0,0.08240825,2,2012
1.2310187,0.31930885,1.3471069,0.7735429,1.3890028,1.3637786,0.0,0.0,0.0,2.4344285,0.54720587,0.802196,1.3385049,0.7928082,0.0,0.2960319,2,2012
1.1567925,1.14398,0.9232882,1.3048148,0.9249412,0.5763863,0.0,2.0610445,0.0,2.3188882,0.0,0.0,0.903871,0.97569007,0.0,0.5773954,2,2012
1.2123218,0.18516207,2.2796679,0.038296938,0.36741847,0.92439026,4.896427,0.2560628,3.646492,0.0,0.5279583,0.0,0.18217486,1.9119802,0.24399276,0.7339352,0,2012
0.0,1.4100072,0.8476809,1.139662,0.34397954,0.6625383,0.0,1.2473478,0.0,2.2823968,0.41472292,0.0,0.0,1.0639088,0.49582845,0.17981249,2,2012
0.99126303,0.58167046,1.4033204,0.888479,1.9314061,0.8179585,2.5236475,0.51221013,1.4193063,2.19327,0.68117934,0.0,2.214592,0.9436588,0.0,0.42030954,2,2012
2.0898666,2.8801136,1.5549293,2.837779,0.026786745,2.2931643,0.0,0.009254336,0.0,1.71895,3.4462934,0.15905672,0.0,0.6905221,6.8833356,0.03211367,0,2012
1.3164048,1.4018338,1.2564971,0.2930524,0.65435386,1.0210528,0.0,0.0,0.0,0.16943568,1.1004928,1.4609401,0.0,1.1075191,0.0,0.46231806,1,2012
1.4813118,0.020791888,1.1438861,0.69645333,1.2525976,1.5502968,0.0,0.4767504,0.0,2.4441068,0.18534175,0.10250665,1.3870666,1.1649463,0.0,0.3120646,1,2012
1.8457756,1.306516,0.63713306,0.5015196,0.69901866,1.2373409,0.0,0.6084794,0.0,0.11498892,0.8746828,2.534626,0.11049563,0.11504316,0.0,0.0,0,2012
0.6802656,1.186079,1.0502415,0.91146636,2.1171267,1.1708901,1.8633972,0.11977744,1.1283514,1.5875479,0.7695721,0.0,1.5412253,0.0,0.0,0.23537803,2,2012
1.1947303,0.8074012,1.7491863,0.2839949,0.89960074,0.38567334,0.06620593,1.1536896,3.2565944,2.144913,0.0,2.270154,2.9645274,0.33733884,0.0,0.13522834,2,2012
1.0530936,0.9355229,0.0,1.070449,0.0,0.73049486,0.0,0.8777792,0.0,0.43660137,1.2582595,0.0,0.0,1.742162,1.88872,0.6485858,0,2012
0.76681066,1.634135,1.6596117,1.6092079,1.5451132,1.2799944,0.0,1.9586787,0.0,0.81975025,0.12878686,0.0,1.9515579,0.9553274,0.0,0.0,2,2012
1.6898596,0.0901463,0.0,0.8668265,0.0,1.0204328,0.0,0.73515254,0.0,1.6551774,0.70542246,0.0,0.0,2.2174475,1.8010329,0.7500959,0,2012
1.1983339,1.6202271,0.88269013,1.4514542,0.53076786,0.5125196,0.0,1.5941129,0.0,0.033213317,0.52462447,0.0,0.30217686,0.9356402,0.0,0.4646853,0,2012
1.215721,0.15006119,1.591656,0.44816664,1.0297018,0.8333115,4.317731,1.0620486,3.347491,1.9699028,0.66038877,0.0,0.9273554,0.880186,0.29789007,0.13830554,2,2012
0.8855385,0.6412698,0.90805227,0.68082815,0.0,0.089799345,0.0,1.1155171,0.0,0.0,2.1970282,0.0,0.0,2.4459765,2.72289,0.36980146,1,2012
1.2757996,1.8587093,1.8027287,1.3151822,0.0,0.0,0.0,1.6534753,0.0,1.8658206,1.7673888,0.0,0.0,2.1998217,3.9877014,0.603236,0,2012
2.1625218,1.1660883,1.5127625,0.12435806,0.9106004,1.2430977,0.0,0.0,0.0,2.6498938,0.80413234,0.6705412,0.0,0.12295395,0.100629054,0.8115758,0,2012
1.046213,0.7895958,1.9894718,0.44420952,0.3643186,0.7433958,5.1240544,1.2873625,3.66501,0.0,0.15435275,0.0,0.46434838,2.374804,0.0,0.8670092,2,2012
0.91667396,0.25456768,0.04914558,0.9639933,0.871631,0.038157225,0.0,0.09814012,3.335998,1.6021345,0.023283899,2.6227863,3.1486108,0.5386929,0.0,0.71415466,0,2012
0.6672771,1.0761724,1.8324635,1.4476824,1.7446909,1.1068118,1.5187835,1.3665922,0.99650586,2.114838,0.0,0.0,2.8064282,0.667993,0.0,0.1585021,2,2012
1.8143183,0.51802075,0.73061025,1.5203788,0.5271039,0.47505444,0.0,0.15721864,0.0,0.65340763,1.3385458,5.256599,1.2147508,1.164206,0.0,0.3189329,0,2012
0.17096514,1.2087522,0.5139266,1.3072631,0.29548982,0.09187192,0.0,1.5884091,0.0,0.6804453,1.2524067,0.09280371,0.7616515,0.98103577,0.18290529,0.025360703,0,2012
0.042329133,0.0616045,0.62220603,1.339844,0.08656037,1.2531612,0.0,0.3634814,0.0,2.3495471,1.452058,0.0,0.0,2.162898,2.9939547,0.013628066,0,2012
0.86462575,1.55569,2.1155734,1.2176065,1.0686897,1.2961075,3.0715451,0.48882425,2.1048813,0.0,0.0,0.0,1.4336163,0.54941416,0.0,0.65138525,2,2012
1.148556,1.4358889,0.6772886,1.1049677,0.6191715,0.8458016,0.0,1.3611939,0.0,0.030229688,0.55201274,0.0,0.2817321,0.7818037,0.0,0.14778423,2,2012
1.4131744,0.831723,1.4224982,0.4429794,1.0580335,0.8930331,0.0,1.4880879,0.0,2.2346926,0.0,0.41752726,1.2044314,0.2706467,0.0,0.0,1,2012
1.2238386,0.39389148,0.7714658,0.5201466,1.0524389,1.9141103,3.724662,0.07637888,2.2805917,0.28712213,0.37278724,0.0,0.67971,0.9220936,0.0,0.3168226,2,2012
0.7194725,1.2994912,1.3561113,0.58277327,1.0002344,0.61425567,0.0,1.0722419,0.0,1.1787457,0.69247305,0.56001365,1.0865484,0.6075793,0.0,0.0,0,2012
0.7256773,0.09051025,1.0242274,0.0,0.5947094,0.3701173,0.0,0.0,5.11061,2.4159603,0.0,5.53786,3.9968367,0.4411926,0.0,0.13865745,1,2012
0.05278361,1.604159,0.15576994,1.9002898,0.8563337,0.77425134,0.0,1.1065453,0.0,2.528845,0.29060853,0.0,0.5480579,0.7339064,0.0,0.6558754,2,2012
0.930238,0.10105431,0.45605916,0.4787188,0.38236985,0.4208786,0.0,0.18930358,0.0,2.3677657,1.1696447,0.0,0.0,1.6117247,0.838576,0.68315434,0,2012
1.3148897,0.71556926,0.007467091,0.0,0.0,0.18553293,0.0,0.8476578,0.0,2.563892,1.6524935,0.3683585,0.0,1.1544968,1.5435644,0.6394335,1,2012
1.5993032,0.053019345,0.9473162,1.0844824,1.358027,1.2840049,0.40323657,0.2729379,1.2191883,2.34711,0.0,1.1617947,2.5592632,0.4061445,0.0,0.30088776,2,2012
0.3151939,1.4142375,0.6866757,1.6222384,0.0,0.55363375,0.0,1.3177328,0.0,0.7809702,2.4077861,1.2608659,0.0,2.2836583,3.362939,0.006027758,0,2012
0.66981226,0.6396209,1.184111,0.6489337,0.0,0.0,0.0,1.3965969,0.0,1.9007373,1.0892268,0.0,0.0,2.2937188,1.8714302,0.44108352,1,2012
1.1857839,1.1381457,0.6410079,1.5804152,0.6589336,1.0301619,0.0,0.9154694,0.12678234,0.11303204,0.0,0.0,0.9208162,0.56324035,0.0,0.3900559,0,2012
0.8467456,1.0030614,1.3726403,0.64947456,0.58464646,1.0121984,0.0,0.886875,0.0,1.1708148,0.46867532,1.3787001,1.0180514,1.0163819,0.0,0.0,0,2012
0.52571476,0.8466165,0.64360577,0.4227795,0.4311317,0.44069812,0.0,0.83289725,0.0,2.2050002,1.3441889,3.4896746,0.61703205,0.62379646,0.0,0.0,2,2012
0.9966421,1.4343162,1.8199915,1.0145,1.4715462,1.2280006,2.351547,1.3532925,1.4974005,1.196322,0.023103356,0.0,2.3107622,1.1181736,0.0,0.26473653,2,2012
2.5736794,1.0070951,3.045464,0.84221137,1.5817578,1.2409931,0.3460555,2.742845,0.0,1.7753808,0.0,0.0,2.3753793,2.4813273,0.0,0.5998092,1,2012
2.0028768,0.4029658,1.1899616,0.80728257,1.167048,1.4505378,0.0,0.3362865,0.0,0.037835956,0.0805918,0.0,1.0897063,1.0944518,0.0,0.41614032,1,2012
0.8694662,1.1832519,1.2511451,0.83385015,1.5425792,1.6092482,3.1120167,1.4796739,1.7323415,2.4085467,0.0,0.0,1.7997353,0.5059127,0.0,0.048345387,2,2012
1.0623969,0.7303548,0.0,1.8100843,0.61758703,0.5342324,0.0,0.48391265,1.6948054,0.06763643,0.12813607,0.97740716,2.0768938,0.8353308,0.0,0.5236478,0,2012
1.182135,1.5062864,1.2678413,2.0353065,0.0,1.1584399,0.0,0.30032927,0.0,0.47223207,3.2464557,0.0,0.0,1.0897046,6.083767,0.12498182,0,2012
1.0932634,1.0690517,1.679849,0.27770373,1.8013278,0.98733485,1.2960399,0.25394505,0.32850456,2.4360354,0.57235444,0.0,0.92125225,0.06659371,0.0,0.28343576,2,2012
1.6695251,1.2514045,0.749328,1.1942775,0.8717356,1.0647502,0.0,0.48202065,0.0,0.11309707,0.1782206,0.0,0.5582474,0.5862143,0.0,0.4632526,1,2012
0.95107734,0.8714747,0.999507,0.0,0.0,0.45132807,0.0,0.0,0.0,2.390764,2.8208566,2.9339316,0.0,1.5581837,3.0067148,0.21912175,0,2012
0.67838037,0.61398363,2.227857,0.738157,1.0955464,1.006737,3.5555263,0.6745107,3.242475,1.9339039,0.59852076,0.0,2.5053167,1.2020841,0.0,0.18870527,2,2012
1.0817698,0.724241,0.5227736,0.7655314,0.35031068,0.17962533,0.0,0.099903405,0.0,1.5102508,0.83570224,0.023044638,0.09003818,1.7125616,0.05301079,1.0791674,2,2012
1.6352956,0.6263447,0.19151616,0.93358755,0.65466535,0.3549661,0.0,0.6824121,1.6171675,0.9184223,0.16230938,1.8736963,1.5081735,0.2731856,0.0,0.30784738,0,2012
0.34892043,1.2166675,1.4936869,1.4777112,1.8233813,1.1998634,1.9851178,0.91744316,0.88405144,2.2717373,0.04833913,0.0,2.7652524,0.80720377,0.0,0.27431357,0,2012
1.093063,0.46835226,0.085685015,0.46420562,0.12873143,0.961753,0.0,0.70633376,0.0,2.5220883,0.9746945,0.3147314,0.0,0.9984461,0.93325305,0.38888764,0,2012
1.1411703,0.0,0.63816166,0.9803486,1.1452469,0.5777154,0.0,0.0,2.5546122,2.2897985,0.0,2.955115,3.7929688,1.1265582,0.0,0.54904276,2,2012
1.7125361,0.23623699,0.97652155,0.23911992,0.0,0.31542778,0.0,1.012015,0.0,0.0,1.4704866,0.0,0.0,2.4593992,2.8809054,0.4515736,0,2012
1.4977299,1.8166784,2.0002775,1.1362664,0.0,0.39443707,0.0,0.7986879,0.0,0.72085553,2.680463,0.9103679,0.0,1.9836028,4.7196846,0.4694681,0,2012
1.1533349,1.2005928,0.6231668,1.2922091,1.334445,1.4660952,0.27334568,0.6688482,0.32577214,0.16592222,0.25766554,0.0,1.4283954,0.94195515,0.0,0.18807459,0,2012
1.9878885,1.5286324,1.0362748,1.3633883,0.89042294,1.4926715,0.0,1.5178475,0.77870035,0.2591948,0.0,0.0,1.1902981,0.3781337,0.0,0.33755684,0,2012
0.5476631,0.94825524,0.8780571,0.92554176,0.15572816,0.56442595,0.0,0.7929048,0.0,1.1296706,0.87807065,2.2990508,0.37935388,1.0571059,0.0104457885,0.0,2,2012
1.0606475,2.2303157,2.070608,1.1951234,1.631891,1.3556676,2.05582,2.3972979,1.4222312,1.303705,0.2550119,0.0,2.1158412,1.0076716,0.0,0.0,0,2012
0.5363488,0.46463215,1.9282033,0.56867456,0.4615934,0.81962466,0.0,0.8870725,0.22672978,1.8880463,0.0,1.8141656,2.0755453,1.2238538,0.0,0.0,0,2012
1.7487655,1.1574279,1.9477998,1.1456792,1.3490613,0.70357525,0.12270375,2.251612,0.0,1.9590092,0.0,0.0,2.0641208,2.4082108,0.0,0.8189856,0,2012
1.3256197,0.55228597,0.0,1.6361408,0.9306027,0.56872225,0.0,0.4872827,0.66039586,1.5671003,0.54522425,1.0259283,1.5673404,0.11858702,0.0,0.44996348,2,2012
1.2423801,0.8063149,0.9859301,0.87118447,0.0,0.028645396,0.0,1.0882032,0.0,0.0,0.6261746,0.1638654,0.97744286,2.0835617,0.49629682,0.73602116,1,2012
0.811605,0.6751877,2.0108337,0.70627356,0.4628235,0.47300145,0.0,0.14215732,0.0,1.9604311,2.4771047,6.5835876,0.9944777,1.7923017,0.0,0.0,0,2012
0.95193934,1.7068516,0.6952337,1.8329694,0.054051638,0.57073915,0.0,0.8762903,0.0,0.17678863,0.0,0.0,0.0,0.8236163,0.0030500293,0.8447593,1,2012
0.7337916,0.2982857,1.3302298,0.27832317,0.76159936,1.1539626,5.270656,0.8577225,3.9559548,2.1048121,0.6410748,0.0,1.3365402,1.8304441,0.30438218,0.27374136,1,2012
1.0089383,0.78841484,0.5814823,1.713407,0.83221745,0.24443483,0.0,0.7861784,2.4243805,0.96272296,0.0,0.98573816,3.070281,0.77029157,0.0,0.8220818,2,2012
0.48484695,1.6368003,1.0025065,1.0220068,1.7042884,0.9245179,2.4369636,0.9309473,1.6075349,2.4578667,0.174723,0.0,1.8113267,0.12918258,0.0,0.316765,2,2012
0.42620036,1.5144901,2.086504,1.3837943,0.3696859,1.1451958,0.0,1.1083027,0.0,2.1962268,0.0,0.0,0.0,0.2834186,0.8496382,0.12926215,0,2012
0.746196,1.0654167,1.0942792,0.9855987,0.73533523,1.6521239,4.131091,0.95510346,3.6951368,0.061266482,0.36260125,0.0,1.356153,1.1987247,0.0,0.27163124,2,2012
1.2552041,0.6079508,0.51779985,0.4077679,0.0,0.9142393,0.0,0.48953274,0.0,2.4466798,1.0534364,0.82128763,0.0,1.740279,2.4310887,0.5077824,0,2012
1.2950709,0.9507709,0.84750515,1.5298505,0.83958656,0.42702433,0.0,0.26876724,0.0,2.1662638,2.6875956,8.522179,2.0369396,0.8024639,0.0,0.0,2,2012
1.1589199,0.53646785,0.4027757,1.0725064,0.36838484,0.23711115,0.0,0.75894785,2.8277955,0.0,0.0,1.8082814,2.3643076,1.1631312,0.0,0.44450372,1,2012
1.0600412,1.1141337,1.9045327,0.56785333,1.3550423,0.91087943,2.844983,1.2743504,2.2499092,2.1194985,0.13097537,0.0,1.7413313,0.5307466,0.0,0.2106762,2,2012
1.5671828,0.26145968,0.34610045,1.1177157,0.0,0.98296154,0.0,0.649716,0.0,0.0639537,0.1477803,0.0,0.49202132,2.1392002,0.41961923,0.7467201,0,2012
1.0479126,0.78802586,1.880559,0.8380553,1.8831195,1.4749291,3.0740685,0.86599374,1.1710914,2.1080408,0.3047372,0.0,2.5982985,1.4959004,0.0,0.3212716,2,2012
0.0,0.44037822,1.5131092,2.0537846,0.0,0.7201961,0.0,0.8349359,0.0,1.1863606,1.5032687,0.0,0.0,1.8321629,4.531982,0.0735355,0,2012
1.343762,1.1573794,1.5441649,1.6777604,0.23608717,0.4204956,0.0,1.0779572,0.0,1.2047286,0.0,0.24558333,0.47331357,0.6332297,0.0,0.70998454,2,2012
1.70746,1.3852248,0.31417644,1.2189138,0.7630693,0.9348827,0.0,0.85366595,0.6759207,0.0,0.41525835,0.8768808,0.76767015,0.05871278,0.0,0.0,2,2012
0.2747792,0.9805415,0.42588878,1.2916298,1.5588083,0.89526737,4.401988,0.47713417,2.538319,2.3174887,0.93912965,0.0,1.2888107,0.6283859,0.0,0.3274985,1,2012
1.5997219,0.34860036,1.6752994,0.94118476,1.4017309,1.532853,0.015342429,0.2106387,0.0,2.5008516,0.0,0.0,1.1893886,1.1792586,0.0,0.61758894,1,2012
0.9368894,0.23529008,0.33779544,0.0,1.3244948,0.32316762,0.06356069,0.5191337,3.5797052,2.3753376,0.75457245,2.7371407,3.3609579,0.7624307,0.0,0.08892983,2,2012
0.65009564,0.61748177,0.51808864,0.7936563,0.0,0.54741836,0.0,1.1461867,0.0,2.3497293,1.3545258,0.0,0.0,1.5694718,2.9595761,0.38491023,1,2012
1.8070526,0.28211877,2.2150464,0.0,0.0,0.533937,0.0,1.137465,0.0,1.6307187,2.246926,4.406211,0.0,2.7840564,3.4018023,0.0,1,2012
1.5441039,0.8393337,2.1520762,1.9458728,0.0,1.2175161,0.0,0.99052465,0.0,2.104198,2.389381,0.0,0.0,2.1574817,7.014671,0.013871312,0,2012
1.0100493,1.1460822,0.17817903,0.4143547,1.0811718,1.1273707,0.0,0.16622633,0.0,1.7575705,1.2574193,0.950697,0.02706325,0.38300788,0.0,0.1790815,1,2012
0.37806532,0.5418847,1.2921033,1.13637,1.4965038,1.1040014,0.14760852,0.0,0.27531272,2.3599153,0.42669123,0.7985075,2.511676,0.709268,0.0,0.27958542,1,2012
1.2963648,0.8458541,0.90840924,0.3954133,1.0691575,1.2726148,4.389594,1.0359662,2.152422,1.3559356,0.35211015,0.0,1.4027569,2.4889686,0.0,0.5649891,1,2012
1.2785475,0.4123765,1.1414987,0.4238044,0.0,1.0322466,0.0,0.72712463,0.0,0.9200699,2.1291804,0.7169301,0.0,2.615315,4.198154,0.0,1,2012
0.5185982,2.168487,0.41535652,1.3268249,1.7209089,0.93544286,2.5135221,0.9638566,2.2996488,0.20096982,0.85751176,0.0,1.2533236,0.29147565,0.0,0.13333952,2,2012
1.3882561,1.35325,0.82674503,0.6408297,0.7325976,0.17805934,0.0,0.3632046,0.0,0.0,1.5382955,2.2982898,0.30187392,0.46646738,0.0,0.32859427,1,2012
1.8304518,0.0,1.2497663,0.0,0.08441079,0.91125673,0.0,1.1563681,0.0,2.0853999,0.26240706,0.0,0.0,2.4022949,0.574883,0.5514386,0,2012
1.5226171,0.44186667,0.46707204,0.56313974,0.0,0.5840478,0.0,0.50418144,0.0,0.11233199,1.8718483,0.5932485,0.0,2.3557754,3.4243944,0.52493584,0,2012
1.0266101,0.5073105,0.65922844,0.0,0.61460996,0.24259603,0.0,0.28237575,4.2877307,1.0358646,0.0,3.9633837,3.066601,0.64244276,0.0,0.31053376,1,2012
0.24921656,0.08763528,0.41739696,1.0576665,0.0,0.6567404,0.0,0.20004684,0.0,2.3416739,1.5696616,0.0,0.0,2.323582,2.729923,0.558161,2,2012
1.8987166,0.8525274,2.2226808,1.1966276,0.0,1.8361346,0.0,0.629695,0.0,2.2670622,3.471608,0.68405473,0.0,1.7678616,8.0230055,0.0,2,2012
1.5348878,1.348145,0.51408094,1.440145,0.94239736,1.3680496,0.0,0.74893945,0.5250486,0.3276298,0.0,0.0,0.8524213,0.03604269,0.0,0.40600073,1,2012
0.9178755,1.5488822,0.7228999,0.23494452,0.15582722,0.99614954,0.0,1.1585793,0.0,1.7673036,0.20468938,0.0,0.0,0.65443146,0.114266776,0.32505375,1,2012
0.6630659,2.563507,0.997907,1.3805046,1.61292,0.64818347,2.6754324,1.6113337,3.1429434,0.16543674,0.9315335,0.0,1.4155235,0.52829134,0.0,0.21958166,1,2012
1.2075927,0.42684773,0.98589694,0.7323042,1.4585109,1.2616277,4.2003546,0.6878847,2.2756016,2.1053686,0.4479174,0.0,2.5739157,2.298019,0.0,0.64044374,0,2012
0.8426418,1.2023101,0.912409,0.76544875,1.7677634,1.018068,0.19069903,0.0,0.0,1.6608984,0.78662616,0.0,0.8615967,0.09033388,0.0,0.2761727,2,2012
1.6201937,1.080803,0.8557835,0.99771523,0.4624115,0.8680688,0.0,0.48743436,0.0,0.18417233,0.19859228,0.0,0.0,1.3263142,0.0,0.78322303,2,2012
1.2914603,0.07931262,0.2996118,2.4083781,1.6935102,0.5065509,0.0,0.06185907,0.0,1.4877951,0.5266707,0.0,2.0440953,0.869533,0.0,0.8892561,2,2012
0.17753392,1.006772,1.5522131,1.571274,2.0459437,0.7153717,2.2942128,0.3396278,1.1155083,2.0366619,0.9281713,0.0,2.7551641,0.868686,0.0,0.3477847,0,2012
1.6606145,1.0163721,1.1526942,0.8436949,0.62266666,0.8444302,0.0,1.247837,1.5767555,0.0,0.13008872,0.9544978,1.5895491,1.0382614,0.0,0.09269345,2,2012
1.2089996,0.87443566,0.6430826,0.6427488,1.4124498,1.0936017,3.3476543,0.6463157,2.904452,0.9959644,0.8595358,0.0,1.0866308,0.7883657,0.0,0.16505736,2,2012
0.4800752,2.0136056,1.9886918,2.3818893,0.693251,1.0868027,0.0,0.6285311,0.0,2.4030313,0.0,0.0,0.6571946,0.0,0.483261,0.69182956,0,2012
1.1394652,0.6281245,1.4958398,1.2185497,0.0,0.92780447,0.0,0.56929195,0.0,1.3488286,0.5939322,0.0,0.0,2.2152348,3.046803,0.597159,0,2012
1.4743804,1.3548062,1.501414,1.3084264,1.4283311,0.82963425,0.22752294,1.9639721,0.0679872,2.177469,0.0,0.0,1.9613104,0.93093973,0.0,0.27005482,2,2012
1.1275328,0.4559613,1.1740752,0.0,0.0,0.54713935,0.0,0.96578884,0.0,2.1061194,1.0745267,2.4543555,0.0,1.2136371,0.79437155,0.028472126,2,2012
0.49601567,1.9959828,2.3185759,1.0833663,1.7917955,0.44423357,3.0821033,1.5020897,1.6768138,1.8714592,0.5845568,0.0,2.47777,1.6117622,0.0,0.43579018,0,2012
1.0638936,0.4146901,1.6148019,0.6472714,0.21667838,1.0821372,0.0,0.16107136,0.0,2.3843472,0.23014215,0.0,0.0,1.2151092,1.0269723,0.57519317,0,2012
1.14469,0.5395336,1.3042599,1.0535512,1.4103658,1.1866872,0.0,0.9408102,0.0,2.367435,0.0,0.0,1.3728104,0.41537735,0.0,0.09036994,1,2012
1.6357907,0.7198708,0.79031533,1.6737032,1.4783506,0.74647933,0.49136883,1.3865498,0.44215363,2.27591,0.0,0.0,1.8004785,0.51462865,0.0,0.5074663,0,2012
0.9973121,0.98518646,1.6546714,1.4994245,0.0,0.25026828,0.0,2.0118265,0.0,1.8432732,0.0,0.0,0.056185067,2.421825,1.7828094,0.7791448,0,2012
1.7087123,0.0,1.4090296,1.1325748,0.0,1.0378397,0.0,0.7258206,0.0,1.094216,0.0,0.0,0.3327071,3.3408618,1.4093924,1.1748462,1,2012
1.3239269,1.1087329,2.2478225,2.6224387,0.0,2.1310678,0.0,1.0939243,0.0,2.1180162,1.3109258,0.034643687,0.0,2.3667076,7.1278973,0.0,0,2012
1.3841853,0.5859982,1.7344611,0.117961764,0.0,0.91940206,0.0,0.0,0.0,0.92972803,2.047336,0.92075115,0.0,1.7471957,4.220854,0.17933059,1,2012
1.7520475,1.2706441,1.0802552,0.806566,0.95993423,0.84118503,0.0,1.4822199,0.0,0.0,0.6047686,0.0,0.6309219,0.86408144,0.0,0.228989,2,2012
1.5305195,1.099052,0.47624233,1.1183366,0.023778677,0.23067492,0.0,0.0,0.0,0.3146556,1.4479306,3.5552049,0.0,0.45333824,0.22827111,0.91751224,0,2012
0.67339337,1.7007967,0.7169288,1.2285366,2.0584416,0.89530736,2.1745605,0.23925442,2.0890462,0.17314506,1.1689861,0.0,1.0427125,0.0,0.0,0.20444721,0,2012
1.0395505,0.33318752,0.52891225,0.530974,1.1259391,1.1778362,5.2941985,1.5162871,3.438582,2.097682,0.40419972,0.0,1.8066967,2.3674927,0.0,0.44126546,2,2012
0.88317966,1.1493801,0.42550385,0.65286106,1.7767295,0.5035869,3.3505447,0.7766451,2.9880745,2.299775,1.1268723,0.0,1.5997076,0.6367477,0.0,0.21517634,0,2012
0.8134323,1.2332991,1.7987365,0.48140436,0.0,0.86924773,0.0,2.3569183,0.0,2.1004717,0.0,0.0,0.0,1.7157466,0.5328833,0.048169434,1,2012
0.8778379,0.4728287,1.4705766,1.3619998,1.3535101,1.2670379,0.0,1.2671272,0.0,2.0796041,0.012618244,0.0,2.2414944,1.8795769,0.0,0.13068634,0,2012
0.75335103,1.59446,0.672819,0.800558,1.5381708,1.360631,3.2171729,0.27004617,1.8933182,0.3411583,1.0239253,0.0,0.49178484,0.63046306,0.0,0.14203858,1,2012
0.7002678,0.82734275,0.24946618,0.28314465,0.22903195,0.3941903,0.0,0.20652169,3.6831548,0.22059047,0.0,3.3332725,1.9925578,0.14304572,0.0,0.22261757,0,2012
1.0903097,1.6454451,0.7756572,0.45694143,0.83163977,0.5278696,0.0,0.9203327,0.0,1.0843874,0.7817836,0.0,0.0,0.22674012,0.0,0.28970265,2,2012
1.0817161,0.6996049,0.61551213,1.471683,0.8819404,1.1186714,0.0,0.23233318,0.0,0.20788807,0.19723073,0.0,0.89850867,1.3062003,0.0,0.67136973,0,2012
1.0008851,1.3303275,0.33718383,1.8123338,1.5274136,0.4931931,0.0,0.73711646,0.13068081,0.982761,0.5727903,0.0,1.4298586,0.43052012,0.0,0.48487034,2,2012
1.1293714,1.4587283,2.0041378,0.9075533,1.7686869,0.4058562,0.90077716,1.4313782,0.0,1.9531155,0.24679375,0.0,2.3326826,1.9783554,0.0,0.507693,2,2012
0.6789641,0.8294533,1.5027158,1.2637293,0.77330106,0.61953866,0.0,0.56180763,0.0,2.3237927,0.13620198,0.0,0.21824527,0.49674934,0.27489728,0.5325239,0,2012
1.2638096,1.7185603,1.0587379,1.5486467,1.8727797,0.8341917,2.4959962,2.4171681,1.4662223,1.9782183,0.26458,0.0,2.8224323,1.8451815,0.0,0.43600172,0,2012
1.8719852,0.0,0.604519,1.3756683,0.0,1.2923453,0.0,0.5040821,0.0,1.5104387,0.21960402,0.0,0.0,1.7028188,3.2560601,1.021369,0,2012
0.9183786,2.0719469,0.6052218,0.8937257,2.3372498,1.4828439,1.7348064,1.135024,1.8886695,0.28153217,0.93334824,0.0,1.4562912,0.0,0.0,0.0,1,2012
1.0933391,0.8190235,1.8323965,0.7635118,0.0,1.0227189,0.0,0.5947151,0.0,2.2430193,1.6331801,1.3713152,0.0,1.8425024,4.8556514,0.15333438,0,2012
0.699142,1.1609468,0.016937315,1.3756089,1.6319766,0.79853,2.7995722,0.4952829,2.6240544,1.0295542,1.0734,0.0,1.3367655,0.17140049,0.0,0.1277197,2,2012
1.6869736,1.0712148,0.5361325,0.5069656,0.16770607,0.46428475,0.0,0.66843253,0.0,0.038686633,0.9244806,1.25102,0.0,0.3678067,0.0,0.43636197,1,2012
1.5636911,0.34579605,0.9564404,1.1020404,1.9337932,0.8734515,0.19950277,0.9503203,0.0,2.189095,0.63943034,0.0,2.0634758,1.1871188,0.0,0.2754494,2,2012
1.4254911,0.7659599,0.5719354,0.32483274,2.0804753,0.9307701,2.6087234,0.46910244,1.5998917,2.2686403,1.4661729,0.0,1.1620018,0.68146414,0.0,0.056136608,1,2012
1.0232347,0.5295033,0.3812676,0.9026561,0.7743563,0.84611183,0.0,0.29242384,0.0,1.6813402,0.55343467,0.0,0.24119344,1.0975701,0.0,0.62490237,1,2012
1.2611905,0.86237156,0.20865917,1.0313876,0.7068062,1.003349,0.0,0.7052842,0.0,0.2922927,0.45327055,0.0,0.0,0.55016184,0.0,0.36396247,0,2012
0.08857602,0.5990814,1.8737009,1.2697992,0.0,0.4405939,0.0,1.4677026,0.0,1.7647153,0.6183875,0.0,0.0,2.639082,2.9240563,0.05980748,0,2012
2.1616116,2.0870762,3.6561449,1.9378948,0.0,1.3267156,0.0,1.2300026,0.0,1.9305274,0.3118508,0.0,0.0,1.3114002,5.1316056,0.46574536,0,2012
0.6909841,1.5260906,1.2695291,0.925644,0.6526275,0.94001186,0.0,0.4723688,0.0,0.02657932,0.25897372,0.0,0.0,0.3960533,0.0,0.19104618,0,2012
0.9816818,0.7015784,0.63577497,0.72168475,0.75354093,1.1972164,0.0,0.0,0.0,0.04558021,0.8176613,0.5083754,0.39456514,1.0201803,0.0,0.041397393,2,2012
1.6726623,1.6349084,2.1057174,1.5861008,1.0439668,1.156212,0.0,2.2644517,0.0,1.2518249,0.0,0.0,1.9153423,1.4859816,0.0,0.36184472,2,2012
1.5756396,1.0085937,1.3788838,1.3688219,1.023917,0.86847377,0.0,0.8654952,0.0,0.0,0.062293887,0.0,1.0480556,1.2492422,0.0,0.5186627,2,2012
0.91438824,0.7956594,1.2562963,1.2088397,1.3127216,1.3516895,1.4207094,0.5925214,2.3854518,2.312842,0.0,1.0887179,3.7218485,1.3096628,0.0,0.28838545,1,2012
1.3619237,0.86307716,2.0299327,1.0116807,1.5820122,0.6496973,0.0813471,0.8719977,0.0,2.0452704,0.115246266,0.0,2.219776,2.3252697,0.0,0.770106,1,2012
0.45279834,1.5221424,0.8755865,1.164984,0.9027542,0.1869604,0.0,0.7935771,0.0,2.5037603,0.45725524,0.0,0.16885653,0.09842855,0.0,0.638667,0,2012
1.2303979,0.6977535,1.1021731,1.2087386,1.2023998,0.75961757,0.0,1.5881324,0.0,2.1766922,0.061036468,0.0,1.5153828,1.8077908,0.0,0.4552175,1,2012
2.326006,0.554044,0.54293805,1.538188,0.77978486,0.7225963,0.0,0.36360317,0.0,0.0,0.33507738,0.6429223,1.1496677,0.7406345,0.0,0.6949178,0,2012
1.6078565,0.13342953,0.94017303,0.25762793,0.65094644,0.6196722,0.0,0.5243724,0.0,2.3402445,0.29059735,0.62210363,0.87417984,1.1612751,0.0,0.68938106,2,2012
0.5534711,1.6659659,1.100467,1.0270603,2.3077884,0.5507003,1.4991618,1.4334476,0.8973198,2.2251127,0.845524,0.0,1.8499041,0.36193764,0.0,0.0,0,2012
1.5141764,0.0,0.4679205,1.0446304,0.8177977,1.1184549,0.0,0.0056735873,0.0,1.5581019,0.50904644,0.00961975,0.7586465,1.3313892,0.0,0.63563144,0,2012
1.6475608,0.7924383,1.179663,0.48639858,0.27229938,0.981033,0.0,1.0052705,0.0,2.4704862,0.12181109,0.0,0.0,0.0,0.72282195,0.55467725,0,2012
0.93435556,1.4518791,1.3275548,0.0,2.253354,1.0418367,1.1883075,0.32503128,0.72325283,2.4732919,1.4416662,0.0,0.58964103,0.0,0.0,0.0,2,2012
1.3528297,1.0510828,0.45549646,1.015541,0.6701296,1.0433797,0.0,1.0396551,0.0,0.18185425,0.44285664,0.0,0.0,0.769734,0.0,0.2593118,2,2012
0.93676114,0.21341386,1.9986802,1.0382367,0.0,1.3474873,0.0,1.4605235,0.0,1.8828406,0.0,0.0,0.33413106,2.623288,1.0846106,0.28752774,0,2012
1.5582367,0.7653788,0.81543636,1.3536882,1.5636995,1.3904487,3.242581,1.466521,1.8480084,2.1694832,0.0,0.0,2.863684,1.9922864,0.0,0.5118679,2,2012
1.6877947,1.4597454,0.12802988,1.341278,1.0809155,0.4365967,0.0,1.0548908,0.42282024,0.6598878,0.38810718,0.0,0.8228009,0.22737873,0.0,0.6428571,2,2012
0.537323,0.5264377,1.6337366,0.83100843,0.0,0.3609442,0.0,0.7827039,0.0,1.9033959,1.1058424,1.2722206,0.0,2.0555904,3.2706254,0.28064346,0,2012
1.689951,2.5973473,3.7131805,2.730749,0.0,1.8084619,0.0,0.8148266,0.0,2.0827823,1.9162843,0.0,0.0,0.4561287,7.7641997,0.0,0,2012
0.3775467,1.236094,0.81163204,0.8415836,0.0,0.5442127,0.0,0.0,0.0,0.6973414,0.9810252,0.58522874,0.0,0.6676815,1.1611828,0.51166505,1,2012
1.1943713,1.1364847,0.9024751,1.3778456,1.1572794,0.8437175,0.0,0.29784304,2.1480436,0.0,0.0,0.70517904,2.6491654,1.0092754,0.0,0.4622156,2,2012
2.146762,0.0024346113,1.4587778,1.4264302,1.2770185,1.3300204,0.0,0.3403985,0.0,1.4026904,0.0,0.0,2.0509057,1.924953,0.0,0.8732273,0,2012
1.0286433,1.1784059,0.89614123,1.03495,2.0406704,0.5028107,0.4598384,0.854922,0.3218994,2.1763895,1.2658155,0.47829401,1.902622,0.52069855,0.0,0.05662608,1,2012
1.5188727,0.87298644,0.7709433,1.2816359,1.3958101,0.45501304,0.07848534,1.2076806,0.0,2.3379385,0.11555016,0.0,1.2963955,1.2270414,0.0,0.73619616,0,2012
1.0789645,1.2512451,1.0639629,0.69961846,1.5653987,1.4054303,3.8361752,0.0,1.7543368,0.0,1.1453116,0.0,1.1143434,1.8518956,0.0,0.5070616,2,2012
1.1397052,1.7260646,1.4457815,1.5410779,0.737038,0.6707765,0.0,1.3627337,0.74447614,0.0,0.12702188,0.0,1.4435482,1.0707902,0.0,0.32129842,0,2012
1.2696732,0.83906025,0.5571149,1.0954525,1.3535206,0.6878306,0.0,1.1793773,0.0,2.2745097,0.5060428,0.15893492,1.5444295,0.8348653,0.0,0.14148515,1,2012
1.0961697,1.045407,2.6347122,0.84790623,0.9993373,0.85994834,0.0,2.1659946,0.0,1.8545127,0.0,0.0,1.9282401,2.2812998,0.0,0.21734077,2,2012
2.0872045,2.3148847,3.9588351,3.005124,0.0,2.3851175,0.0,0.2743011,0.0,1.8340497,3.1277115,2.0069847,0.0,0.65675074,9.008462,0.0,0,2012
1.4000064,0.62278646,1.138943,1.272356,1.1237681,1.826502,0.43823916,0.021773279,3.068249,0.19930708,0.0,1.7616125,3.7675366,1.4297836,0.0,0.46844462,1,2012
1.1136777,1.5964923,0.9882152,1.3468976,0.8519146,0.81197906,0.0,1.7295886,0.0,0.0,0.6153633,0.0,0.6201925,1.0809156,0.0,0.14267516,0,2012
0.9752142,0.748522,0.5284509,0.78780913,2.3279355,1.6603334,1.961167,0.0,0.7273164,1.7057848,1.2437651,0.0,1.6848783,0.52542377,0.0,0.25567764,0,2012
1.8904297,1.4831538,0.5651487,0.84615624,1.6555047,0.65311474,0.0,0.99611026,0.3974103,0.0,0.92922515,0.0,1.1180935,0.9046471,0.0,0.35300708,2,2012
0.37311184,0.5678462,0.61179876,0.19724107,0.3391578,0.8535731,0.0,0.030326366,0.0,1.1398755,1.1806378,0.08524734,0.0,0.9764165,0.5194962,0.14647317,0,2012
1.7369461,0.8774656,1.2521607,1.5525136,0.6476201,0.8168185,0.0,0.6281816,0.0,1.938818,0.0,0.0,0.62093073,1.2314763,0.0,1.0544753,1,2012
0.8819736,1.0823402,1.780226,1.7440395,1.4557867,1.3707637,0.95887786,1.011195,0.0,2.2887273,0.0,0.0,2.3729303,1.6914518,0.0,0.5641377,2,2012
1.557195,0.5036071,2.151126,1.5495764,1.1372194,0.64366084,0.0,1.6345727,0.35195076,1.8640897,0.0,0.0,2.713547,1.2648017,0.0,0.5059762,0,2012
1.7473778,1.2866127,0.5803746,0.6668636,0.63189703,0.029557586,0.0,0.9957721,2.9226336,0.085142076,0.21558955,1.6457537,1.7157443,0.33117625,0.0,0.66332805,0,2012
1.2543831,0.0,1.0694305,1.3204806,0.0,0.66121316,0.0,1.1381594,0.0,1.1171141,0.0,0.0,0.0,2.430311,1.8054906,0.9232215,0,2012
1.5419853,0.9168001,1.0991318,0.2617082,2.2804568,0.36529702,0.63739514,1.3547374,0.58252126,2.0768793,1.2358699,0.0,1.6059117,0.799959,0.0,0.19309229,0,2012
0.6362828,1.2129794,1.0574559,0.70176893,2.077467,1.0987927,1.692583,0.45945847,0.99667776,2.411979,1.149635,0.0,1.2470846,0.0,0.0,0.0,0,2012
1.7197181,0.7651423,0.68487597,0.9644672,0.8143338,0.8830656,0.0,0.86159205,0.5567425,0.92849255,0.045437455,0.5843216,1.2241979,0.34059864,0.0,0.24581474,2,2012
0.78472847,2.0114622,1.4252309,1.5106523,0.0,0.0,0.0,1.8985114,0.0,1.6117815,1.8080499,0.0,0.0,0.007001281,3.9326332,0.5721359,0,2012
0.6237173,0.876519,1.1014049,1.235122,0.23649728,0.71194756,0.0,0.0,0.0,0.0933069,0.27417973,0.08080231,0.0,0.5706104,0.112015486,0.5632838,1,2012
0.8746567,2.0361335,0.5867773,1.2472539,1.7594646,0.88669217,3.432286,1.356899,2.4607282,0.0,0.7971072,0.0,2.1209595,2.0038178,0.0,0.5012581,0,2012
0.34586972,0.33006066,0.0,0.72868705,0.2467395,0.4285111,0.0,0.58972883,0.0,2.5129092,1.5623341,0.0,0.0,1.2470062,1.294483,0.48713815,0,2012
1.32467,0.69906145,1.9020625,1.7840161,0.29492483,1.322628,0.0,1.9385121,0.0,2.066537,0.0,0.0,1.7481527,2.1337383,0.0,0.680941,0,2012
1.3313286,1.2952929,0.674731,1.219708,0.39740187,1.1369549,0.0,1.1654447,0.0,0.22294593,0.0,0.0,0.31024766,1.3445694,0.0,0.55827886,2,2012
1.4212029,1.9138058,1.289819,1.1160489,1.6499442,0.39680505,0.42693555,1.910773,1.095141,1.1765407,0.67251164,0.0,2.0936832,1.1012298,0.0,0.25563252,1,2012
1.7468126,1.5475734,0.87188315,1.4542336,0.0,0.78111166,0.0,1.2944267,0.0,0.24279696,0.0,0.0,0.0,0.7250695,0.18712659,0.71864843,0,2012
0.92524624,0.9670054,0.9472273,0.53966063,0.47650683,1.0594326,4.975539,1.5449877,4.9207373,0.5810878,0.577263,0.0,2.6710608,3.5271668,0.0,0.46002942,2,2012
2.002308,0.21562797,0.7705398,1.1529067,1.4168371,0.8950125,0.0,0.9670541,0.0,2.2812183,0.1053223,0.0,2.0909276,1.8675144,0.0,0.6839819,0,2012
0.9260054,2.1132302,2.3587823,1.0576811,1.79779,0.66723096,1.4898313,2.4905229,0.67967767,1.9182601,0.38746342,0.0,2.3183162,1.2844155,0.0,0.08184534,2,2012
0.40332714,0.5062938,1.8547037,0.5847287,0.84841883,0.9678998,0.0,0.0,0.0,2.4697049,0.36056995,0.0,0.003672421,0.15589309,0.37479633,0.36994696,0,2012
1.6072428,0.6286004,1.0583159,0.96018165,1.5895557,1.6200302,2.5245535,0.0,1.9856079,0.0,0.64387715,0.0,2.0926821,1.1836021,0.0,0.44736284,0,2012
0.7483733,0.728195,1.1428547,1.9632344,0.0,1.1276704,0.0,0.7862228,0.0,1.3684409,0.0,0.0,0.0,1.8241868,1.9202319,0.79249907,1,2012
0.59972525,1.1407558,0.20991969,1.0841254,0.0,0.82519996,0.0,0.21816868,0.0,2.7408226,1.8377848,0.0,0.0,0.84132856,3.0553021,0.68538415,0,2012
1.8452326,0.43564308,2.1249037,1.0197266,0.8070201,0.97610086,0.07606032,1.6314104,0.28274855,1.8998702,0.0,0.3666358,2.1524,1.3614833,0.0,0.21828908,0,2012
1.2961454,0.55309737,0.6670482,0.3912582,0.81837404,0.51216775,0.0,1.4367154,0.0,2.2993553,0.5035624,0.0,0.2973142,1.3770201,0.0,0.4107942,1,2012
0.03624332,0.627666,1.2942444,1.5138624,0.0,0.29951972,0.0,1.4578917,0.0,2.0505688,0.61360633,0.0,0.0,1.8455846,2.9938061,0.30649346,2,2012
0.5592419,0.8253585,1.1125637,1.0589582,0.3900647,1.0585817,0.0,0.0,0.0,0.0,1.1481504,2.8016613,0.27079752,0.94275665,0.0,0.09798801,0,2012
0.8993423,2.3480084,0.77072567,0.84741104,1.897302,0.7243301,3.5454798,2.0222387,2.415859,1.2386088,1.0286254,0.0,1.8947027,1.8792624,0.0,0.16467595,1,2012
0.9806855,2.3396108,1.268662,0.89294916,0.5038031,0.44888473,0.0,1.5301914,0.1623056,0.25971508,0.7754142,0.0,0.0,0.0,0.0,0.27538264,0,2012
1.5859364,0.484636,0.82871985,0.61227685,1.3409635,1.695925,0.0,0.0,0.0,0.43762124,0.61644405,0.0,0.054110527,0.48067158,0.0,0.41394818,2,2012
1.4750699,0.14337152,0.500486,0.7158253,1.5615857,1.6674922,0.0,0.27763754,0.0,1.684403,0.52518004,0.0,1.2793294,1.0677598,0.0,0.20934552,2,2012
0.69034195,0.3289196,1.1798575,1.1634194,0.0,0.49017534,0.0,0.17210954,0.0,2.424985,2.2142954,0.0,0.0,0.500053,5.1392355,0.29618585,0,2012
1.179204,0.7508259,1.2876425,0.64816,2.0646725,1.1463106,2.3300447,0.61387503,1.5250669,2.23674,0.83266383,0.0,2.2173908,0.8266572,0.0,0.11956674,2,2012
0.66599053,1.8323156,0.9370028,1.0094004,0.7068156,0.0,0.0,1.3138189,0.0,1.3656144,1.3046999,0.0,0.0,0.5119875,0.0,0.7954222,0,2012
0.9473226,1.18785,0.18388546,0.9838046,0.16716015,0.7351507,0.0,1.2208315,0.0,0.054933786,0.6579098,0.0,0.22260118,1.0509682,0.1538901,0.18700737,0,2012
0.76464033,0.0,2.0192308,1.2081573,0.0,1.2374127,0.0,0.29971492,0.0,1.9024773,0.7635455,0.0,0.0,2.685633,4.7955575,0.41437435,1,2012
1.1103046,1.2559364,1.5574299,1.5158064,1.161206,1.6328845,3.5032666,1.2223451,2.20753,0.0,0.4705127,0.0,2.6900296,2.5703108,0.0,0.34301668,0,2012
2.43752,0.1921336,1.085954,1.085114,1.5092763,1.3997712,0.0,0.7411129,0.0,1.4496669,0.0,0.0,1.7933414,1.5650862,0.0,0.5268364,0,2012
0.45513558,0.9937264,0.66976273,1.137134,0.39671108,0.2787565,0.0,0.4928281,3.6529021,0.9043988,0.0,2.728337,3.0857074,0.71196353,0.0,0.35293567,2,2012
1.1072153,0.82705224,1.4999292,0.22000417,1.7557566,0.91088194,0.78852427,0.0,0.0,2.3904417,1.0847101,0.0,0.73974806,0.31902003,0.0,0.3658396,0,2012
1.2267778,0.6507953,1.5888319,2.1902616,0.0,1.2145716,0.0,1.2539985,0.0,0.0,0.0,0.0,0.1949893,2.22335,1.9396868,0.66211927,0,2012
0.8985518,1.050868,0.7842093,0.5657907,1.1594439,1.1020113,5.4350643,2.0883384,3.2455266,2.0145104,0.577552,0.0,1.9904277,3.1895058,0.0,0.30718672,2,2012
0.9764801,1.6796858,1.0584371,1.2584697,1.4358418,0.9916108,0.34102866,1.114776,0.34995186,0.0,0.44820964,0.0,1.4702524,1.0472418,0.0,0.2507738,2,2012
2.2290072,0.30388504,0.7026637,0.41776842,1.6634693,0.8564854,0.0,1.1210227,0.0,2.339277,0.68290955,0.0,1.2400177,0.96687114,0.0,0.3280865,2,2012
0.15925455,0.6640702,1.3575326,1.5527906,0.0,0.38417172,0.0,1.6253905,0.0,2.091392,0.6405318,0.0,0.0,1.8004577,3.7816596,0.356695,0,2012
0.6603416,0.5516212,0.85679376,1.1164562,0.0,0.714736,0.0,1.4495193,0.0,2.0341866,0.051422477,0.437236,0.035867333,1.9210114,1.1840754,0.2944994,1,2012
1.368298,0.86798924,1.5976543,1.5238488,1.2118888,1.6404052,0.75302774,0.24918413,0.85133934,0.027460456,0.0,0.00029046834,2.381586,1.0156162,0.0,0.49429074,1,2012
0.48259315,1.4960351,1.4724327,0.7113594,0.16560704,0.6198952,0.0,0.11825693,0.0,0.7747868,2.8012793,6.4721065,0.0,1.1790258,0.0,0.0,0,2012
0.6350803,1.7959605,0.64326084,0.49592832,2.1841044,0.9759829,1.5420333,1.3527503,0.9743788,2.4386084,0.9384626,0.0,1.3519964,0.16497314,0.0,0.0,1,2012
1.2138866,0.3648242,1.5811479,0.811643,0.29875204,1.5811489,0.0,0.9597115,0.0,1.3074731,0.0,0.38006112,0.47259557,0.7223737,0.0,0.0,0,2012
1.009187,1.30691,0.0042642355,1.1918104,1.6908504,0.27465165,0.06311534,0.9618484,0.0,2.5203936,1.0355074,0.0,1.0896685,1.1479269,0.0,0.676697,0,2012
2.3017068,2.6908839,2.6328874,3.0215373,0.0,1.5621376,0.0,0.4622448,0.0,0.6001704,1.6884813,0.0,0.0,0.0,7.74091,0.7737783,0,2012
2.1139688,0.25837094,0.95529497,0.9136505,0.64583254,1.0131685,0.0,1.1767943,0.0,1.4685256,0.0,0.06256374,1.4909806,0.992877,0.0,0.5955262,1,2012
0.8759163,0.8660513,0.8608778,1.3539546,0.8639207,0.0017474294,0.0,0.92646956,0.0,2.2410002,0.45894507,0.0,0.718544,1.4802024,0.0,0.9346673,0,2012
0.69887275,0.84679085,1.3131866,1.1820987,1.9255544,1.6377528,1.7458259,0.4506217,0.26769695,2.426495,0.20316517,0.0,2.3510947,0.9053997,0.0,0.1493532,1,2012
0.024539173,0.5183634,1.3123035,0.5044745,0.0,0.61290455,0.0,0.25304127,0.0,2.3160489,0.7053051,0.32785177,0.0,0.44474435,1.4399931,0.23979175,0,2012
1.142474,0.37646353,1.4133797,0.98308796,0.0,0.69875324,0.0,0.82912016,0.0,0.0,1.1931527,0.0,0.0,2.1913927,3.652163,0.2961383,2,2012
0.75028354,0.79071164,0.8096115,0.8044111,2.0836897,0.8072511,1.4188476,0.0,1.4832904,2.202876,1.3362494,0.53531605,2.9531825,0.9643747,0.0,0.20797461,2,2012
0.8467141,0.6513574,2.2353096,1.6745846,0.0,1.0076112,0.0,0.5880586,0.0,1.1956607,0.46316904,0.0,0.0,1.6705606,4.4782352,0.4930371,0,2012
1.5860434,0.9931395,0.35638654,1.1260349,1.3092153,1.0002626,0.0,0.5239736,0.0,0.061790287,0.8955631,0.0,0.8508424,1.297379,0.0,0.3771245,0,2012
0.8203795,1.2587025,1.0002794,0.5752397,1.5272322,1.346222,5.444971,2.056953,2.8219416,1.8737144,0.98355174,0.0,2.5442898,3.698722,0.0,0.18258262,0,2012
0.78339446,1.1258571,0.5641743,0.0,0.15166491,0.7179612,3.660597,1.0994229,10.450426,0.9367074,0.0,3.3590424,4.675032,2.363821,0.0,0.16699427,2,2012
0.8369459,1.6799502,0.31913388,1.1057252,1.8196324,0.69599664,3.4526703,0.15623337,1.7813504,0.11091071,1.641386,0.0,1.2107034,2.1706288,0.0,0.59620786,2,2012
1.0569468,1.5060523,1.8582405,1.022199,0.0,0.85830534,0.0,0.22368968,0.0,0.64746165,4.0479665,11.710841,0.0,1.2129353,0.03643568,0.0,1,2012
1.3974463,1.0479784,1.4458845,0.7156866,0.4029972,1.0928726,0.0,0.5356121,0.0,0.0,0.43780828,1.685832,0.06596923,0.49607882,0.0,0.0,0,2012
1.4184692,1.654257,1.653943,1.3271728,0.44690537,0.7999732,0.0,1.5352414,0.36776638,0.009824574,0.0,0.0,0.58979094,0.37404665,0.0,0.37252635,0,2012
1.973422,1.5728105,3.041028,2.5177598,0.0,1.3501781,0.0,0.0,0.0,2.0172148,1.2812581,0.0,0.0,0.76750946,6.833395,0.5593519,0,2012
0.66192555,0.7599611,1.8262331,1.2825569,0.0,0.5688779,0.0,1.2370462,0.0,2.2015307,0.7090795,0.0,0.0,1.3021922,4.7297907,0.3549475,2,2012
1.03603,0.66539013,1.5728824,0.8914539,0.9259463,1.1001148,0.0,0.66860175,0.0,2.371596,0.0,0.0,0.4484794,0.9048954,0.0,0.31550008,1,2012
1.3880008,0.58202493,0.8481042,1.4913073,1.2046173,0.44641346,0.0,1.3403646,0.18180862,2.1650038,0.1121175,0.1839343,2.1570785,1.0655895,0.0,0.50232726,1,2012
1.4064387,1.2138752,0.40572459,1.435151,0.4688678,0.3926143,0.0,1.4643558,2.6868954,0.0,0.18775001,1.4666787,2.373523,1.1759224,0.0,0.3647266,0,2012
2.0099666,1.1878142,0.0,0.7457519,1.1391199,0.5786607,0.0,0.807483,0.70429456,0.032086313,1.0042583,0.03934343,1.5008591,1.196456,0.0,0.5894363,1,2012
0.57937026,1.3899702,1.8862133,1.3847572,0.31940457,0.7991875,0.0,1.839211,0.0,2.2803564,0.0,0.0,0.7697593,1.1214935,0.0,0.6369715,0,2012
1.3549957,0.79671633,0.41613892,0.4046641,0.10337609,0.71533924,0.0,0.0,0.0,1.4247931,0.84289265,0.0,0.0,0.43635178,0.8655636,0.8690505,0,2012
1.110483,1.5743961,0.0,1.0741096,2.1011076,1.3297155,1.8540952,0.7613844,1.7409441,0.27971613,1.2796814,0.0,1.5259798,0.772783,0.0,0.0,0,2012
1.243174,0.32419774,0.6147596,1.3856835,0.0,0.8440268,0.0,1.2524362,0.0,1.2822231,0.0,0.0,0.12060195,2.4360664,1.2633965,0.75840044,2,2012
1.2692056,0.3169689,2.2935116,1.3941406,0.0,1.4748492,0.0,0.5036256,0.0,2.0905793,0.0,0.0,0.0,1.2084458,3.7088184,0.61280584,1,2012
0.8499087,0.7705817,0.3644781,0.0,0.17101502,0.0,5.5401793,1.4747407,5.716048,0.43310198,1.8554845,0.0,0.76829684,4.0250883,0.0,0.41659868,2,2012
0.3967609,1.0940955,1.5509002,0.86720496,0.55992407,0.31442267,0.0,1.4612906,0.0,2.0426655,0.22065032,0.6759833,0.7839173,0.29264522,0.0,0.0041131973,2,2012
1.0219526,0.7675534,0.5717591,1.3602638,0.6726585,0.82739544,0.0,1.0496213,0.0,2.4394727,0.0077020526,0.0,0.5929366,1.1467869,0.0,0.76778686,0,2012
0.43217063,1.5022902,0.9166975,1.4368505,2.0104306,1.0358938,1.5025945,0.0,1.1048783,0.2720784,1.340526,0.0,1.6073761,0.11877775,0.0,0.27090943,2,2012
0.52570677,2.0379052,0.9134036,1.0260038,2.1518927,0.9014447,2.5290692,1.1216979,1.8696201,1.2805169,1.404758,0.0,2.330171,1.2539643,0.0,0.0,1,2012
0.45428127,0.964571,2.0539017,0.7385385,0.44276255,0.9003565,0.0,1.0981567,0.0,2.218017,0.0,0.22316521,0.56458116,0.12472433,0.0,0.04314214,1,2012
0.42882705,0.6754412,1.2604067,0.7156314,0.06776297,1.0522463,0.0,0.0,0.0,0.0,1.3073262,2.89387,0.0,1.0184083,0.5398898,0.0,1,2012
1.0903898,0.72877127,0.967674,0.22915775,1.2133012,0.7578265,0.0,0.0,0.0,1.5886788,1.0999228,0.8790667,0.22460967,0.3637751,0.0,0.3387125,1,2012
1.4444911,0.74349517,1.4630386,1.4111778,2.0265656,1.2058189,0.88329417,1.5910594,0.0,1.8785448,0.47562304,0.0,2.9160814,1.9390626,0.0,0.047345996,0,2012
1.3210156,1.1169764,0.9692481,1.347225,0.0,0.1537996,0.0,1.2483385,0.0,0.16043848,0.4580555,0.0,0.0,0.7972848,2.4165974,0.9936038,0,2012
0.8828131,0.0,2.2487736,0.48389262,0.0,1.1097451,0.0,0.6634831,0.0,1.9626858,0.0,0.8667907,0.0,1.9095495,2.1932921,0.36577415,0,2012
0.6069986,0.8026587,0.943284,0.7271818,1.2842091,1.4530194,0.039717764,1.1656337,0.0,2.6433923,0.1499182,0.0,0.77794206,0.9632151,0.0,0.07750684,0,2012
1.6421179,0.0,1.1849908,0.85728824,0.0,0.80843735,0.0,1.6195085,0.0,2.097576,0.0,0.0,0.47340673,2.2218502,0.6759512,0.6297493,2,2012
1.3549287,2.2317328,2.6676364,0.93007886,1.8722205,1.101634,0.76275045,2.4753401,0.5913599,1.0847732,0.31584623,0.0,2.4829824,1.4013431,0.0,0.033296824,1,2012
1.2808429,0.7150538,0.15649456,1.1655233,2.1319604,1.0293976,2.1397772,0.8393656,1.3718553,2.2332098,1.1088896,0.0,2.5777817,1.3884578,0.0,0.15793186,2,2012
1.2557858,0.0,0.8949695,0.5930321,0.0,0.82438046,0.0,1.447264,0.0,2.0352116,0.07899183,0.0,0.0,2.2328534,1.0053096,0.40507257,2,2012
1.227772,0.9748502,1.4024519,1.2042243,0.0,0.60209215,0.0,1.052309,0.0,0.14228332,2.0187213,0.0,0.0,1.5211824,4.696777,0.27767324,1,2012
1.0677592,1.4815348,1.2410678,0.8908722,1.7368728,0.49770808,2.5347724,1.6981936,1.9866114,1.8523085,0.9559212,0.0,2.4401145,1.5252736,0.0,0.0581699,1,2012
1.4413352,0.4753983,0.55579895,1.8255868,0.8823939,0.954967,0.0,1.1996255,0.008520842,1.2204832,0.0,0.13253419,2.32199,1.8868883,0.0,0.38040704,1,2012
0.82564694,0.5372127,0.49650356,0.725441,0.9911114,0.610316,0.0,0.21587914,0.0,2.4501011,1.099354,0.0,0.23442295,1.148531,0.0,0.6012715,0,2012
0.7971945,0.94082683,1.8776069,1.9587386,0.0,0.8089177,0.0,1.1258506,0.0,0.20770884,2.140271,0.0,0.0,0.8620502,5.998586,0.20626527,0,2012
0.843683,1.8376837,0.8253344,0.90756047,1.6971772,0.117307186,3.3182783,1.1559614,1.2293197,2.0070035,1.091846,0.0,1.4277568,1.8063545,0.0,0.5175048,2,2012
1.3706203,0.52543163,0.441577,1.0590789,0.61124027,1.5093484,0.0,0.533455,0.0,0.15213776,0.3393189,0.0,0.804115,2.0326507,0.0,0.31382734,0,2012
2.3414688,0.88130945,1.5592647,0.6934829,1.027698,1.0709372,2.1503887,1.6354598,3.3868234,0.60423595,0.14669749,0.16229422,2.7456768,2.2628386,0.0,0.44492692,1,2012
1.2680904,1.3023753,1.7273737,1.2605317,0.47055888,0.41654545,0.12798715,2.0880046,1.2696042,2.1272337,0.0,0.7940915,2.4441068,1.403033,0.0,0.61772907,2,2012
1.3120859,0.8439684,1.6665492,0.38446093,1.2667234,0.979036,0.0,1.473762,0.0,2.120453,0.20640564,0.0,1.8456068,2.0702155,0.0,0.13957787,0,2012
0.56917423,0.0,1.3795967,0.93614054,0.0,0.6733482,0.0,0.48173723,0.0,1.9227486,0.6840756,2.4426541,0.0,1.748903,2.9802217,0.24620247,0,2012
1.7377303,0.17688447,0.64298904,1.1762736,1.0994601,1.2408872,0.0,0.79864347,0.0,2.424484,0.14112419,0.0,1.003409,1.352408,0.0,0.5966039,0,2012
1.5251975,2.5370975,3.1971955,3.6028829,0.0,2.3474207,0.0,0.5033833,0.0,0.7418222,2.4709804,0.0,0.0,0.0,9.257887,0.0,0,2012
0.8257594,0.98647666,0.662029,1.6083481,0.9653942,1.21618,0.0,0.0,0.0,0.36947244,0.29738268,0.0,0.7585224,0.70246947,0.0,0.55661047,0,2012
0.7708917,1.3369567,1.713445,0.98694885,0.85922754,0.5336635,0.28074098,0.9417856,0.289258,1.2897656,0.27266586,0.0,0.5775802,0.0,0.0,0.111876786,1,2012
0.6839337,1.8683854,1.2807453,0.40249306,1.5625807,0.8360584,4.4481163,1.6076558,2.701897,1.9378726,1.4878979,0.0,1.9052877,2.6209733,0.0,0.0,2,2012
0.81100166,1.4261603,1.2598368,1.0863973,1.3948019,1.3174815,1.3540381,0.40043467,2.0237823,0.0,0.52176684,0.0,2.01769,0.4425335,0.0,0.07733953,0,2012
1.1643585,0.20908022,1.9280294,0.8132383,0.0,1.2661912,0.0,1.9666111,0.0,2.0603702,0.0,0.0,0.0,2.1560361,1.7442048,0.18751425,0,2012
1.2118056,1.168488,0.7835396,0.13840336,1.7274203,1.1690675,3.0596457,0.41497812,1.4260731,1.455818,1.3131882,0.0,0.9356283,1.2699782,0.0,0.0564968,2,2012
0.0,0.34661582,0.49251416,0.06588209,0.6062953,0.9234956,0.0,0.0,0.0,1.2751918,1.7924235,0.0,0.0,0.61986095,0.75522155,0.07345265,0,2012
0.76061636,0.61059487,0.42004654,1.0770738,0.0,0.03779769,0.0,1.9144506,0.0,2.0411613,0.956125,0.0,0.0,2.4413834,1.4091898,0.18707597,1,2013
1.9996727,3.3496442,1.7236948,1.4459766,0.0,1.0414314,0.0,0.66292095,0.0,0.80478543,0.0,0.0,0.0,1.640343,0.23258997,0.9986738,0,2013
1.09401,0.7394845,1.5223179,0.7716122,1.2414079,1.1688887,0.4053203,0.4876262,0.0,2.3536077,0.08450127,0.0,1.169528,0.7236473,0.0,0.0,0,2013
1.4787102,1.0706325,0.6788895,1.2386513,0.6695876,0.6384845,0.0,0.6758146,0.0,0.4750612,0.24687532,0.0,0.5261461,0.9096666,0.0,0.23428136,2,2013
1.9381917,1.4560513,0.8275806,1.3374792,0.7785353,0.59644836,0.0,0.4227234,0.0,0.11381346,0.0059173703,0.0,0.45109373,0.69712883,0.0,0.57679814,1,2013
1.3463244,0.61807936,1.7144041,0.6545428,1.4587789,1.4242721,1.885729,0.0,0.7130105,1.8993554,0.40416297,0.0,1.3209153,0.24756074,0.0,0.084091544,0,2013
1.3213481,0.42043716,1.1394517,1.1134238,1.3321923,0.7660487,0.0,0.9223099,0.0,2.3820162,0.07103217,0.0,1.3448894,0.78380585,0.0,0.14129543,0,2013
0.6276945,1.882847,1.2051126,1.707968,0.0,0.9462935,0.0,1.6257168,0.0,0.09965396,2.7079673,0.0,0.0,3.5569332,4.0996637,0.0,0,2013
1.5075228,0.7428285,1.8876877,0.35193604,0.97459173,1.1606417,3.2528024,0.0,1.2264644,2.3342674,0.13585168,0.0,0.5237895,0.49542463,0.0,0.53206277,2,2013
1.6109588,0.8648371,1.704164,0.71642745,1.0336109,0.9784206,2.0623574,0.05717045,0.5094559,2.379668,0.0,0.0,0.76164174,0.55759555,0.0,0.46831885,0,2013
0.38778022,1.5273864,0.0,0.9182501,0.015453696,0.30685663,0.0,1.0967444,0.0,1.466413,2.595022,0.0,0.0,2.0607126,2.4770987,0.30701798,0,2013
0.8759944,0.41508198,2.4199224,2.8912065,1.4521993,1.2062062,0.67895114,1.9400845,1.4595492,1.8769295,0.0,0.0,3.6316133,0.263179,0.0,0.0,2,2013
1.2675375,1.7713214,1.1406944,2.566248,0.12436372,0.9651028,0.0,0.3842047,0.0,2.2618742,0.3209275,0.0,0.68016493,2.45085,2.0326843,0.9155294,0,2013
1.0980403,0.4676097,3.5115874,2.1604364,0.0,0.10625446,0.0,4.063865,0.0,0.8926904,2.0653367,0.2596171,2.2170768,3.9931655,3.1828794,0.0,0,2013
0.99110925,2.4231594,0.4637883,0.87131375,1.0807267,0.95675415,0.0,2.0017216,1.3479853,0.78366846,1.1054308,0.08418233,0.1764631,0.0,0.0,0.0,1,2013
0.7132703,1.2126195,0.0,2.3317952,0.75664777,1.0330114,0.0,0.08207792,0.0,0.78140986,0.48360986,0.08095662,0.57069486,0.29594457,0.0,0.28861642,2,2013
1.4010621,1.3795502,0.0031861067,3.1434276,0.8784188,2.1216707,0.0,0.06793141,0.0,1.4066131,0.36779922,0.0,0.46042842,0.69575876,0.0,1.2081453,0,2013
0.5799631,0.3754676,1.9241519,2.9414299,0.318933,0.0,0.0,3.254055,0.8953271,0.9960088,0.99159527,0.0,2.6726809,2.008002,1.7082821,0.0,1,2013
1.1729686,1.0618708,3.0733232,2.733742,1.7191979,0.04870999,0.49940377,2.819416,2.193382,1.7130928,0.9985514,0.0,3.8498497,0.33671823,0.11029786,0.0,1,2013
0.37984148,1.5833205,0.8885195,1.208569,1.5519254,1.3630965,1.69441,0.22818184,0.57366097,2.1718168,0.49333665,0.0,0.970417,0.0,0.0,0.0,1,2013
0.98387456,1.1476144,0.1240536,1.4161661,0.0,1.6612462,0.0,0.7942636,0.0,1.0311419,2.619474,0.0,0.0,2.980224,4.4384637,0.0,0,2013
3.2984293,0.9330688,0.16628063,1.8538542,0.6816116,2.7198474,0.0,0.0,0.0,1.8279455,0.5094179,0.0,0.0,0.7283853,0.48960227,1.248763,1,2013
1.0817004,0.30180657,0.34267128,1.513083,0.0,0.59126425,0.0,0.66077995,0.0,0.3420371,0.91747236,0.0,0.0,3.0593803,2.0188062,0.3572896,1,2013
0.8334381,1.2783954,1.6774586,1.4428577,1.3755877,1.2323533,1.056643,1.0747621,0.23039983,1.8931782,0.0,0.0,1.5637422,0.14242798,0.0,0.0,0,2013
1.4141113,1.60277,2.6069949,0.248427,1.8605897,0.0,0.18838644,1.8183737,0.09645276,1.9314585,1.0796964,0.0,1.5443782,0.9665761,0.0,0.34183675,0,2013
2.4621916,0.322736,1.1508611,0.82118624,0.9308965,1.2324972,0.0,0.35088563,0.0,2.0784838,0.0,0.0,0.63957494,1.3010659,0.0,0.6414067,1,2013
0.0,0.8393862,0.4309091,2.3125622,1.2947028,0.8109571,0.0,0.2938549,0.0,2.355772,0.47984952,0.0,1.6673505,1.136773,0.0,0.29176474,2,2013
1.1687818,1.922515,0.8888924,0.034795046,0.0,0.6515721,0.0,0.4357278,0.0,2.5521395,0.68757284,1.8777313,0.0,1.7419443,0.07834454,0.42959487,1,2013
0.87774116,0.23834893,1.3395691,1.6090107,0.86480075,1.1732031,2.8527067,0.37513554,4.084817,0.0,0.6570662,0.0,1.8333597,0.0,0.90582514,0.0,2,2013
1.8933973,2.5852551,1.1688279,0.0033681393,0.0,0.0,0.0,0.70998585,0.0,0.10769856,2.3046808,2.467922,0.0,2.2155912,1.935213,0.6151581,0,2013
1.5495092,1.3417286,2.470778,1.9957471,1.62447,0.34499395,0.0,1.8701824,0.6610605,0.018726945,0.44056165,0.0,2.738998,1.5102775,0.0,0.30952525,0,2013
1.3270501,0.3678741,1.1708381,2.2729483,0.9569059,1.3791883,0.0,1.4167469,0.0,1.7240815,0.0,0.0,2.192617,1.4934009,0.0,0.21324742,0,2013
1.0582705,0.0,0.48909658,0.6609112,0.0,0.90387535,0.0,1.2894833,0.0,2.1381998,1.7283959,0.0,0.0,3.4739597,3.2120621,0.0,0,2013
1.1191306,1.5448,1.3340783,1.8185067,1.2003139,0.82020664,0.17456885,1.2840836,0.70511264,0.0,0.35699448,0.0,1.5908649,0.6854306,0.0,0.0,1,2013
1.9402181,0.7778484,3.0628862,1.8917239,1.2850561,1.6537814,1.7318352,1.4341811,2.1884594,0.05517292,0.0,0.0,3.1613414,1.2213763,0.0,0.15030432,1,2013
0.52424574,1.7404405,2.2984328,1.2745837,1.6005423,0.3255192,2.7908819,1.1460959,2.105616,1.4888842,0.7093072,0.0,1.6631517,0.17591256,0.0,0.022308469,1,2013
0.24415004,2.3168826,1.1457336,0.62627184,1.8672901,0.8209565,1.3801273,0.4885268,1.051558,2.5525525,0.93495893,0.0,0.85662544,0.0,0.0,0.0,1,2013
1.2379904,1.3431355,0.7186718,0.9537152,1.258714,1.1566181,1.6318898,0.85919577,1.6685009,1.1386697,0.17358032,0.0,0.77055204,0.0,0.0,0.0,2,2013
1.191146,0.48439282,0.9567015,0.80229974,0.6141551,0.825925,0.0,0.3532138,0.0,2.3797681,0.33181852,0.0,0.40048844,1.8409503,0.0,0.45072937,1,2013
2.4254413,2.8868494,1.2117932,2.4782383,0.0,0.98730457,0.0,0.5827846,0.0,1.9496346,1.0746675,0.0,0.04777193,2.0272753,3.5836952,1.1255565,0,2013
1.2324424,0.22260457,0.30309474,1.8248212,1.1502732,0.6661901,0.0,0.8073047,3.664414,0.022145092,0.0,1.3717391,3.3632793,0.21178329,0.0,0.0,0,2013
1.4651966,1.3245201,0.6931871,1.223072,1.2497312,1.5096886,0.56520253,0.3593694,0.16929534,0.9531422,0.0,0.0,0.43513024,0.0,0.0,0.10461843,2,2013
1.1713408,1.2487366,1.1941674,0.5232767,0.4513073,1.071056,0.0,0.0,0.0,0.46114585,0.9858589,0.5024016,0.0,1.7949992,0.26996833,0.5357666,0,2013
2.518672,0.39114898,1.7476621,0.46952915,0.76061654,1.2270122,0.0,0.37171936,0.0,2.4365458,0.0,0.0,0.5401423,1.6471095,0.0,0.68291706,1,2013
1.2551996,1.54796,1.745549,0.96363974,1.4036238,0.0,0.08565871,2.0778556,0.5858426,2.0736966,0.666694,0.0,1.715244,0.60444516,0.0,0.076476276,2,2013
1.2529273,0.77578986,2.5856998,1.8495991,1.5488335,0.6401984,0.4759953,1.7338432,0.5114178,1.7786497,0.0,0.0,3.195461,1.3552878,0.0,0.037236154,2,2013
0.4726992,0.5668928,1.0478026,1.3063328,0.9559525,1.1419957,0.0,0.66796327,0.0,2.3388135,0.0,0.0,1.0143967,1.8570065,0.0,0.13637036,1,2013
1.42571,1.3505378,0.05886334,1.2315199,0.113928854,0.54032624,0.0,0.90826374,0.0,0.7726575,0.19815898,0.0,0.0,0.8785577,0.0,0.5273139,0,2013
1.2289436,0.72469205,0.01716119,0.8523959,0.0,0.84792197,0.0,0.42285463,0.0,0.807574,0.7946707,0.0,0.0,2.2097368,1.3989223,0.44991517,0,2013
1.4422185,0.47398835,1.4549556,1.1229515,1.1200988,1.3081146,0.0,1.6660407,0.0,2.3061695,0.0,0.0,1.3222163,1.2537239,0.0,0.0,2,2013
1.3338177,1.5964801,1.1947374,1.094305,0.0,0.7246186,0.0,0.0,0.0,0.17895335,1.3912959,0.0,0.0,2.5649247,2.5313969,0.6514982,0,2013
1.3554063,0.6397921,1.627712,0.6929124,1.3418849,1.4316952,2.2724378,0.0,0.4530425,2.3989081,0.37890154,0.0,0.8292804,0.29198533,0.0,0.23552656,2,2013
0.80667937,1.27685,0.39529794,0.54830945,0.21605599,0.810789,0.0,1.2974616,0.0,2.4792154,0.58904773,0.0,0.0,1.2128158,0.7176402,0.0,2,2013
1.189717,1.4978788,1.3650048,0.40757334,1.1679679,1.0279893,2.3565285,0.0,1.6361225,0.58527136,0.90891784,0.0,0.25237483,0.0,0.0,0.0,2,2013
1.4947534,1.1000514,1.1788787,1.7925274,1.0783486,0.966971,0.27191374,1.4445428,1.985419,0.965796,0.0,0.0,2.316008,0.23150522,0.0,0.0,1,2013
0.71292394,1.7713429,1.210896,1.2877932,1.208446,0.1533153,0.0,1.2584131,0.0,0.22853369,1.012277,0.0,0.86424613,1.0456475,0.0,0.0,0,2013
0.13640648,1.5835725,0.7853688,0.8057752,1.191415,0.27666575,0.0,1.0004829,0.0,2.4151776,0.96064043,0.08382715,0.6668333,0.10476649,0.0,0.0,0,2013
1.4463484,0.64859426,1.2012335,1.9414542,1.2498345,0.5406449,0.0,1.4292643,0.04681778,1.6774902,0.0,0.0,2.103981,1.0202947,0.0,0.2839039,1,2013
1.1288605,1.2083976,0.80012965,2.1491985,1.0538452,0.6457498,0.0,1.1836,0.2531796,0.0,0.41295254,0.0,1.6997044,1.0703452,0.0,0.089351416,2,2013
3.143648,4.0717554,1.9369955,3.1228724,0.0,1.3052261,0.0,0.52740765,0.0,1.0079732,2.3662076,0.4480582,0.0,1.3242135,5.7145233,0.85586166,0,2013
1.3631365,0.12819159,0.9448936,1.3296216,0.0,1.2424397,0.0,0.41319466,0.0,2.1610343,0.75917566,0.0,0.030507267,3.8513205,2.9915893,0.42304856,0,2013
1.4109869,0.9331845,0.9286301,1.0926523,0.26431552,1.3400378,0.0,0.0,0.0,0.28032166,0.0,0.010521509,0.2137315,1.2286434,0.0,0.34222203,1,2013
1.4989903,1.5789382,0.9654399,0.29488638,0.34803155,1.3100739,0.0,0.0,0.0,0.9217348,0.5932583,0.36993426,0.0,0.7275232,0.36991265,0.1576314,0,2013
1.5767102,0.6301894,2.1087124,0.28899994,1.4646564,1.3101101,1.8519813,0.0,0.21870041,2.3334754,0.3763928,0.0,0.9037553,0.57365257,0.0,0.20477432,2,2013
1.358053,1.252114,1.9205521,1.2843969,1.4093965,0.6425637,1.7397716,1.7891015,2.623294,2.117685,0.0,0.0,2.682054,0.42988205,0.0,0.0,1,2013
1.3147194,0.07834053,0.3593189,1.1772742,0.0,0.7490543,0.0,1.4140161,0.0,1.6370203,0.28063768,0.0,0.39611003,2.80232,1.139441,0.23852968,1,2013
0.82397145,1.0638146,2.0195935,0.99666786,1.407373,0.74352884,2.4441555,0.83709407,1.1318512,2.1257455,0.36324722,0.0,1.4515382,0.49076867,0.0,0.0,2,2013
1.680543,1.494525,0.7375788,1.6525438,1.2604759,0.35164827,0.019676015,1.0979196,1.5682728,0.0,0.6153739,0.0,1.6914296,0.5047623,0.0,0.2628036,1,2013
0.8234237,0.61292166,0.29196483,0.57268465,0.03207153,0.33728516,0.0,0.32519668,0.0,2.4795396,1.2668892,0.0,0.0,2.039041,1.3193066,0.52349305,0,2013
0.9753597,0.6903747,1.1500177,0.84811366,0.6066101,1.255815,0.0,0.28275925,0.0,2.4531136,0.15095723,0.07044255,0.27033916,1.362954,0.0,0.17175049,0,2013
0.9380864,0.27326542,0.5988436,0.8136529,0.0,0.65443635,0.0,0.61829245,0.0,0.8286313,1.4690871,0.0,0.0,3.076414,2.2162483,0.06637937,0,2013
1.8762751,1.2949092,0.3513804,1.6926265,0.0,1.3363279,0.0,0.72864133,0.0,2.1175122,1.0983388,0.0,0.0,2.6421833,3.683751,0.528234,0,2013
0.575565,1.1819333,1.7010995,1.1494869,0.76231337,0.8226372,3.4973567,0.3390413,3.682752,0.19419605,0.8043331,0.0,1.8642886,0.9637411,0.43631524,0.106420875,0,2013
1.8849912,0.5995438,1.3098853,0.88991946,0.5192413,1.3555292,0.0,0.28146,0.0,0.59032637,0.0,0.0,0.40697247,1.0653392,0.0,0.231403,0,2013
1.3614328,0.342305,1.3692603,0.9334307,1.5357593,1.028663,0.17710757,0.6039929,0.0,2.4285426,0.0043961406,0.0,1.4789749,1.3457674,0.0,0.20301437,2,2013
0.8299612,1.5107231,1.6633492,0.55443794,1.4021876,0.83663225,3.0526173,0.74416345,1.572375,1.8528786,0.42940074,0.0,0.7803265,0.16587931,0.0,0.011734605,2,2013
1.5818932,1.1111658,1.3636247,0.39476538,0.3052366,0.83525455,0.0,0.17953491,0.0,0.04489088,0.35362494,0.0,0.0,1.3105149,0.10720183,0.23939043,0,2013
1.4000158,1.6242467,1.5114713,1.6777332,1.500608,0.8366566,0.77305317,1.7091122,2.6925163,0.37944427,0.6279373,0.0,2.5906956,0.4662024,0.0,0.0,1,2013
0.6790835,1.1942787,1.1565909,0.91352004,1.6029699,0.66509473,0.3201996,0.8684958,0.0,2.3769386,0.44725418,0.0,1.2438271,0.1605292,0.0,0.0,1,2013
1.3181589,0.75976187,0.16700459,0.7819747,0.0,0.83097297,0.0,0.712591,0.0,0.7155482,0.9342148,0.0,0.0,1.9277418,2.290007,0.20697463,0,2013
1.7612746,0.60784507,0.794988,1.207159,0.30120984,0.81232464,0.0,0.7843655,0.0,0.4621532,0.0,0.0,0.9073112,1.0682713,0.0,0.27552348,1,2013
0.91609776,0.76479477,0.42529777,1.2763848,0.0,0.75895625,0.0,0.27555352,0.0,0.7624395,2.8080082,0.0,0.0,2.5709531,3.913478,0.05432242,0,2013
1.6367936,1.3304248,0.89643085,2.1062112,1.0319133,0.56745386,0.16989179,1.8340807,1.6097732,0.9629961,0.119849205,0.0,1.9057014,0.44638574,0.0,0.06336516,1,2013
1.2722249,0.7472456,1.0268984,1.275815,0.8536752,0.89725345,0.0,0.8693084,0.0,1.9209096,0.0,0.0,0.97702897,1.135519,0.0,0.24425262,1,2013
0.7294207,1.1030391,1.3837895,1.880388,1.1441085,0.24252474,0.10922976,1.7179506,0.5361492,1.931282,0.11009073,0.0,2.5465927,1.09885,0.0,0.068184435,0,2013
1.8636287,0.8422878,1.9919528,0.60132056,1.185849,0.50686836,0.0,0.5083587,0.0,2.267351,0.23240197,0.0,0.38140863,0.5394336,0.0,0.31173217,2,2013
1.1630471,1.4057331,1.7306558,1.4584229,1.0715089,1.156546,0.08905859,0.03277999,0.0,2.4834476,0.0,0.0,1.006021,0.638301,0.0,0.5751649,1,2013
1.486221,0.8154167,0.77418035,1.2264276,0.7832582,0.39422196,0.0,1.5426462,0.0,1.7924004,0.14760187,0.0,1.0517967,1.2029266,0.0,0.28391504,0,2013
0.9335388,1.7434368,0.9593163,1.725488,1.1562418,1.0604541,2.0069623,1.2405959,2.9387944,0.1269185,0.70368093,0.0,1.6690326,0.15261734,0.0,0.0,2,2013
1.1330384,0.88898116,1.506873,0.5542405,1.5212387,1.1335636,0.8747209,0.9694149,0.021659195,2.3763986,0.07914239,0.0,1.1383804,0.37040162,0.0,0.0,1,2013
0.5160796,1.3200052,0.29775053,0.86972934,0.6403445,0.5131445,0.0,0.5313977,0.0,2.5256362,1.2279263,0.0,0.0,0.52188283,0.546875,0.11339176,0,2013
1.7731017,0.7204817,0.89823955,1.4094731,1.3248453,0.89148176,0.0,0.08262807,0.0,0.51484495,0.28488672,0.0,1.3092457,0.9070963,0.0,0.35203052,0,2013
0.9122105,1.0411426,1.0971978,0.4039486,1.1974382,0.530393,0.0,0.705092,0.0,2.4491174,0.5986327,0.07335329,0.77643394,0.42852852,0.0,0.010390639,2,2013
1.2589163,1.1522346,2.359003,1.1845226,1.458822,1.338821,2.3805878,0.66156447,1.5613167,0.22766131,0.16070715,0.0,2.3146796,1.349821,0.0,0.18185288,1,2013
1.3136402,0.87304103,0.58650184,0.7176875,0.0,0.878457,0.0,0.15784478,0.0,2.5327387,0.80182433,0.0,0.0,2.0952582,1.5601581,0.6986672,2,2013
1.0962921,1.101115,1.6685405,1.1623938,1.0025355,1.4099633,3.168902,1.5526714,1.6001756,2.2877517,0.0,0.0,1.5946169,0.6288531,0.0,0.0,1,2013
1.0268518,0.11147368,0.5630531,1.0539916,0.35489836,0.68045574,0.0,1.0961971,0.0,2.1693773,0.3885842,0.0,0.5297046,2.269452,0.4549626,0.1708849,1,2013
1.0407016,0.9563615,0.8699332,1.2709699,0.4861835,0.71700174,0.0,0.61678207,0.0,0.0,0.44446903,0.0039339215,0.9614568,1.4594847,0.0,0.0,1,2013
1.3323919,1.2871757,1.5778167,0.44697902,0.21282801,0.9265438,0.0,0.0,0.0,0.0,0.5721552,1.4155703,0.0,1.272775,0.02044098,0.045519292,0,2013
1.200789,0.5988962,1.0397289,0.8880616,0.0,0.0,0.0,1.6213078,0.0,1.8867502,0.39289105,0.0,0.031229138,2.4301577,0.8636344,0.43901923,1,2013
0.9720197,0.58972704,2.3317857,0.69405186,0.9972249,0.9176686,4.541407,1.3664346,2.6293523,1.8177993,0.41184425,0.0,1.9271989,1.9271309,0.25347355,0.14776134,2,2013
1.4484177,0.63720465,0.93573517,1.6825547,0.0,1.4820331,0.0,0.0,0.0,2.4080684,0.1485571,0.32851803,0.23479101,2.8030148,1.312881,0.86495686,0,2013
1.6792104,0.8560078,0.54222775,2.0916302,0.5251074,0.650356,0.0,0.60800135,0.10694252,0.037588716,0.0,0.0,1.3236445,0.8579265,0.0,0.5411387,1,2013
0.8950604,1.5066202,0.0,2.0070353,0.7182785,0.5106313,0.0,0.9614168,2.566455,0.29787785,0.36163476,0.4754033,2.1007535,0.34659007,0.0,0.15757972,1,2013
0.8216483,1.6472616,0.88940626,0.67308134,0.6670125,0.5651423,0.0,0.6901337,0.0,0.471195,0.57131994,0.0,0.13967255,0.48924035,0.0,0.0,0,2013
1.5257771,0.3206238,0.7099642,1.2188315,1.5138391,0.18934363,0.0,0.7951824,0.0,1.8044597,0.7080319,0.0,1.264216,0.9279108,0.0,0.28796864,2,2013
1.9888675,2.0021882,1.7643551,1.5490358,0.32062867,1.2488186,0.0,0.78849703,0.0,2.5097342,0.0,0.0,0.0,0.33152437,0.69668204,0.5927192,1,2013
0.69794834,0.54502165,1.201584,0.08704698,0.44087523,0.62701917,0.0,0.5765499,0.0,2.267663,0.94326854,0.0,0.0,1.6684618,0.7684921,0.0,0,2013
0.7338597,1.101134,0.8117168,1.0855923,0.9130726,0.17941964,0.0,1.3750409,0.0,2.2433991,0.43909565,0.0,0.74238443,1.2361482,0.0,0.21414614,2,2013
1.3852432,0.33514416,1.1152034,0.53346664,0.725132,0.7690163,0.0,1.1319628,0.0,2.2402132,0.09758043,0.0,0.3906414,1.3497596,0.0,0.0,0,2013
1.1274047,0.1677134,0.6108618,0.7948621,0.0,0.7901972,0.0,1.5436647,0.0,2.11778,0.2828833,0.0,0.0,2.3495069,1.1672347,0.033305347,0,2013
1.6256073,1.0690913,1.8861604,1.2645795,0.0,1.2850013,0.0,0.11478567,0.0,2.187543,2.3742006,0.2768758,0.0,2.6877372,5.1205397,0.0,0,2013
1.209267,1.4487236,0.4897558,1.42745,0.46994245,0.4010439,0.0,1.1086468,0.0,0.5563507,0.42126423,0.0,0.19700122,1.0095049,0.0,0.28704202,2,2013
0.8658063,1.2106541,1.9858159,0.80264735,1.0325661,1.14956,4.2122116,1.0129366,2.7282236,0.22365457,0.6094136,0.0,1.4679952,1.8134968,0.0,0.13125384,0,2013
1.1457268,0.6629851,0.6392491,1.3331858,0.51447016,0.6355243,0.0,0.0,0.0,0.0,0.45844206,0.370922,1.0743694,1.4083483,0.0,0.1759851,2,2013
1.5925333,0.9320989,1.0107987,1.214431,1.6140625,0.64414585,1.9681164,1.1010264,2.2890215,0.8204024,0.5973148,0.0,1.7597613,0.4754602,0.0,0.047379196,0,2013
1.0195181,1.0955213,1.9245822,0.16903615,1.9378642,1.3231232,1.7992307,0.04391265,0.27176479,1.9923186,0.7992753,0.0,1.3283274,0.74833274,0.0,0.0,0,2013
1.0175872,0.67143637,0.4533751,0.7502575,0.3322406,1.2448995,0.0,0.28373587,0.0,2.5027297,0.7299302,0.9659996,0.0,1.1785703,0.18621144,0.1171546,2,2013
1.7575141,0.7726089,0.98284334,0.96955824,0.58622783,0.99504,0.0,0.12104654,0.0,1.6787469,0.007855594,0.0,0.0,0.7212278,0.0,0.40530318,1,2013
0.64617884,1.2821167,1.7793348,0.7969429,1.6000359,0.44534555,2.670978,0.87103164,2.6110597,2.00232,1.0107651,0.0,2.4401124,0.830936,0.0,0.0,1,2013
1.5471752,0.55645144,1.0586629,2.035578,0.0,1.5601548,0.0,1.1000865,0.0,0.47845018,0.0,0.0,0.40502167,2.6627915,1.1347244,0.56788564,1,2013
1.9588883,2.4376838,1.3617718,1.7704506,0.0,1.2701446,0.0,0.56753,0.0,0.85058343,3.1276073,1.4409553,0.0,1.512526,6.135102,0.0,0,2013
1.0927143,1.1564856,1.4290994,0.7260975,1.5673953,0.002822876,0.0,1.335979,0.0,1.6084354,0.87734747,0.0,1.1747634,0.7146528,0.0,0.0,0,2013
1.5408885,0.8552246,1.5771387,1.4915247,1.3952847,0.6288511,0.11733653,1.670608,0.34163627,1.6046393,0.0,0.0,2.462159,1.2772777,0.0,0.16041756,2,2013
0.6078383,1.2511412,0.8834067,1.3709998,0.56898296,0.66542125,0.0,0.6667236,0.0,0.9127159,0.2014476,0.0,0.7268039,1.4510113,0.0,0.15089172,0,2013
1.2429526,1.3483267,1.3444074,2.292269,0.9180925,0.96378773,0.43045408,2.0557778,0.0,2.1676214,0.0,0.0,1.7598727,1.2390318,0.0,0.363535,1,2013
1.6490426,0.74730504,0.2205813,1.2236605,1.1238968,1.1888326,0.0,0.4395911,0.0,0.1102559,0.5957667,0.0,0.7614537,0.62753206,0.0,0.0,0,2013
0.9691749,1.4189441,1.3461008,0.9869863,1.2981205,1.3033099,1.5074337,0.0,0.4980263,0.6910377,0.1473766,0.0,0.7928815,0.13502795,0.0,0.13515282,1,2013
1.0829276,0.61916965,0.85078245,1.853044,0.250635,0.5574529,0.0,1.7273133,0.0,2.0478704,0.0,0.0,1.3143121,2.2091627,0.0,0.47595224,0,2013
0.82401884,1.4312849,1.1162363,1.1956735,0.9322619,0.5032612,0.0,0.95307636,0.0,0.79195225,0.3361405,0.0,0.93824255,1.0652903,0.0,0.0,0,2013
1.571772,1.0855777,0.7003957,0.96971476,0.89018506,0.8457635,0.0,0.0,0.0,0.5965977,0.9845623,2.6729884,0.49424943,0.0,0.0,0.0,1,2013
1.3328378,0.8073348,0.9540901,0.698081,0.0,0.0,0.0,1.6452744,0.0,2.0206323,0.82135767,0.0,0.0,1.6357213,1.8049009,0.28092343,1,2013
1.472914,0.39449123,1.9095665,0.93798506,1.1361635,1.3216128,0.20550008,0.4149291,0.0,2.3046997,0.0,0.0,1.2789875,1.1360112,0.0,0.21782207,1,2013
1.5700452,1.3693126,1.0859029,1.5013466,0.0,1.0355561,0.0,1.1067233,0.0,2.344859,2.1373913,0.0,0.0,2.1144147,4.9311996,0.0,0,2013
2.0383003,0.5084936,0.4096295,1.6260477,0.5792469,1.2102561,0.0,0.6786544,0.0,0.23435932,0.0,0.0,0.9674806,1.3559622,0.0,0.45200178,1,2013
0.86232966,1.1083536,0.8536276,0.18110344,1.2417941,0.7562022,0.0,0.36371505,0.0,1.5455756,1.2271508,0.4624731,0.22651443,0.45865107,0.0,0.0,0,2013
1.8255408,0.7961708,1.6483479,1.8255243,1.0231459,0.8167714,0.0,1.227444,0.0,0.24061847,0.0,0.0,1.7445955,1.6478652,0.0,0.36522233,0,2013
0.7931757,1.5264477,1.0486742,1.4435899,1.097311,0.66679704,0.1589329,0.99554694,0.0,2.46809,0.0,0.0,0.8653345,0.45517647,0.0,0.27791923,0,2013
0.85639215,0.5901027,0.8283524,1.0245123,1.3719342,0.7080674,4.0279446,0.5785283,2.049588,2.1635935,0.71071,0.0,1.5770319,1.2687517,0.0,0.28274935,2,2013
1.0155436,1.0025634,0.2319566,2.0491734,0.0,0.6139082,0.0,1.4976434,0.0,0.45612976,0.23193485,0.0,0.10306138,2.3412206,1.3372111,0.45631707,2,2013
0.9771118,0.6827989,1.9311035,1.0573082,1.4412314,1.6131432,0.88137627,0.8268378,0.0,2.3241556,0.0,0.0,2.2325358,0.6882614,0.0,0.0,2,2013
1.2948873,0.8619216,0.9023977,1.4405165,0.0,0.7472225,0.0,1.2379563,0.0,0.0,0.3483141,0.0,0.0,2.4442267,1.6420122,0.28420877,0,2013
0.69201183,1.2884984,0.7973286,0.17807737,0.2196149,0.30378896,0.0,1.1577085,0.0,2.4452152,1.2887409,0.0,0.0,0.6487642,1.4343231,0.0,1,2013
1.1054851,0.83960223,0.889505,1.4887798,0.4255885,0.70799565,0.0,0.681849,0.9242136,0.26129788,0.0,0.8209177,2.0634673,1.6132929,0.0,0.08340758,1,2013
0.8319574,0.5037265,1.0039505,0.99864817,0.60296893,1.089062,4.459412,0.85753685,3.4769452,0.82123023,0.41806385,0.0,1.4801607,1.760256,0.38969362,0.16920644,2,2013
1.2119217,1.5674369,0.7723651,1.641412,0.7907528,1.2469745,0.0,0.5081358,0.0,1.8486092,0.0,0.0,0.32200962,0.3620663,0.0,0.45543814,2,2013
0.7718434,0.9182875,1.4197348,0.7350772,1.9886118,1.1459115,2.0592601,0.23655802,1.0348264,2.4131818,0.6764453,0.0,2.0928292,0.56583905,0.0,0.0,0,2013
1.7356241,1.3766673,0.9495658,0.4717592,1.0395378,0.57424825,0.0,0.23812461,0.0,0.45550308,0.9732718,0.49014091,0.21402648,0.60581875,0.0,0.18653011,0,2013
0.96369195,0.7811108,1.3045303,1.2909688,0.44142216,0.44997633,0.0,1.1747785,0.5302812,2.0917015,0.0,1.0004671,1.9152672,0.93802583,0.0,0.1652425,0,2013
1.3131745,0.22940502,0.56046057,1.332695,0.0,0.20363337,0.0,1.8002493,0.0,1.5207767,0.45733392,0.0,0.31535515,2.4291914,1.1016206,0.27859312,0,2013
1.8617978,0.68451196,1.4802157,2.1325507,1.1498635,1.1555518,0.0,1.4640789,0.0,1.708309,0.0,0.0,2.3500907,1.5139146,0.0,0.33975857,1,2013
1.3749707,1.0655282,0.5911267,0.62836164,0.7550565,0.65201735,0.0,0.10867691,0.0,0.0,1.145348,0.63586766,0.21037921,1.0274942,0.0,0.0,0,2013
0.8254419,0.34547603,0.87714636,0.73330003,1.8264698,1.4089286,2.212484,0.0,2.9363534,2.4873056,1.0715204,0.6392166,3.0412428,0.44841608,0.0,0.0,2,2013
1.550709,0.57655823,0.7314978,0.91249245,0.3139816,1.031585,0.0,0.22174805,0.0,0.79624987,0.06100315,0.0,0.0,0.9967621,0.036857814,0.3806061,2,2013
1.171622,1.5531833,0.5209764,1.15522,0.7377894,0.39528394,0.0,0.74257886,0.3687401,0.51071376,0.48508456,0.10326344,0.305081,0.0,0.0,0.0,1,2013
1.3307025,0.2993982,2.0279157,1.0476148,0.8619044,1.4657321,0.0,1.0524557,0.0,2.0528991,0.0,0.0,1.5802206,1.836005,0.0,0.14248604,0,2013
1.1260582,0.7939015,1.720655,0.74496937,1.077462,1.0833133,0.048535563,1.3909421,0.0,2.3149598,0.0,0.0,1.1435107,1.354722,0.0,0.0,2,2013
0.44143653,1.7901621,1.6715921,0.81697077,1.6300123,0.99618834,1.1531118,0.8940905,0.33382663,2.4443772,0.16763988,0.0,1.2133868,0.0,0.0,0.0,2,2013
0.3721378,1.0053115,1.2416626,0.9605139,0.84098077,1.0244697,0.0,1.0423108,0.0,2.2067273,0.14339998,0.0,1.0163546,0.8941856,0.0,0.0,0,2013
1.0384417,0.44240963,0.5190663,1.1156405,0.6882685,0.957957,0.0,0.0,0.16150154,0.37834144,0.49197978,1.8359203,1.3672013,0.9943727,0.0,0.0,0,2013
1.033468,0.0,0.580849,0.46290737,0.0,0.7920474,0.0,0.6066154,0.0,2.3123055,0.79230976,0.0,0.0,2.643166,2.047647,0.2642399,2,2013
2.5343637,3.4345102,2.4319458,2.494291,0.0,0.83791625,0.0,1.1732965,0.0,2.0791862,2.8652875,1.1191487,0.0,0.8732715,6.2476525,0.21238118,0,2013
1.0137936,0.38299277,1.3555044,1.1381178,1.4492447,0.43945718,2.9244847,0.19280821,2.4034328,1.986779,0.69656223,0.0,2.645059,1.4705399,0.0,0.45885196,2,2013
0.7658606,1.53062,0.51537,0.6074973,1.3396735,0.41127136,0.0,0.0,0.0,0.872534,1.3760635,0.058111563,0.0,0.0,0.0,0.27807695,0,2013
2.4529157,0.56335264,0.6851802,1.174717,0.90566766,0.92423195,0.0,0.8747496,0.4103039,0.36207286,0.07387859,0.0,1.6839254,1.4032873,0.0,0.23541296,0,2013
1.2855724,1.5032566,1.0991848,0.12666422,2.1062264,0.8328366,0.8983617,1.2455888,0.8211493,2.031577,0.63959706,0.0,1.1921246,0.0,0.0,0.0,1,2013
1.0254686,1.9421539,0.33803105,1.803302,0.0,0.07306534,0.0,1.4098275,0.0,0.66164994,0.66061753,0.0,0.0,1.4585652,0.6628752,0.6477994,0,2013
0.45589393,1.7874303,0.8733201,1.1370173,0.817196,0.6671721,0.0,0.7401139,0.0,1.5886861,0.31626496,0.0,0.3783524,0.68428624,0.0,0.112773836,1,2013
0.9445239,0.77297044,1.1012355,0.9456365,0.73965436,0.8153474,2.856888,0.40393603,4.800843,0.77501756,0.34073445,0.1261696,2.5308847,0.92659587,0.13608646,0.0,2,2013
2.2269745,0.0,0.5956225,0.7627309,0.0,0.94931895,0.0,0.59089786,0.0,2.1690435,0.19234243,0.50738645,0.29478922,2.5636368,0.5770972,0.6898969,0,2013
1.9398503,2.050551,2.4830608,1.9343414,0.0,1.6425829,0.0,0.4476007,0.0,0.73393905,3.8730202,4.3969584,0.0,2.6505215,6.944697,0.0,0,2013
1.0842998,1.0036037,0.9078739,1.6500382,0.18614036,0.42785832,0.0,0.29869258,0.53300446,0.41551092,0.0,0.7183639,1.246011,0.63725597,0.0,0.42309296,0,2013
1.668165,1.2827556,0.35164082,0.6967222,0.71693224,0.25712156,0.0,0.34005708,0.028799921,0.0,1.7233903,1.7934556,0.33365786,0.67289066,0.0,0.084863365,2,2013
1.3406832,0.85333836,0.4862847,1.815479,0.20500252,0.6084149,0.0,0.3642925,0.0,2.0334055,0.050284803,0.0,0.2486893,2.0323658,0.41823792,1.0443444,1,2013
1.0880148,1.5591235,1.9322996,2.0949647,0.116110265,1.142207,0.0,1.4812245,0.0,0.3859206,0.0,0.0,1.0455502,1.7258766,0.0,0.35504967,0,2013
1.2658429,0.9436194,1.531507,1.1942909,1.5602635,1.3109751,0.72425866,1.2069016,0.21733859,2.3865979,0.0,0.0,2.0922608,0.6296196,0.0,0.0,2,2013
1.2546934,0.89643365,1.8290396,0.5808875,1.2430463,0.8937512,2.5514374,1.1276994,2.7486703,1.9986806,0.44833973,0.0,2.5660641,1.0060109,0.0,0.0,2,2013
0.7173927,0.55454904,1.3164731,1.4613168,0.0,0.61768305,0.0,1.7468996,0.0,1.928148,0.21293023,0.0,0.0,2.5570748,2.5381718,0.0,0,2013
0.86884195,1.2261633,1.70276,1.7095411,1.0838784,1.6271042,3.266262,0.82015795,1.4044087,0.34522608,0.0,0.0,2.2255266,1.7510759,0.0,0.24263,1,2013
1.3742465,1.3535502,1.4787607,0.49703312,1.8968313,0.98741335,1.9792325,1.745882,1.3690889,2.1637766,0.63256323,0.0,1.820286,0.536308,0.0,0.0,2,2013
0.5233762,0.80262303,0.83380336,0.07225174,0.0,0.036138773,0.0,0.0,0.0,2.3250208,1.8854902,2.1363673,0.0,1.1621183,1.5385548,0.1277932,0,2013
0.2685849,2.0158396,1.0008718,1.39983,0.48147762,0.3113821,0.0,0.8669116,0.30547863,0.0,0.59302515,0.0,0.46647188,0.5954383,0.0,0.0,1,2013
1.8690422,2.72855,2.1852221,2.6195195,0.0,1.4186342,0.0,0.6450195,0.0,2.2175856,2.134884,0.0,0.0,1.094329,6.020588,0.0,0,2013
1.056015,1.5923431,1.0468849,0.513169,1.7472613,0.9519897,3.072348,0.053453326,2.067559,0.58135974,1.1421475,0.0,0.5640626,0.39207035,0.0,0.07831085,2,2013
2.0923228,0.8411632,0.21385497,1.1612984,1.1551054,0.7965393,0.0,1.0997525,0.5431752,0.4497066,0.511956,0.0,2.0241656,1.7737265,0.0,0.35604846,2,2013
1.3643876,1.2730815,0.2557534,0.75238127,0.5516721,0.2648229,0.06843303,1.0733283,6.310308,0.42764607,0.0,3.2150595,3.6393137,0.6625383,0.0,0.35004193,1,2013
0.8003451,2.4131794,1.8698142,0.54739845,1.9962301,0.8335257,1.1798592,1.6230468,1.2773883,1.9318912,0.71478534,0.0,1.070508,0.0,0.0,0.0,0,2013
1.1078725,0.2119303,1.1056502,0.7802664,1.3100457,1.0842881,4.0325894,0.2409547,2.4809287,2.1532433,0.5495824,0.0,2.037307,1.4196846,0.0,0.29480094,0,2013
0.80674994,0.67916614,0.90629226,0.07469499,0.0,0.0,0.0,0.92908555,0.0,2.1354246,1.2719033,1.002948,0.0,1.4912186,1.6465566,0.0,0,2013
1.5052991,0.9612329,1.0603049,0.833042,1.1483443,0.3971687,0.0,0.3601073,0.0,2.3365266,1.2310178,3.1317165,1.3483621,0.3321957,0.0,0.046315253,2,2013
1.1615748,1.6080307,0.92630404,1.1292676,1.122816,0.46892357,0.0,1.2533014,0.53574157,0.41677883,0.5422342,0.0,1.4172761,1.1387509,0.0,0.12149745,2,2013
1.2359331,1.4644179,0.44128102,2.2170684,0.0,0.6889876,0.0,0.5306243,0.0,2.0351872,1.4596668,0.0,0.0,1.6766591,3.8286893,0.6713879,0,2013
0.87585044,1.2063783,0.37286413,0.66778564,1.4926243,0.9118074,3.2221456,0.114513755,2.3192413,0.7226926,1.0396752,0.0,0.6079823,0.5695503,0.0,0.057953715,2,2013
2.1895552,1.0706253,0.75035506,1.4180943,1.4498134,0.5653633,0.1913429,1.2878487,0.57434905,0.7928459,0.38232458,0.0,1.4904081,0.7107926,0.0,0.14170516,0,2013
1.0652368,1.6444118,0.6840495,0.47179848,0.45678884,0.6402056,0.0,0.32219052,0.0,0.2500965,0.8179293,0.0,0.0,0.0,0.0,0.0057660937,1,2013
1.1716694,1.0258554,1.5508721,0.46654856,1.9407427,1.2927402,1.7755826,0.96997607,0.72736526,2.2901118,0.48402512,0.0,2.0318234,0.7454038,0.0,0.0,2,2013
1.3083339,0.9644797,1.7534245,0.43216836,1.8110297,0.8411769,0.6574242,0.82761693,0.0,2.317546,0.28170213,0.0,1.3685734,0.701257,0.0,0.0,2,2013
1.3483114,1.3770878,1.1340594,0.8635323,1.3981597,0.86764324,1.6410271,0.75293803,2.9235396,0.37104726,0.7389344,0.0,2.1308243,0.5591583,0.0,0.0,2,2013
1.2198508,0.35164052,1.2610936,1.3179271,0.0,1.1006656,0.0,0.7187165,0.0,1.7330076,0.82950234,0.0,0.0,3.1158214,3.5343733,0.2385081,0,2013
1.3824041,1.5952047,1.8430893,1.0967492,1.457921,0.89391565,2.377395,1.2472051,2.393446,0.0,0.934453,0.0,1.7469189,1.0154421,0.0,0.009565651,1,2013
0.8236072,0.27427286,0.97119933,0.7245243,0.016326249,1.2479321,0.0,0.0,0.0,0.74368453,0.5390768,0.09802363,0.0,1.038265,0.8208409,0.0,1,2013
1.4928195,0.3383158,1.1412044,1.1512792,0.0,1.4423534,0.0,0.0,0.0,1.2215381,0.568922,0.0,0.0,2.4913728,2.9077632,0.75359714,0,2013
1.7498038,0.46803296,1.6256402,0.3187385,0.6295126,0.8927648,0.0,0.032756567,0.0,1.9109483,0.28870213,1.1314249,0.054724395,0.7819634,0.0,0.13170391,2,2013
1.7477181,1.1736351,1.2596214,1.121653,0.63114405,0.36098725,0.0,0.92843354,0.3942105,0.0,0.24767774,0.0,0.97489464,0.9112514,0.0,0.3603902,0,2013
1.161411,1.0850953,1.8700186,0.93890154,1.1565347,1.2015626,4.0363274,1.9150279,2.8249667,1.8728294,0.30804297,0.0,2.99819,2.5214715,0.0,0.0,2,2013
1.0026107,0.7868053,0.84045243,1.1416769,0.0,0.6401205,0.0,0.0,0.0,0.75668335,3.048025,1.686385,0.0,1.4443733,4.732003,0.016185641,2,2013
0.94919133,0.061565578,0.49666753,1.1395293,0.0,0.56853336,0.0,0.942048,0.0,2.1678777,0.47890115,0.0,0.0,2.5300806,1.6786236,0.37251192,0,2013
1.4249778,0.20009598,0.9482218,1.868648,1.1441954,1.2954841,0.6342354,0.55604243,1.4611688,2.320482,0.0,0.7225762,3.385917,1.4291325,0.0,0.1870985,2,2013
1.3034487,1.7127951,0.7328711,1.6775002,0.9582149,0.43489495,0.06857102,0.703265,0.15853177,0.00081437826,0.36874142,0.0,0.7943333,0.6862707,0.0,0.2653836,2,2013
1.4319714,1.0463341,0.3783301,0.6159648,0.0,0.6857163,0.0,1.1980109,0.0,0.7566161,0.77218795,0.0,0.0,1.4364417,1.2881467,0.14345056,1,2013
1.1312919,0.5947306,1.529104,0.6271928,0.70526344,0.83876884,0.0,0.34038442,0.0,2.3257554,0.4252844,1.7860597,0.9918363,0.7442834,0.0,0.0,1,2013
0.8237176,1.8593849,1.1070632,1.1754377,0.8399246,0.96404153,0.0,0.530246,0.1462881,0.48922837,1.3329895,2.1791294,0.7263854,0.3653334,0.0,0.0,1,2013
0.6104852,2.3403609,0.840285,1.9883821,1.7859169,0.59657806,2.3298244,1.793251,2.388695,0.37621948,1.2217176,0.0,2.2042787,1.0684896,0.0,0.0,1,2013
1.7189021,1.6958787,0.0,1.8682873,1.5758469,0.15086591,0.16037144,1.3621444,1.5813615,0.18204236,1.1266086,0.0,1.6084194,0.56380534,0.0,0.26385087,0,2013
0.7897419,2.2024508,2.1470203,0.83377874,1.9443176,1.0118258,2.2482896,1.8316414,1.5456412,1.7691258,0.71479917,0.0,1.7095416,0.33875993,0.0,0.0,2,2013
1.2520517,0.6335823,1.1422594,0.927848,1.342591,0.78518784,0.0,0.54894936,0.0,2.387431,0.3001077,0.0,1.7818077,1.0779926,0.0,0.13982809,0,2013
1.0666825,1.0950315,0.40744233,1.5324956,1.4110672,0.545748,0.22056906,1.0098386,0.0,2.4913976,0.28319702,0.0,1.4143107,1.0726475,0.0,0.38168305,2,2013
1.4949192,2.1186488,1.7144923,1.3527552,0.40797666,0.4687145,0.0,0.46963164,0.0,2.4366572,0.57566315,0.0,0.0,0.0,1.975466,0.29087126,0,2013
1.0961913,0.81045943,0.68022966,1.9047623,0.0,1.3318777,0.0,0.050839722,0.0,0.48100212,1.7901545,0.0,0.0,2.2032695,4.9906473,0.17745763,1,2013
1.1789222,0.0,0.05730921,0.8997444,0.0,0.6375879,0.0,0.008648574,0.0,0.72018427,1.8150027,0.0,0.0,2.952488,3.0252795,0.43016732,0,2013
1.3765262,0.55987674,1.4771073,1.1032468,0.0,1.2450452,0.0,0.46978396,0.0,2.368086,1.9165485,0.0,0.0,2.1543524,5.2519813,0.0,0,2013
1.0373254,0.14233875,1.0968078,1.4904852,0.0,1.2494382,0.0,0.1347661,0.0,0.76934505,0.0,0.66211754,1.3307219,2.2357807,0.29128158,0.13375562,2,2013
1.3424038,0.9199743,1.0669223,1.0164692,1.110268,0.44957685,0.0,0.0,0.0,0.5680247,0.7203299,0.0,0.41692507,0.92416656,0.0,0.42806393,0,2013
1.1012045,0.3727809,1.7158604,0.24585184,0.113099754,1.5377254,0.0,0.020337224,0.0,1.9629545,0.0,0.44387168,0.0,1.4369146,0.5913293,0.0,1,2013
1.2123415,1.6771662,1.1664556,1.2105691,0.23677248,1.0669924,0.0,0.62973547,0.0,0.33190635,0.0,0.0,0.08365041,0.47344396,0.0,0.25556433,1,2013
1.1250043,0.7665664,0.8759555,1.5278065,0.8790163,0.35021585,0.0,1.4817209,0.5017108,2.1192095,0.21037072,0.6195516,2.2686963,0.98239803,0.0,0.0,2,2013
1.7932184,0.18533444,1.6335423,0.7800154,0.53707385,1.2055141,0.0,0.49305254,0.0,2.2194653,0.0,0.0,0.191627,1.2519011,0.024589002,0.33159715,0,2013
2.2276545,0.37353742,2.187306,0.79764235,1.2013764,1.5785129,0.67869246,1.0878443,0.0,2.2067826,0.0,0.0,2.1793518,2.7890072,0.0,0.43482804,1,2013
1.2964976,1.2967077,0.41330457,1.5795248,1.8007451,0.72828877,1.5447328,0.5453943,1.3492763,0.0,0.849138,0.0,1.4319105,0.54249203,0.0,0.112885356,1,2013
0.417339,0.76952004,0.0,1.6730037,0.0,0.7965335,0.0,0.9852625,0.0,2.4152446,0.4753038,0.0,0.0,2.0145164,1.7408036,0.3870542,0,2013
1.7120993,1.2065756,1.6372244,0.5900028,1.3464983,0.38855928,0.0,0.90228754,0.4452322,2.1364849,1.3347834,2.1090453,1.6632769,0.60833716,0.0,0.0,2,2013
0.8532594,1.5156132,0.8618969,1.0677687,1.1763167,0.3389299,4.024974,1.4602687,3.1306045,0.23613429,1.155863,0.0,1.265311,2.1674612,0.0,0.13446194,1,2013
1.4080031,1.3800442,1.6633532,0.77159196,0.49798018,0.85015476,0.0,0.9908706,0.0,1.9366443,0.0,1.9860389,0.6520031,0.0,0.0,0.0,1,2013
1.4822364,1.3784568,0.5656296,1.4426117,1.220362,0.8587675,0.0,0.70902884,0.0,0.68398935,0.23288327,0.0,1.0590708,1.0242591,0.0,0.31505293,1,2013
1.0617907,1.1465462,1.4586384,1.3107975,0.9764143,0.4228529,0.0,1.311199,0.0,2.2602112,0.0,0.0,0.8779747,0.47439492,0.0,0.14554566,1,2013
0.9055978,0.85595006,0.5946094,0.32285568,0.0313496,0.0,0.0,1.1907101,0.0,1.8091142,1.1777549,0.0,0.0,1.3750695,1.0385865,0.13033122,0,2013
0.7228412,0.75905627,0.80191475,0.89766276,1.0088713,0.48566875,0.0,0.6180804,0.0,2.365623,0.61369455,0.18311319,1.4287198,0.7812745,0.0,0.0,0,2013
2.4229972,2.8685327,2.6276731,3.492885,0.0,1.6350019,0.0,0.01938802,0.0,0.42945176,1.6294615,0.0,0.0,1.1345246,6.4662027,0.66954756,0,2013
0.2772944,3.0645375,1.2526696,1.8835475,1.3671968,0.9343315,2.5260878,2.0390909,3.2696855,0.59873295,1.0708705,0.0,2.0518064,0.5478569,0.0,0.0,1,2013
0.8793367,1.605144,0.34379894,0.32010347,1.4126259,0.6237134,3.8140085,1.3589619,3.4149413,1.1274785,1.1541599,0.0,0.4921801,1.3484964,0.0,0.0,1,2013
1.1535783,0.0,0.29672205,1.0296649,0.0,0.6301416,0.0,0.54285574,0.0,1.9615042,0.6954545,0.0,0.0,2.0130603,2.0053616,0.41944873,0,2013
0.7238063,0.32900307,1.3107402,0.0,0.0,0.5780395,0.0,0.36511707,0.0,2.3275287,1.2630589,1.0848902,0.0,1.385704,2.6868136,0.0,1,2013
1.0799434,1.3802506,1.7118952,0.6937823,1.4093623,1.5232061,3.8601687,1.7274145,1.7222571,2.0764887,0.41485995,0.0,2.6782305,2.5589635,0.0,0.0,2,2013
0.926167,1.0302451,1.0000141,1.2353837,1.843435,1.0334978,2.0713894,0.8308513,1.6594856,2.252928,0.5931747,0.0,3.1517892,1.5706229,0.0,0.0,0,2013
1.54126,0.8849897,0.4015227,0.87469,0.96262074,0.30245674,0.0,0.6180937,0.0,0.48197395,1.1872112,0.0,0.4664436,1.5214181,0.0,0.28847986,1,2013
2.079111,1.317251,0.14634597,0.9851206,1.2742732,0.5157199,0.0,1.2990911,0.21434,0.7009796,0.8226661,0.0,0.6377115,0.436517,0.0,0.16649526,0,2013
2.3112302,1.1481811,1.1919389,1.6540143,0.756268,1.235518,0.0,1.5037682,0.37845725,0.05195844,0.0,0.0,1.6685853,1.2874906,0.0,0.13628054,0,2013
1.176586,1.1874211,0.3084196,1.4909587,0.66074127,0.5820778,0.0,0.3855887,0.901876,0.08302057,0.36779696,0.25785333,1.4649582,0.95295453,0.0,0.195624,1,2013
0.8549197,0.80665135,2.0374384,0.50109184,0.53858495,0.5034237,0.0,0.22709519,0.0,2.2558067,0.52660406,0.0,0.0,0.8538602,0.9967243,0.032433033,1,2013
0.5212916,2.0040755,1.7651966,1.3548657,1.5264707,1.2409637,1.8116454,1.693718,1.4858651,1.8406036,0.033177733,0.0,2.3705487,0.46028537,0.0,0.0,2,2013
1.0324143,1.0115356,1.795707,1.0468419,0.0,0.5091835,0.0,0.5393445,0.0,2.193733,0.77612376,0.23161809,0.0,1.7022259,3.750153,0.3319679,0,2013
1.509018,1.2210022,1.236913,1.3908429,1.111649,0.7488762,0.0,0.8725939,0.0,0.2964226,0.4963435,0.013416216,0.87079126,0.59434915,0.0,0.0,1,2013
1.2796234,1.160835,0.888369,1.0372045,1.4558222,0.79268867,3.1062129,0.65558237,2.3254578,0.0,0.9540186,0.0,1.7677019,1.8279903,0.0,0.21611077,0,2013
0.89905113,1.6070361,2.2545638,1.9200921,0.0,1.2095197,0.0,1.0118296,0.0,0.0,0.0,0.003375724,1.288374,1.4533248,0.0,0.15217495,0,2013
0.54551995,1.3128142,1.3109055,0.8154842,1.9153874,0.94664776,2.4735947,0.29377776,1.1218631,2.2976627,0.95948434,0.0,2.0952833,0.8044857,0.0,0.0,2,2013
0.96638435,0.9463248,1.4028497,1.4252594,0.029011965,1.6449369,0.0,0.0,0.0,0.9325733,0.0,0.0,0.0,0.88758415,0.47457242,0.29818434,0,2013
2.0618043,0.45507896,2.4798355,0.58727574,0.0,0.972447,0.0,0.31723237,0.0,2.1589456,0.0,0.0,0.0,1.643281,1.2091655,0.6312767,0,2013
1.0008969,0.95649374,0.4176678,1.7077999,1.4922078,0.46644258,0.0863524,0.9956529,0.26702654,2.3412259,0.5166461,0.0,2.124742,0.81673074,0.0,0.13918728,0,2013
1.3661597,1.1065934,1.2663296,1.4233068,0.33557513,0.17385823,0.0,0.0,0.0,2.3403738,0.9869169,0.0,0.0,0.0,1.9273067,0.56180286,0,2013
1.1278032,0.0,0.0,0.68359935,0.0,0.7028484,0.0,0.6266221,0.0,2.0777042,1.6004913,0.108379155,0.0,2.2029145,2.2993207,0.15175557,2,2013
1.9063958,0.3214995,0.48591504,1.655087,0.0,1.1226448,0.0,1.5626297,0.0,0.48648724,0.0,0.0,0.28777,2.412974,1.2312468,0.29619503,0,2013
0.82353497,0.22118908,1.635438,0.42794928,0.0,0.4792984,0.0,0.5414511,0.0,2.2079103,0.95884407,0.0,0.0,2.1981142,3.6298535,0.18160385,0,2013
1.2901222,0.69860506,0.9720646,1.2371496,1.1277179,0.852273,0.0,0.6219079,0.0,2.0388632,0.124477744,0.0,1.4697367,1.1499915,0.0,0.2711293,0,2013
1.1053587,1.522402,1.2130308,1.0964298,1.9985806,0.6066185,1.6223466,0.36550534,1.2426257,0.27225912,1.2746675,0.0,1.7910779,0.83255106,0.0,0.037147403,0,2013
0.999563,1.6541946,1.1666998,1.4049246,1.3487196,1.066225,4.218462,1.7276185,2.4314559,0.14506626,0.60120225,0.0,2.767057,3.370404,0.0,0.3560393,2,2013
1.4903626,1.3116591,0.1801498,0.63118625,1.1713277,0.25222027,0.0,0.23849857,0.33148915,1.2043811,1.1512218,0.49865657,0.22761786,0.0,0.0,0.19434679,2,2013
1.1599566,0.7924888,1.3419645,1.1823944,0.64383864,0.86151344,0.0,0.6633264,0.0,1.92419,0.0,0.08171018,0.5126445,0.7498058,0.0,0.016698122,0,2013
0.983471,1.1527383,2.144631,0.5212152,0.95029163,0.9108341,0.0,1.5750868,0.0,2.2160928,0.0,0.0,0.7740214,1.4186225,0.0,0.0,0,2013
1.4141427,1.2498776,0.51184815,1.5340681,0.7455412,0.3764789,0.0,0.39590335,0.0,0.11107218,0.2050629,0.0,0.80779016,1.1117959,0.0,0.6107937,0,2013
0.74192125,1.8994746,1.4030144,1.2705879,1.710028,1.1327109,2.0056322,2.0172617,1.359601,2.2154818,0.16261753,0.0,2.6764936,1.0359291,0.0,0.0,2,2013
0.7788639,0.30472696,0.6956557,1.4147115,0.0,0.3235438,0.0,1.3639948,0.0,1.6038401,0.41905355,0.0,0.0,2.2384138,2.4431999,0.30186272,0,2013
1.0250777,0.58758855,2.294486,1.0061989,0.0,1.1228265,0.0,0.71197325,0.0,0.64017975,0.13524222,0.0,0.0,2.6198828,2.4521315,0.0,0,2013
2.0708957,2.0484304,1.502604,2.1323833,0.0,0.5361623,0.0,0.10544288,0.0,0.95577276,1.5356038,0.0,0.0,0.0,5.4250817,0.8496312,0,2013
1.3946877,0.3007375,0.3496002,1.0669279,0.20251834,1.552546,0.0,0.0,0.0,0.5105072,0.18383366,0.0,0.0,0.6821455,0.45261747,0.029486358,2,2013
0.8024322,1.7371385,1.0804034,0.92134535,1.1040392,0.2792133,0.0,0.83129096,0.0,1.4799917,0.752368,0.09616037,0.7770264,0.32753277,0.0,0.07362175,2,2013
1.3417612,0.57847667,1.1250608,1.5553696,0.9224225,1.2062069,0.0,1.0285463,0.2751582,2.3935068,0.0,0.3818384,2.2474418,0.7348093,0.0,0.059754908,1,2013
0.5467262,1.6660812,1.8470064,1.1424505,0.6081418,0.79590875,0.0,0.65100807,0.0,0.43491942,0.0,0.0,0.4019249,0.69356996,0.0,0.0,0,2013
1.2350394,1.2790763,1.2076733,0.6461362,1.7202628,0.81102985,2.5924184,1.2415628,1.5846064,2.1300118,0.83194923,0.0,1.7537289,0.9591508,0.0,0.0,2,2013
1.3744373,0.42381692,1.8984389,0.74590087,1.0834045,0.74324477,0.0,0.5881046,0.0,2.199667,0.1331357,0.0,0.69175667,1.0655154,0.0,0.033694446,0,2013
0.99462,0.53957677,0.07350814,0.594116,1.2100102,0.7581032,4.536464,0.92255974,2.9095237,2.253095,1.04779,0.0,1.3467572,1.9591801,0.0,0.027174711,2,2013
1.3522209,2.013824,1.2604387,0.61261165,1.3373688,0.33993715,0.021205887,0.70568645,0.25035116,0.0,0.8981626,0.0,0.2396796,0.33855674,0.0,0.013810158,1,2013
1.570232,1.1441613,0.46571648,1.2353232,1.4531659,0.057647824,0.0,0.38914633,0.0,0.34024176,1.4605091,0.0,1.1657648,1.2990885,0.0,0.3669114,0,2013
1.5378107,0.8754145,0.9074947,1.2634023,0.8745995,0.46532223,0.0,0.6030082,0.09089357,0.84660226,0.29965442,0.101895556,1.0417118,0.41509324,0.0,0.08790195,2,2013
1.6798232,1.3872681,1.0888872,1.2384827,1.0772271,0.9276738,0.0,1.0239782,0.0,0.5839056,0.0,0.0,0.9876574,0.77303034,0.0,0.19642186,0,2013
0.59731054,0.87836117,0.29585224,2.1425235,0.8091094,1.5102868,0.0,1.6391889,0.0,2.4381526,0.0,0.0,1.444068,1.8188534,0.0,0.01039505,0,2013
1.5646237,0.0,0.05378139,1.1463215,0.69111955,0.9939686,0.0,0.06350696,0.0,1.5774968,0.8078897,0.0,0.67849684,1.7066343,0.043118387,0.31284213,0,2013
1.3025787,1.4850998,0.59374785,1.4219491,0.70370615,0.95792294,0.0,0.72650206,0.0,0.714641,0.0,0.0,0.69480515,0.57239366,0.0,0.16259092,0,2013
1.8966417,0.58623356,1.013735,0.9809246,1.3458507,1.1964873,1.697611,1.0816412,0.48069718,2.3661935,0.0,0.0,1.6827419,1.2590612,0.0,0.21304536,0,2013
2.4691544,2.5049553,3.5457537,2.753376,0.0,2.0498857,0.0,0.0,0.0,1.2561449,3.8007028,0.6702564,0.0,0.09957248,8.963769,0.0,0,2013
1.2356119,1.7287248,1.5258653,1.3868349,1.3394923,1.100388,2.2230332,1.080441,1.6819644,0.0,0.49922955,0.0,2.270269,1.6736827,0.0,0.09689289,0,2013
1.6084919,1.0724196,1.3118832,1.8177171,0.838432,0.7699933,0.0,1.3244746,0.4706291,1.293078,0.0,0.0,2.331433,1.246352,0.0,0.2559592,1,2013
0.3588935,2.1920278,1.5525602,1.150064,1.8021094,0.7336262,1.6008492,0.69047105,1.040148,0.3471155,1.0386934,0.0,1.5707402,0.46228024,0.0,0.0,2,2013
0.5969907,0.23961443,1.0312891,1.2456819,0.0,0.34678525,0.0,0.63105094,0.0,2.146583,0.5847218,0.0,0.0,1.7790244,2.7254052,0.3704152,0,2013
1.6501606,0.6784149,0.86773074,1.5104529,0.23120219,1.2295948,0.0,1.1285021,0.0915689,0.54597807,0.0,0.07155373,1.0756243,0.7794409,0.0,0.0,1,2013
1.792106,0.01576209,1.2910395,0.6186255,0.0,0.9744119,0.0,0.5792584,0.0,2.27637,0.1578553,0.0,0.0,1.6636878,2.051643,0.44779322,2,2013
1.0709579,0.7264779,1.4026427,1.4503944,1.2177026,0.88916177,0.0,0.9709255,0.0,2.150545,0.040831566,0.04010874,2.3527846,1.4267898,0.0,0.0,0,2013
0.9737112,0.29006854,1.3177919,0.49357617,0.0,0.74072325,0.0,0.0,0.0,1.0528367,2.7131712,1.6996607,0.0,2.4305444,4.66091,0.045496285,0,2013
1.6896193,0.0,0.62859845,0.76694745,0.0,1.1686674,0.0,0.46283805,0.0,2.08087,0.50301224,0.14603563,0.0,1.2420284,1.1559535,0.3585909,0,2013
0.54394484,1.1964407,2.6409676,1.200227,0.0,0.54616463,0.0,0.8681697,0.0,1.9712391,1.0927538,0.0,0.0,1.8152514,4.1471815,0.0,0,2013
1.2968879,1.4092417,0.6466912,1.1593449,2.1711893,1.4617703,1.4834411,0.7572876,1.0884333,0.0,1.1817377,0.0,2.1416337,1.0698225,0.0,0.0,0,2013
1.3390546,1.4160937,2.0339565,1.5137817,1.2437773,2.1236076,3.9215543,2.51224,1.6547985,2.0053113,0.0,0.0,3.7901268,3.2629516,0.0,0.019168675,2,2013
0.39428678,2.2743654,1.0789738,1.2501205,1.8965592,0.6713407,1.6227823,0.8589178,1.3486946,0.4373706,0.8990206,0.0,1.8175957,0.51417255,0.0,0.0,2,2013
2.046762,0.3373889,1.0294018,1.639649,0.90832686,1.0624583,0.0,0.95607036,0.0,1.3631883,0.0,0.0,2.083721,1.6875228,0.0,0.23220778,0,2013
1.6339567,0.39002186,0.0,1.6159997,0.6192296,1.0031548,0.0,0.21398884,0.0,0.7966339,0.5444366,0.0,0.6331821,1.3401321,0.0,0.31169915,0,2013
1.0377936,1.5584319,0.879099,0.54216063,1.8474779,0.64130044,2.9002936,1.3526678,1.8771002,2.1913729,1.2924137,0.0,1.486104,1.1265593,0.0,0.0,2,2013
1.1152067,1.3555803,1.3209965,0.5154973,0.47857153,0.74557126,0.0,0.3501231,0.0,0.63772464,0.32321796,0.0,0.0,0.25070208,0.06875086,0.001032114,0,2013
1.9297915,1.1591389,0.9067319,0.792707,1.5939507,0.63394916,0.0,0.6886472,0.24137247,0.35860217,0.7706845,0.0,1.3490238,0.99121755,0.0,0.07487649,1,2013
1.4880097,1.9788092,1.1411214,1.5636946,0.5822785,0.35657847,0.5494683,1.5941169,3.9143333,0.132294,0.066807985,0.6330324,2.4940474,0.85589737,0.0,0.19076174,2,2013
1.0235577,0.8386476,2.2624416,1.0503464,0.41485348,0.7042241,0.0,1.0639834,0.0,1.5979667,0.0,0.39150828,1.4239957,0.8320373,0.0,0.0,2,2013
0.30596846,2.0274067,1.6277888,1.107697,1.5570327,0.96823406,2.5246344,1.15285,1.3237727,1.7237968,0.6108581,0.0,1.9239502,0.70051277,0.0,0.0,2,2013
0.8663836,0.34997398,0.86733365,0.78677726,0.0,0.1861943,0.0,0.15488523,0.0,2.2867877,1.1702447,0.8125275,0.0,1.9848213,3.021756,0.6368669,0,2013
0.47151747,0.0,0.4690324,0.6044138,0.0,0.6062174,0.0,0.6163435,0.0,2.338924,1.4290838,0.0,0.0,1.8688643,2.9330168,0.0,1,2013
1.5606443,0.7454227,1.0759891,1.7576439,0.63980186,1.0899591,0.0,1.9730091,0.084997505,2.1810486,0.0,0.0034129769,2.1102395,1.5311584,0.0,0.149723,0,2013
0.88109976,1.4245722,0.7126123,2.2134972,0.89717376,0.5710299,0.0,0.35764134,0.05111,0.4839527,0.13118452,0.0,1.7628772,1.106813,0.0,0.3856244,1,2013
1.0074128,1.0546105,1.2653321,1.6701243,1.0136226,0.4290165,0.0,0.7534772,0.0,2.3848953,0.0,0.0,1.0200326,0.8430492,0.0,0.54935515,1,2013
1.6110097,0.29813176,1.1240251,0.27795947,1.0333169,0.0,0.0,0.0,0.0,2.236149,1.369539,0.0,0.0,0.0,0.5469109,0.27674907,2,2013
1.1303589,0.0,0.69780624,0.89930487,0.0,0.6975836,0.0,0.0,0.0,0.7589929,2.3211071,0.0,0.0,2.370403,4.820781,0.3533002,0,2013
1.6563962,0.458775,0.6437787,1.502291,1.4598944,1.012094,0.0,0.88123477,0.0,2.4800565,0.17522377,0.0,1.873801,1.4377502,0.0,0.2468285,1,2013
1.157819,0.64689696,1.5305431,0.20970342,0.0,0.6947808,0.0,0.59754205,0.0,0.6552306,0.7819685,0.0,0.0,0.7066698,2.5826592,0.0,0,2013
1.1139538,1.4532063,1.3232503,0.12889409,0.13643706,0.35735112,3.975164,1.4179015,7.0081353,0.7802949,0.8892975,0.53971833,2.024633,1.9221625,0.47307038,0.0,1,2013
1.3357888,0.7189771,0.30521488,0.7539498,0.6400363,0.8672088,0.0,0.0,0.0,0.27139968,0.9739014,0.0,0.0,1.0024686,0.17306107,0.1262809,1,2013
2.042529,0.40791342,0.85606146,0.52671266,0.5042429,0.50123805,0.0,0.6073477,0.0,2.3128636,0.8013358,2.0928698,0.49844155,1.006886,0.0,0.24424893,2,2013
0.88121295,1.7129754,1.510977,0.95358783,1.2072458,1.1653092,4.2632556,1.919827,3.804535,1.4893024,0.35483363,0.0,3.4652374,2.7769473,0.0,0.067328036,2,2013
0.97201526,0.6219241,1.0434079,1.4045024,0.40403628,0.7982818,0.0,0.7374426,0.0,2.3643143,0.0,0.0,0.23636901,1.590807,0.49668294,0.34381014,1,2013
0.82553446,1.7783968,1.166711,0.62373006,1.877679,0.9617688,2.7800043,1.2519171,1.4624257,2.2494404,1.098141,0.0,1.4226179,0.76530665,0.0,0.0,2,2013
0.4746828,1.5969913,2.5654588,1.9269819,0.0,0.77487147,0.0,0.6910524,0.0,2.2734098,1.8281379,0.0,0.0,0.8131058,5.652436,0.0,0,2013
0.96589756,1.4981627,1.034996,1.065658,1.9111366,1.3024867,3.7323701,1.2696462,1.1245245,2.0899687,0.6994782,0.0,2.9343617,2.820859,0.0,0.12017584,1,2013
0.58282214,1.7287899,1.493021,1.0233622,1.4441347,0.86802197,3.3625429,1.4223942,1.5917258,2.0284142,0.72077066,0.0,1.9484179,1.408227,0.0,0.0,2,2013
0.073408544,1.3813066,0.67763144,1.004853,0.32751808,0.9247553,0.0,0.0,0.0,0.17469269,0.69077903,0.16235983,0.19290704,0.9011911,0.19818527,0.0,0,2013
1.9728142,0.5977137,0.0,1.8131485,0.89626276,1.0108132,0.0,0.0,0.0,0.6508937,1.0007122,1.9166456,1.358696,1.154495,0.0,0.20035625,2,2013
0.989383,1.2395978,1.3387418,1.4742597,1.8077669,1.1344537,1.5096132,1.3686714,1.0002978,2.1574185,0.2295079,0.0,2.9528666,1.2280014,0.0,0.0,0,2013
0.96923137,2.2245336,1.6771033,2.0651498,0.5714545,0.7639696,0.11135553,1.389609,0.42587757,0.06344038,0.0,0.0,0.97764254,0.5556582,0.0,0.15693122,1,2013
0.21761566,1.3709832,1.5837044,1.5705924,0.7871406,1.0051724,0.0,0.0,0.0,1.9872825,0.0,0.0,0.9641509,0.56027925,0.0,0.08300197,1,2013
0.43954545,1.1841831,1.3716695,1.1817503,0.9574702,0.072009325,0.0,0.32116413,0.0,2.3648715,0.594801,0.0533178,0.54102975,0.0,0.0,0.085730195,0,2013
0.9375441,0.8358417,1.1995814,1.521117,1.1802771,1.1961888,0.0,1.2985097,0.0,2.3005757,0.0,0.0,1.5670338,1.6979908,0.0,0.0,1,2013
1.5580161,0.99955785,1.2255355,1.8544478,1.2243395,1.1448812,1.1139946,1.4275388,0.0,2.2621617,0.0,0.0,2.0109596,1.6606815,0.0,0.36289573,0,2013
2.1320083,2.737801,3.8854089,3.1815355,0.0,1.4023991,0.0,1.1770439,0.0,2.0206459,0.7892935,0.0,0.0,0.18641281,7.502278,0.13743311,0,2013
1.0226734,0.021165848,1.0650274,0.2590921,0.0,0.7322438,0.0,0.73642683,0.0,2.2817626,0.58727556,0.0,0.0,1.6819913,1.8195442,0.043860614,0,2013
0.65752256,0.5371638,1.9343519,1.3601757,0.0,0.9088881,0.0,1.3174042,0.0,2.0817673,0.8120726,0.0,0.0,1.9598944,4.5469856,0.0,0,2013
1.1785705,1.3271252,1.0733651,0.6082529,1.737452,1.0197546,1.277491,1.759588,0.8435321,2.130259,0.7199571,0.0,2.1522949,1.1857247,0.0,0.0,2,2013
1.3097591,0.6836457,0.0,0.86506605,0.8436763,0.6634109,0.0,0.0,0.0,0.23452812,1.4600489,0.0,0.0,1.3983865,0.13119926,0.18681127,2,2013
1.6047697,0.91214,0.92083865,1.1870826,0.6693747,0.41949883,0.0,0.698942,0.39208445,0.41697952,0.22163436,0.21372353,1.2119743,0.49836817,0.0,0.22985584,0,2013
1.9171458,0.72160375,1.6784365,0.50732625,1.6656624,1.4456137,1.9567742,1.1820809,1.0955153,1.9696207,0.1948776,0.055268593,3.4922113,2.641914,0.0,0.08207059,1,2013
1.3700228,0.96049076,0.63676625,0.9668694,1.3419402,1.4101985,0.0,1.0614375,0.0,2.6330357,0.09920895,0.0,1.4218864,2.4661932,0.0,0.22788066,1,2013
1.0317429,0.078449845,0.20084208,0.8734649,0.0,0.43270904,0.0,0.1330294,0.0,0.77049255,1.3765327,0.0,0.0,1.7007148,3.2483647,0.43909216,0,2013
2.0180802,1.608922,1.0041753,0.7958646,0.8368739,0.49589518,0.0,1.2691884,0.74821013,0.0,1.0083584,0.23048106,0.27342108,0.16126049,0.0,0.0,1,2013
1.5598474,0.66550326,0.8200088,1.6372455,1.1238664,0.9723434,0.0,0.76106703,0.0,2.3721135,0.0,0.0,1.9597702,1.6504655,0.0,0.40527368,0,2013
0.12694275,1.1467559,1.1333723,1.2751793,0.028452814,0.94224495,0.0,0.31575745,0.0,0.971734,0.17997783,0.58471805,0.12343991,0.72010934,0.40864515,0.0,2,2013
1.3348776,1.7854831,1.9873325,0.964648,1.0589744,0.559931,0.007562548,0.935199,0.8629327,0.31341654,0.086492,0.0,1.497138,0.7094995,0.0,0.056806147,2,2013
0.9467611,0.7909127,0.62349653,1.0126498,0.6354219,0.70389926,4.4698005,0.5820109,3.7297935,0.16737854,0.98570323,0.0,2.0371325,3.0680678,0.11048349,0.43960047,2,2013
1.1015468,1.8390256,1.5024414,1.6225308,1.2183002,1.1789291,3.2636817,1.344893,1.7471054,0.18350583,0.06713855,0.0,2.2770252,2.0825434,0.0,0.24869978,1,2013
0.61794776,1.0347769,0.8145132,1.5001698,0.0,0.23859465,0.0,0.45956558,0.0,0.25604284,1.0601875,0.0,0.0,0.6604503,2.3851943,0.2737509,0,2013
1.0096546,1.1861157,1.7213762,1.0114998,0.64032745,0.9593274,0.052552126,0.21418053,0.0,2.113527,0.0,0.0,0.060424745,0.044953346,0.0,0.2597006,2,2013
1.0008057,0.9044035,1.2299503,1.2447441,1.0529361,0.9402974,0.0,0.0,0.0,2.5473297,0.62419176,0.87268347,0.7781794,0.29067653,0.0,0.23683459,1,2013
1.5450451,0.08291,0.87888956,1.371316,0.7920665,1.1034207,0.0,0.49494082,0.0,2.411492,0.004737258,0.0,0.91885924,1.7351923,0.0,0.5187187,1,2013
1.452304,1.2932518,2.228746,1.2707276,0.76573074,0.5871743,0.0,1.0948261,0.0,2.2640367,0.0,0.0,0.05338353,0.0,0.6070985,0.011860907,2,2013
1.2827572,0.43225077,0.7227275,1.3608338,1.2236642,1.12187,0.0,0.93627334,0.0,1.9859891,0.14183989,0.0,1.3723891,0.71882015,0.0,0.0,1,2013
0.7868822,0.74737924,1.0333798,0.75270736,0.0,0.0,0.0,0.7884962,0.0,1.885067,1.3802202,0.0,0.0,0.8369122,3.242498,0.23380601,0,2013
1.6181178,0.41926503,0.0,1.1401727,0.89212817,1.1669023,0.0,0.80716676,0.0,0.6745696,0.89425266,0.0,0.5904075,1.7666323,0.0053897947,0.0,2,2013
1.5178947,0.4880986,1.2089034,0.6566231,0.46499535,0.87602276,0.0,0.9951885,0.0,2.341802,0.0,0.0,0.0078392625,1.14696,0.20899713,0.2559371,1,2013
1.1592213,1.1591135,0.5950054,0.85728645,2.1133342,1.481092,2.903495,0.82384825,0.7137023,2.3436365,0.9676194,0.0,2.523165,2.119362,0.0,0.0,2,2013
0.9010267,0.1319198,1.3738723,0.19777215,0.0,0.7684523,0.0,1.3238255,0.0,2.1788456,0.20792916,0.0,0.0,1.5903578,1.6721948,0.0,0,2013
0.52935827,2.2899415,1.7445067,0.8742251,1.5149071,0.79284894,2.0717616,1.7955458,2.2428658,2.108789,0.6657104,0.0,2.6436124,0.9760884,0.0,0.0,2,2013
1.3943486,1.9745549,1.989907,2.5669417,0.0,0.8572128,0.0,1.1198993,0.0,0.61723524,0.85689265,0.0,0.0,0.7351986,5.1758666,0.3814662,0,2013
0.9049154,1.6431707,0.31069505,1.1984999,1.3311504,0.33713377,0.0,1.0345337,1.3684862,0.4705168,1.1738718,0.18696229,1.9787765,0.7952192,0.0,0.0,0,2013
1.6707072,0.68171287,0.6995151,1.5299895,1.0569448,0.7582623,0.5223616,0.0,1.8349943,0.5316107,0.0,0.5226318,2.2520797,1.0194266,0.0,0.37782454,2,2013
1.5450141,1.5043793,1.6084425,0.3491728,1.732323,1.0843872,2.6185558,1.1831095,1.242514,1.675525,0.51051974,0.0,2.2602987,1.9133036,0.0,0.07718724,2,2013
1.8546836,1.3738139,0.37986523,1.0686268,1.4200455,0.80245334,0.0,0.3929125,0.28339607,0.2636301,0.5345663,0.0,0.5540931,0.0,0.0,0.16274059,1,2013
0.5151204,0.31229728,1.587371,0.023332238,0.0,0.0,0.0,0.54227585,0.0,2.303296,1.1222334,0.0,0.0,0.54053986,3.6618574,0.0,0,2013
1.5049207,0.956202,0.10911453,0.856574,1.2807264,1.2375937,3.5508559,1.1754355,2.3666625,0.9166718,0.8221206,0.0,2.2215066,2.8510435,0.0,0.06496209,2,2013
0.7371654,0.6319988,0.46455485,1.1906126,0.19664434,0.5447935,0.0,0.64326787,0.0,2.3917828,0.6882777,0.0,0.0,0.80756104,0.96582854,0.29993367,0,2013
0.9907979,0.0,1.0703923,0.7419932,0.0,1.0914898,0.0,0.0,0.0,0.5610943,2.2877486,3.0843773,0.0,1.8744931,4.659949,0.0,0,2013
1.2573261,0.5222164,2.0157373,1.0942377,0.0,0.27312672,0.0,0.0,0.0,0.48469839,1.4037781,0.0,0.0,1.0591736,4.3035264,0.6407668,2,2013
1.1171947,1.1871346,1.0392321,0.92109084,1.1166967,0.6866478,4.02025,1.4639907,1.7359309,1.9732053,0.73785025,0.0,1.8929243,2.7470915,0.0,0.14871538,2,2013
1.2754184,0.4904291,1.1456199,1.4771531,0.20083004,1.0004127,0.0,0.6878056,0.0,0.0,0.28041017,0.0,0.65988076,1.7449815,0.25360158,0.0,1,2013
1.1462,1.1555411,0.66361874,0.5278668,0.3623998,0.52508146,0.0,0.0,0.0,0.49856582,1.5536823,2.1095154,0.0,0.76703995,0.24787426,0.0,2,2013
0.5181513,0.10084021,1.5103059,0.93765986,0.0,0.4998095,0.0,0.15523964,0.0,2.2175984,1.5932233,0.008156374,0.0,1.9043715,4.0983024,0.03642738,0,2013
1.6169913,1.02326,1.460923,0.5809983,1.4300973,2.15406,2.9485416,1.013686,0.7128208,1.762728,0.09117174,0.0,3.06607,3.1087034,0.0,0.0,1,2013
0.0,1.3096334,1.0445619,1.1389129,0.0,0.5603039,0.0,0.5670117,0.0,0.90868175,0.7559598,0.72761375,0.0,0.59036297,0.74177194,0.0,0,2013
1.1271209,0.8129525,1.5741693,1.1047966,0.9160747,0.47249576,0.0,1.3680049,0.0,1.9776461,0.133573,0.0,1.4278355,1.3717914,0.0,0.0,1,2013
0.6356597,0.24017516,0.41057277,1.152805,0.0,0.12892544,0.0,1.7754748,0.0,2.0504382,1.14068,0.0,0.040432513,2.4366238,1.653519,0.0,2,2014
0.763028,1.3432841,0.8476045,1.0718043,0.0,0.19955653,0.0,1.6398809,0.0,2.1364658,0.92054343,0.0,0.0,2.8620746,1.7467887,0.0,0,2014
1.7866592,0.0,0.78098536,1.641921,2.064178,1.0064006,0.60189015,0.33517784,1.7643962,0.8332165,0.76557225,0.0,2.499868,0.0,0.0,0.0,1,2014
1.1858003,0.52637136,1.2961359,1.0557915,1.2918808,0.9361091,0.0,0.70650244,0.0,2.4408596,0.13419688,0.0,1.2630781,0.8930094,0.0,0.0,2,2014
1.4796846,0.37858772,1.2649565,1.053816,1.7922021,1.4628296,1.5511166,0.0,1.5884473,1.050257,0.7251804,0.0,1.9181643,0.0,0.0,0.0,2,2014
1.5870883,1.7575865,1.2413327,1.0679283,0.62535954,0.90650195,0.0,0.12309593,0.0,0.68376595,0.0,0.0,0.26642308,0.97801024,0.0,0.12733102,2,2014
1.6108925,2.4091158,1.2354834,1.1836834,0.14554298,0.80128986,0.0,0.34630895,0.0,0.3046705,0.0,0.0,0.0,1.4368387,0.0,0.35062373,0,2014
0.5639349,1.0285755,0.82367396,1.8504744,0.0,0.52827317,0.0,1.9650595,0.0,0.93751425,3.172121,0.0,0.035246015,3.7046072,4.612153,0.0,0,2014
1.6199677,0.41869584,1.0510347,1.0067835,1.2999034,1.1927714,2.0211596,0.0,1.7225449,0.16277134,0.7356795,0.0,0.98752,0.053707898,0.0,0.0,2,2014
0.3715155,1.0068562,0.96959203,1.1033138,0.0,0.56191456,0.0,1.6603296,0.0,2.1020205,1.3912679,0.0,0.0,3.0338547,2.2895272,0.0,0,2014
0.9637095,0.15372348,1.3868654,1.0073653,0.0,0.05001694,0.0,1.3091159,0.0,1.5965872,1.4556448,0.0,0.24960354,3.8066187,2.7062624,0.07944071,0,2014
0.0,2.9316897,0.6401361,2.466586,1.1504846,0.6394936,2.719636,1.4590342,1.7412829,2.6152804,0.10820085,0.0,0.87536085,0.0,0.0,0.0,2,2014
2.0703216,0.89852464,0.48805952,0.978562,0.0,1.5217729,0.0,0.24161065,0.0,2.5946736,0.32314286,0.79130054,0.0,2.8859398,1.0086573,0.47900242,1,2014
1.5876302,3.5202699,1.7867177,0.0,1.2076149,0.76212454,1.53279,0.0,0.2610015,2.711934,1.2615619,0.7053974,0.0,0.0,0.0,0.15860754,2,2014
0.70044065,0.9732549,1.6539273,2.1805527,1.805475,0.18892431,0.0828192,0.5306448,1.1487757,0.0,1.1268024,0.0,2.9492462,0.876993,0.0,0.0,0,2014
1.0796683,0.7532951,2.3050735,3.1237016,1.3712895,0.274051,0.0,2.985425,1.4432807,1.8777244,0.5022142,0.0,3.5879562,0.27304596,0.051020652,0.0,1,2014
2.0846062,3.050758,0.0,0.0,0.0,0.8379491,0.0,0.84469426,0.0,1.3871038,1.1948466,0.0774634,0.0,0.35160932,0.7430632,0.13593084,1,2014
1.8378285,0.6154844,0.8215362,1.058186,0.26079807,1.0502174,0.0,0.40398365,0.0,0.0,0.33937645,0.22485511,0.58586997,1.5233948,0.026578233,0.0,0,2014
0.5703752,1.2899853,3.0499034,1.7934496,0.82051307,0.26962322,3.8944356,1.8071754,4.447402,0.0,1.6542575,0.0,1.3054731,0.86132574,0.52931225,0.07203418,0,2014
2.0186849,3.0819983,0.7055515,0.0,0.0,0.0,0.0,0.37263453,0.0,1.47125,1.8825595,0.5395363,0.0,1.3751221,1.6705472,0.891149,0,2014
1.7210665,0.37657908,0.3266881,1.9051182,1.3558078,1.7979357,0.0,0.9540996,0.0,2.6357086,0.0,0.0,1.2088118,0.7253941,0.0,0.0,1,2014
0.71703637,2.384389,0.3980688,1.3940592,1.7086661,0.3324625,0.83561057,0.23724115,0.9945357,0.6614295,0.7417312,0.0,0.4139129,0.0,0.0,0.12456882,1,2014
1.329699,0.5599915,0.34960574,2.2188907,1.3275948,0.42746276,0.0,0.42293507,1.7938974,0.018734694,0.4229201,0.0,2.3297784,0.01652503,0.0,0.0,0,2014
1.2673002,0.18248492,0.6551759,2.2159534,0.0,2.3238978,0.0,1.2510782,0.0,1.3279738,1.8495922,0.0,0.0,4.435706,5.8744316,0.0,0,2014
1.8555107,0.6226065,1.7908198,1.0451539,0.9250084,0.5385755,0.0,1.8199444,0.0,2.1111698,0.10713422,0.0,1.3020172,1.0337214,0.0,0.0,0,2014
1.757113,0.8284724,1.0756267,2.4635525,1.1763963,0.75103796,0.17057589,0.9095059,0.8496408,0.46914294,0.0,0.0,1.9084425,0.34216648,0.0,0.025790215,0,2014
1.0629874,1.9746221,1.1818436,1.330678,0.6308865,0.31453776,0.0,0.6295082,0.0,2.0384197,0.26537254,0.0,0.38928643,1.1383504,0.0,0.2950623,2,2014
0.93208086,0.31329668,0.56294,2.5948062,1.002446,1.0646821,0.0,1.1554226,0.0,2.212532,0.0,0.0,1.6808102,1.207194,0.0,0.0,0,2014
2.3707013,0.880486,2.119096,0.03429222,1.3303053,0.80727345,0.0,0.35010463,0.0,2.4890318,0.1440815,0.0,0.5280303,1.286804,0.0,0.14945972,0,2014
1.4502931,2.4490633,1.2670493,0.6060962,0.66074,0.0,0.0020199418,0.10204613,0.0,1.0124604,0.7642066,1.114762,0.038891852,0.55695707,0.0,0.13175172,2,2014
0.57560146,1.2345275,0.8498622,1.8633492,0.97935313,1.2983956,0.0,1.0510985,0.0,2.5335665,0.0,0.0,1.578902,0.69944644,0.0,0.0,2,2014
2.5863848,0.0130268335,2.4084454,1.1156454,1.4027926,1.8351303,0.706132,1.2335978,0.46672708,2.1279967,0.0,0.0,2.5289276,0.99163544,0.0,0.0,0,2014
1.4038308,0.8420892,0.60999644,1.336518,0.811474,0.57048357,0.0,0.40383404,0.0,2.382164,0.3121802,0.29619956,0.84991014,1.0086584,0.0,0.15962583,1,2014
1.3875699,1.4024088,1.2468956,1.4910891,1.3012367,0.63418853,0.0,0.61598396,0.29196978,0.0,0.30206394,0.0,1.4788902,0.6720814,0.0,0.0,1,2014
0.9918639,1.1606243,0.9678113,1.6325324,0.0,0.75887316,0.0,1.7513747,0.0,0.13756752,2.585102,0.0,0.0,3.449964,4.1000757,0.0,0,2014
1.190937,0.9670846,2.249214,0.037082136,1.3856877,0.29676658,3.3785784,0.05683613,1.5614538,2.0593863,1.0798745,0.0,0.48980638,0.67591035,0.0,0.0,1,2014
1.0733184,0.47794133,2.3313398,1.1450223,0.89789385,1.1977087,3.3407488,1.0528092,2.577719,2.0153525,0.0,0.0,2.1267235,0.5217414,0.0,0.0,2,2014
1.012147,0.83833265,0.85410684,0.79675806,0.0,0.3864892,0.0,1.094766,0.0,0.7875889,1.0269523,0.0,0.0,2.7732177,1.8552649,0.0,0,2014
1.575274,0.69416016,0.8273099,1.0073923,0.4226395,1.0968134,0.0,0.7523018,0.0,0.56503195,0.12644628,0.0,0.22276288,1.3874263,0.0,0.0,1,2014
1.0559078,0.7094746,1.6605535,2.1216757,1.3802221,1.5969598,1.3631722,0.89791036,1.0416598,0.89064395,0.0,0.0,2.5555398,0.42423254,0.0,0.0,1,2014
0.96389484,0.57112694,0.95163274,0.92645085,0.0,0.4062029,0.0,0.9435908,0.0,2.1098223,1.8477571,0.0,0.0,3.434727,3.2537303,0.0,0,2014
1.7979329,2.1416855,0.37900668,1.6230177,0.018430054,0.3538962,0.0,0.11029512,0.0,0.96346307,1.1241747,0.0,0.0,1.4235702,1.6994175,0.71593475,2,2014
2.1681805,0.780154,0.7049402,0.83988386,0.3414563,0.6258132,0.0,0.0,0.0,0.7774232,0.56979626,0.0,0.0,1.5067605,0.16606721,0.4511687,2,2014
1.8831185,1.0762343,1.1032646,0.9336138,1.0116676,0.32257682,0.0,0.30200106,0.0,0.89174485,0.5543629,0.02573689,0.6130188,0.83627796,0.0,0.018630028,2,2014
0.88742495,1.0297606,1.1298172,0.88068974,0.9790484,0.18797421,0.0,0.712994,0.0,2.275791,0.7585373,0.7128614,1.16138,0.77313286,0.0,0.0,0,2014
0.8057292,1.685503,1.4664767,1.3415986,1.5507488,0.5019617,1.0592942,1.0750666,0.780594,2.3652189,0.0,0.0,1.7430041,0.044870377,0.0,0.0,2,2014
1.1055822,0.92192596,0.2740456,1.4095881,0.0,0.7005351,0.0,1.1953967,0.0,2.4448297,1.2479705,0.0,0.0,2.6003509,2.5879388,0.0,0,2014
0.87508225,1.3772192,0.70183015,1.9325016,1.4996308,0.6662192,2.0637338,0.5471258,2.0895696,0.18304616,0.52446765,0.0,1.1358795,0.0,0.0,0.0,2,2014
1.7621255,1.4101452,0.8197501,1.5321058,1.0369637,0.36879158,0.70883137,0.43100703,1.516088,0.111976266,0.08689648,0.0,1.0637112,0.17557967,0.0,0.17706025,2,2014
1.4316748,0.7723025,1.1608492,1.3235078,1.066085,1.1413401,0.0,0.76394165,0.0,2.563913,0.0,0.0,0.95194274,1.1168891,0.0,0.0,0,2014
0.8057604,0.7461289,1.8382261,0.7922014,1.0429263,0.43510917,3.9823449,0.56211936,2.4638913,1.9996324,0.6390797,0.0,1.2156496,0.7843446,0.13660666,0.0,0,2014
1.4016347,1.1643919,0.7668687,1.5280384,0.6968672,0.650034,0.0,0.41645163,0.0,0.0,0.25054348,0.0,1.1491628,0.9996272,0.0,0.0,2,2014
1.480438,0.9263238,0.8416558,1.0536301,1.308677,0.74424934,0.0,0.0,0.0,1.1868124,0.69566935,0.0,0.5857352,0.6748203,0.0,0.049759984,0,2014
0.98173404,0.3312215,0.5673511,1.1597306,0.0,0.57152283,0.0,1.5283978,0.0,2.0137393,1.3236691,0.0,0.0,3.363688,2.986149,0.0,2,2014
1.4130235,0.94946516,0.8994856,0.08428419,0.0,0.7718951,0.0,0.37604523,0.0,0.014109552,1.5339185,0.43955076,0.0,2.19505,1.6939766,0.0,0,2014
0.98731244,0.9476592,1.9102495,1.3882227,1.7134753,1.3924836,1.1135737,0.63613415,0.5776054,0.84624225,0.22759247,0.0,2.330229,0.70459247,0.0,0.0,2,2014
2.2530465,0.8869029,2.0646822,0.5974278,1.3597426,1.2933966,0.0,0.35689163,0.0,2.562263,0.0,0.0,0.8768137,0.8914226,0.0,0.02135545,1,2014
1.3643411,0.892982,0.87842536,0.9190601,0.8178345,0.95022696,0.0,0.0,0.0,1.1373547,0.53498006,0.0,0.37786728,1.1156852,0.0,0.0,2,2014
1.0342796,0.3019625,1.6940491,1.1710234,0.88902813,1.1758802,2.9240391,0.6205289,3.2784183,2.1430933,0.1332264,0.0,2.552277,0.57220316,0.1949951,0.0,2,2014
1.2301161,0.8283287,1.0066018,0.44343016,0.16482055,0.82202446,0.0,0.89219886,0.0,2.4267733,0.3691768,0.0,0.0,1.7263229,0.56904846,0.0,0,2014
1.7213166,1.83292,0.91438335,0.89994895,0.9153908,0.67941546,0.0,0.5698948,0.0,0.16984081,0.38606152,0.0,0.0,0.30796623,0.0,0.0,2,2014
1.212064,0.79448843,0.96986574,1.7875113,0.82123506,0.3426999,0.0,1.0017598,0.71139336,2.2596045,0.0,0.81348073,2.2206469,0.5326602,0.0,0.0,0,2014
1.6448652,1.3809674,1.2542752,0.71556026,1.3173976,0.55701554,0.0,0.31077576,0.0,1.0833199,0.44719973,0.0,0.5222372,0.8164658,0.0,0.10025567,1,2014
2.3444126,2.426117,1.7882047,2.0474691,0.0,1.4717273,0.0,0.7138773,0.0,0.32622105,3.024343,1.2702489,0.0,3.1149118,5.82388,0.0,0,2014
1.014118,0.42698115,0.71970016,1.6607031,0.14427716,1.3475858,0.0,1.8845766,0.0,2.2548418,0.0,0.0,0.6949743,2.0968595,0.48446834,0.0,0,2014
1.1386179,0.3873339,1.7149987,0.0956558,0.80783015,1.0523118,2.9536614,0.0,3.6972687,2.2751322,0.52054447,0.43272138,2.0062296,0.67758423,0.14079237,0.0,2,2014
1.2283604,0.86563253,1.2044643,0.43653655,1.1931434,0.90108967,3.4591916,0.45331818,2.7017624,1.0451351,0.5669577,0.0,0.40122113,0.10998547,0.0,0.0,2,2014
2.253584,1.451694,1.371166,0.60338175,0.5065937,0.63577956,0.0,0.77503026,0.0,0.586492,0.23002887,0.0,0.0,0.85822207,0.0,0.04394883,0,2014
1.4743761,0.46249014,0.97377574,0.0581699,0.0,0.57227844,0.0,0.0,0.0,2.354224,1.4503748,0.696931,0.0,2.8726504,2.23654,0.06728923,2,2014
0.8912921,0.877649,2.1890464,0.95630544,1.2319548,1.1718111,3.1639357,1.1845217,1.5512269,2.0855434,0.23165041,0.0,1.8754468,0.891256,0.0,0.0,1,2014
3.189526,4.106018,2.077382,3.567222,0.0,1.9343753,0.0,0.37108028,0.0,1.3585986,1.6230896,0.0,0.0,1.7599753,5.6652493,0.36167413,0,2014
1.475337,1.1967902,1.2094966,1.7655606,0.0,0.84493136,0.0,0.44448137,0.0,0.16391534,2.5562837,0.0,0.0,3.3556983,4.4689536,0.0,0,2014
0.7201316,0.72713685,0.38268375,1.3100607,0.0,0.56056386,0.0,0.7844578,0.0,0.97192746,0.97359544,0.0,0.0,2.6791337,1.5769598,0.0,0,2014
0.9381054,1.2473743,0.38059658,2.26466,0.0,0.29087585,0.0,1.5839612,0.0,0.33080116,0.46296746,0.0,0.6062677,2.5403168,0.99619025,0.12069172,1,2014
1.1945384,0.16626948,1.4690908,1.3058877,1.268803,0.8387191,2.236647,0.0,0.5949303,2.0744762,0.6558994,0.0,1.8871181,1.4044455,0.1408602,0.27316213,1,2014
1.6059152,0.81382614,1.6589806,1.639717,0.7731627,0.815501,0.0,1.2710384,0.007558197,1.7418284,0.0,0.0,2.3236904,1.3319163,0.0,0.010671616,1,2014
0.73277426,0.8073473,0.59113604,1.0426706,0.2005915,0.4244857,0.0,0.0,0.0,0.84572184,1.9653058,3.5927742,0.23434272,1.7283957,0.30039036,0.0,0,2014
0.8926675,1.1016787,2.1210928,1.0885766,1.3894974,0.44397768,3.1346323,0.7701155,1.8714104,2.0003774,0.4468621,0.0,1.6891253,0.67191565,0.0,0.0,2,2014
0.95476305,1.070193,1.1127037,0.88095856,1.7414191,0.77093697,1.8833282,0.43583518,1.0133355,2.3912816,0.8338913,0.0,1.1237767,0.0,0.0,0.0,2,2014
1.2090259,1.167332,0.6497743,1.4817222,0.9363658,0.600315,0.0,0.0,2.0878565,0.17774606,0.057466865,1.0231334,2.2432299,0.63134927,0.0,0.0,2,2014
1.6936891,0.64902645,2.2536082,1.1354897,1.3401153,1.0672187,1.1210588,1.020292,0.35655382,2.1213286,0.0,0.0,2.2297297,1.008524,0.0,0.0,2,2014
0.38529956,0.42723438,1.2644161,0.25554633,0.0,0.5094453,5.2473774,0.6195556,7.7296395,0.0,0.16104561,0.0,1.1858189,1.4942317,0.50163347,0.22590446,2,2014
1.4763514,0.8534963,0.84330577,1.3675017,0.0,0.7304759,0.0,1.5088838,0.0,2.2647073,0.09342575,0.0,0.0,2.4565754,1.950335,0.06059009,0,2014
0.8777493,0.73929656,0.30217004,0.97332317,0.0,0.40394616,0.0,1.0178299,0.0,2.3483953,1.601478,0.0,0.0,2.9379437,2.5736425,0.0,0,2014
1.3846958,1.0887072,0.64571846,1.6795115,0.81362224,0.4917857,0.0,0.04926181,0.0,0.0,0.5500269,0.18383521,1.1379294,0.9079809,0.0,0.0,1,2014
0.9687791,0.81402165,1.1175876,0.6404337,0.138434,0.766596,0.0,0.0,0.0,0.53391045,1.0534679,0.0,0.0,1.9003999,0.9508548,0.0,0,2014
1.4773932,0.8461264,1.5642703,1.2379787,1.1029744,0.22707957,0.0,0.4476414,0.0,2.256025,0.08060235,0.0,1.1664977,1.4519793,0.0,0.39870012,0,2014
1.1740229,0.9641714,1.6104639,0.090476334,0.7899842,0.5437635,0.0,1.4846001,5.2207904,2.3504772,0.0,3.165003,3.938384,0.39600497,0.0,0.0,0,2014
0.81316185,0.86509097,0.33333713,1.2023065,0.36041296,1.1953678,0.0,0.0,0.0,0.8744439,0.6416461,0.0,0.061249614,1.5868738,0.19005823,0.0,1,2014
1.2259607,0.3507079,0.72970486,1.0732455,0.0,0.28158778,0.0,0.47305658,0.0,0.8311661,1.0035462,0.0,0.0,2.8472056,2.068774,0.18653315,0,2014
1.2563906,1.4235249,1.1370207,1.4941292,1.1457766,0.3481773,0.0,0.20650935,0.0,2.4835877,0.49943775,0.0,0.5956897,0.7461167,0.0,0.27747548,0,2014
1.0971648,0.7508168,1.3056905,0.21525276,0.7859556,0.77686614,3.8059466,0.6647613,2.956095,2.3639293,0.30933106,0.0,0.64879835,0.2960931,0.14504841,0.0,2,2014
1.5366338,1.4191413,1.14377,1.0469453,0.42587507,0.7035353,0.0,0.09041077,0.0,1.1500492,0.021589696,0.2194112,0.16946408,0.68500656,0.0,0.15788788,0,2014
0.8631973,0.6179072,0.56868005,1.4144428,0.0,1.3795469,0.0,0.95323473,0.0,1.2636912,3.110954,0.0,0.0,2.954215,5.4034224,0.0,0,2014
0.43438125,0.8387289,1.4560859,2.0323925,0.98682153,0.8796511,3.8144133,0.62898564,1.9727182,2.1047056,0.0,0.0,1.9631605,1.1583639,0.0,0.067492664,0,2014
1.4287175,1.499287,1.6560824,2.8052826,1.2695616,0.65877736,0.5802627,1.4204133,1.3640358,0.32481232,0.0,0.0,2.6365821,0.777334,0.0,0.0,1,2014
1.6787012,0.9607196,0.72133774,0.74246895,0.0,1.185238,0.0,0.0,0.0,0.028549492,2.2944639,5.766621,0.0,1.9869852,0.6006289,0.0,0,2014
1.5358441,0.45216537,1.0538702,1.326264,0.9667486,0.78211695,0.0,0.9678729,0.0,2.3219001,0.0,0.0,1.0635713,0.8197149,0.0,0.0,1,2014
2.0860443,1.3644311,0.97356796,1.6121061,1.0086479,0.1487506,0.45585728,0.74739087,1.6760795,0.0,0.3469567,0.0,1.1902663,0.28520495,0.0,0.16200274,0,2014
0.76699775,1.2986565,0.5422346,1.3624942,1.3946288,0.7055948,0.056168944,0.6880598,0.0,2.5993335,0.6511254,0.0,0.77768695,0.22751337,0.0,0.0,1,2014
1.0857282,1.0532123,0.9582765,1.7418318,0.63709855,0.74428797,0.0,0.34504867,0.0,0.0,0.3086495,0.0,0.97364944,1.2228464,0.0,0.0,0,2014
1.29409,1.478577,1.288249,2.079706,0.0,0.41446066,0.0,1.0341527,0.0,2.1070666,1.6423416,0.0,0.0,2.9662905,4.0467505,0.14929837,1,2014
0.84328336,0.7449887,1.0374224,0.0,0.31641015,0.66871,2.6990156,0.26279896,9.172068,0.35464108,0.0,3.0980399,4.0820713,1.2837527,0.0,0.21313375,1,2014
1.1136972,1.0691532,1.6182826,1.5744627,0.0,1.1880387,0.0,0.6018285,0.0,2.1414258,2.242783,1.1324134,0.025784254,3.3782642,4.498687,0.0,0,2014
1.7513068,1.0742021,0.92350364,1.3585033,0.96802396,0.42299896,0.0,0.3037576,1.0618297,0.38014624,0.104246795,0.35404634,1.8808422,0.94489896,0.0,0.058009088,0,2014
1.3553514,0.94785213,0.49924397,0.9444381,0.06789708,0.8903707,0.0,0.13803464,0.0,0.3650248,0.71583194,0.0,0.0,1.4656262,0.7045288,0.028480947,0,2014
1.5878625,0.7815981,1.2954121,1.2299758,1.172952,0.8554613,0.078306995,1.7626836,0.0,2.2197967,0.0,0.0,1.6556661,1.6707072,0.0,0.0,0,2014
0.55775297,1.1803684,2.122879,0.07615465,0.5238005,0.0,4.954796,1.0370411,4.3245006,1.7328095,1.3038092,0.0,0.9219695,1.8354592,0.46129197,0.0,0,2014
1.398307,0.8974949,0.6830293,1.2604825,0.54061884,1.0129374,0.0,0.0067819953,0.0,1.2741108,0.0,0.0,0.6234901,1.2478294,0.0,0.12170905,1,2014
1.4470311,0.6235043,1.7373009,0.18131256,0.0,0.5300925,0.0,1.5522115,0.0,2.056685,0.3126442,0.0,0.0,2.291967,1.205418,0.0,2,2014
1.2001768,1.8024731,0.7830445,2.1209118,0.0,0.012767613,0.0,1.0522519,0.0,0.47812802,0.7256739,0.0,0.0,1.7206187,1.356976,0.33964127,0,2014
0.8162712,1.3997731,1.7562752,0.94074863,1.7417076,0.0,0.94943494,1.0342708,0.41602674,2.0617664,0.63786036,0.0,1.4395909,0.5042073,0.0,0.0,1,2014
1.7892324,0.9943209,0.363926,0.9956423,0.8905593,0.0,0.021196067,0.49804726,2.8067584,1.0695853,0.09166676,0.7997436,1.8467155,0.012096405,0.0,0.13167703,2,2014
1.593483,1.2566345,0.7709559,0.73586464,0.2652172,1.0599294,0.0,0.46777534,0.0,0.3091296,0.16363358,0.0,0.0,0.70716256,0.0,0.0,2,2014
0.87836605,0.95866877,0.24801421,0.8695023,0.34209237,0.24447024,0.0,0.0,0.0,1.2633368,1.2156007,0.0,0.0,0.69407874,0.42317694,0.070453465,0,2014
1.472767,0.66067326,1.4923882,1.4774983,0.75200677,0.9338806,0.0,0.98314846,0.0,2.3313644,0.0,0.0,1.2225537,0.7880381,0.0,0.0,0,2014
1.0873778,0.4630296,2.004518,0.79096633,1.1273557,0.8681627,3.468983,0.4197704,2.5571036,2.026509,0.63290703,0.0,1.9965184,1.2111098,0.34338748,0.0,2,2014
1.4063745,1.0046015,1.825185,1.4676768,0.5977839,1.1568216,3.0778723,0.6254368,2.743314,0.0,0.0,0.0,1.5647715,1.1131551,0.12258257,0.087667584,1,2014
1.229948,0.24808109,0.14853024,1.1151124,0.27125373,1.7871101,0.0,1.2468593,0.0,2.5646005,0.12067455,0.0,0.14771658,1.4110016,0.55931616,0.0,0,2014
1.7219541,0.6279204,1.1788028,0.79542947,0.94615126,1.37009,0.0,1.0177891,0.0,2.5329738,0.0,0.0,0.66970104,0.8594303,0.0,0.0,1,2014
1.6056237,0.45576665,1.8310838,1.165508,0.45670575,0.77688706,0.0,0.056375682,0.0,2.277931,0.0,0.6083644,0.7822869,1.3648803,0.0,0.25737745,1,2014
1.3455913,0.89670557,1.2821444,1.1411436,1.0416523,0.8850874,3.313036,0.76498526,2.5856292,0.0,0.29177725,0.0,1.2295237,1.1731288,0.0,0.066192925,2,2014
1.2256248,0.8679736,1.1224544,0.73078775,0.0,0.4442771,0.0,0.99663615,0.0,2.2655706,0.12661445,0.0,0.0,1.8520715,0.7303303,0.10252559,0,2014
1.2379731,0.7046509,0.8245238,1.3148402,0.9223769,0.0,0.0,0.0,0.0,2.3949962,1.1154144,0.0,0.38049343,1.2012937,0.08487415,0.60179454,0,2014
1.7765603,1.0335121,0.56804323,1.5389329,0.15310776,0.87919873,0.0,0.17360312,0.0,0.21521074,0.0,0.13096978,0.76817805,1.1538932,0.0,0.24585056,0,2014
1.3436501,0.46659502,1.5387554,1.2381599,0.7510611,0.5470747,0.0,0.21396714,0.0,1.9823527,1.1103133,3.8603346,1.9401605,1.7036839,0.0,0.0,0,2014
1.5066048,1.2568996,0.043452263,1.6332124,0.0,0.12225908,0.0,0.74079454,0.0,0.6371927,0.76707,0.0,0.0,1.8233631,1.322439,0.5445831,0,2014
1.1936663,1.4261801,2.182805,0.428763,1.1030389,0.42367214,3.3635476,0.89311767,3.122517,0.6396184,0.9035924,0.0,1.2620052,1.0340827,0.0,0.0,0,2014
0.6594314,0.5446332,0.1257326,1.9729016,0.0,0.9646214,0.0,0.8312515,0.0,1.2255716,1.644048,0.0,0.0,2.279562,3.622564,0.0,0,2014
1.5660313,0.70748997,2.7160635,1.3607049,1.0672249,0.74926984,0.4491961,0.67150486,0.0,2.0005076,0.0,0.0,2.2681518,2.0086951,0.0,0.25604224,1,2014
1.8869448,1.2930963,0.84577334,1.4422445,1.4336158,0.41900143,0.2877007,0.3149646,0.86206156,0.0,0.79860365,0.0,1.3042397,0.465133,0.0,0.0,0,2014
1.5634663,2.0748715,1.5524777,2.7967925,0.0,1.2884291,0.0,0.783646,0.0,1.2517838,2.9173865,0.0,0.0,1.9626069,6.300411,0.0,0,2014
0.44238347,0.7604137,0.3005311,0.19358215,0.45383334,0.32535166,2.6815977,0.3691557,6.8342733,2.5419812,0.0,1.6834527,2.7745302,0.0,0.0,0.0,2,2014
0.8756001,1.0110663,0.86130023,1.9415121,0.0,1.3065448,0.0,1.1077411,0.0,1.022703,1.0075927,0.0,0.0,2.4227123,3.7058973,0.0,0,2014
1.0769815,0.9277439,0.4177606,0.9247465,0.6201863,0.37326992,0.0,1.7769746,0.0,2.3496103,0.59832215,0.0,0.2845195,1.3148791,0.04335518,0.0,2,2014
1.0922841,0.9917699,0.5105054,1.2850821,0.054749846,1.2132092,0.0,0.7764234,0.0,0.7690496,0.050730348,0.0,0.0,1.0976729,0.39879045,0.0,2,2014
1.3297935,1.2048326,0.3391961,1.4810867,0.7768037,1.0444083,0.0,0.2170682,0.0,0.3311306,0.3746976,0.0,0.32328677,0.63588053,0.0,0.0,1,2014
0.77216655,1.3147342,1.9073322,0.4996754,1.4968548,0.6755328,3.9923954,1.2875326,2.8115513,1.9219995,1.3123465,0.0,1.8634565,1.4907432,0.039800003,0.0,2,2014
1.7717159,0.9590659,1.6572964,1.6259297,0.5529001,1.9503765,0.0,1.8523381,0.0,1.0384504,0.0,0.0,2.0076792,1.5236833,0.0,0.0,0,2014
1.0553178,1.5017215,2.3430724,0.31891584,1.1810937,0.61833817,3.7015903,1.4202198,2.212043,1.8889723,0.80150884,0.0,1.3646092,1.2489585,0.0,0.0,2,2014
2.0160952,0.967589,0.6846845,0.99382293,1.4619596,0.7218822,0.0,0.0,0.13488068,0.14112985,0.7629806,0.0,0.9705124,0.66716784,0.0,0.02332896,0,2014
0.8040501,0.97604555,0.5600308,1.7717779,0.0,1.2901921,0.0,0.4788305,0.0,2.470602,1.6286047,1.4477531,0.0,2.4072404,3.421329,0.0,0,2014
1.4046016,0.54981244,0.8356318,1.3193138,0.0,1.1705121,0.0,2.3993979,0.0,2.197604,0.0,0.0,0.044335425,1.99337,1.0542278,0.0,2,2014
1.5397131,1.686763,2.3595397,1.3406487,0.91441655,0.9129402,2.6464741,1.1505096,1.7588911,0.24418879,0.0,0.0,1.4480755,1.1381233,0.0,0.079355,1,2014
0.5741258,1.1237302,1.6799397,0.8960575,1.2735221,0.83107704,4.1773653,0.7685786,2.302878,2.0672247,0.6740076,0.0,1.7764721,1.2852867,0.0,0.0,0,2014
0.7912245,1.2408979,0.6841574,0.89405566,1.6544596,0.9902775,2.410393,1.0103328,2.5677943,2.415688,0.68250185,0.0,2.2484138,0.11726344,0.0,0.0,2,2014
0.69079304,1.0606618,0.64070004,1.1995468,0.18765467,1.2767156,0.0,0.99223244,0.0,1.0635171,0.115261495,0.0,0.21078876,0.6648806,0.1059535,0.0,2,2014
1.2557402,1.8385284,1.2114067,1.3799524,0.3757652,0.45298946,0.0,0.9800231,0.0,2.427861,0.4776379,0.0,0.0,0.9600226,1.2173921,0.101667225,1,2014
0.8827132,0.27590734,0.87429667,0.33970302,0.29300934,0.03591019,0.0,1.0145199,6.915226,2.4153018,0.0,4.9974566,4.777234,0.37331346,0.0,0.0,0,2014
1.6624677,0.6859176,0.50971377,0.89410585,0.28765997,1.1112591,0.0,0.41770193,0.0,0.28124678,0.54822975,0.0,0.0,1.123416,0.2915929,0.0,1,2014
1.839431,1.4994116,0.8735003,1.3721116,1.1057632,0.0,0.0,0.50021315,0.28640836,0.0,0.8702412,0.0,0.8436142,0.71345866,0.0,0.16697735,0,2014
1.2417921,1.70558,1.3581227,2.9771235,0.0,1.4886029,0.0,1.0724523,0.0,0.39737684,2.111039,0.0,0.0,2.917315,6.2871146,0.0,0,2014
0.5733181,0.7669513,1.0929972,0.45529822,0.0,0.62467635,0.0,0.12303269,0.0,2.3920243,1.6393826,0.44565976,0.0,1.7442837,2.6955245,0.0,0,2014
1.5971718,1.1775422,1.7003887,1.5443501,0.8248167,0.889115,0.0,0.85854846,0.0,0.90034574,0.0,0.0,1.3429536,1.2164145,0.0,0.025665104,1,2014
1.0543671,0.2612111,0.43615046,1.5733118,0.7203104,1.8874316,0.0,0.92628837,0.0,2.561683,0.0,0.0,1.0895462,2.125219,0.0,0.0,0,2014
1.6357855,1.2125263,0.5163716,0.740107,1.3165077,0.0,0.0,0.0,0.0,0.6919471,1.2839788,0.0,0.0,0.632125,0.0,0.47908857,1,2014
1.1769928,0.072485745,0.9546444,0.9372215,0.35964808,0.3845954,0.0,0.12433052,0.29809436,2.0775928,0.0,2.4301105,1.6296566,1.0926132,0.0,0.0,1,2014
1.1961772,0.6614903,1.5101349,0.44210202,1.4742014,0.8912282,2.7255805,0.0,1.0113289,2.345658,1.144618,0.0,1.0412555,0.7460324,0.0,0.11379826,2,2014
1.3421711,1.4563633,0.40443647,1.8012578,1.5410491,0.0,0.0045238286,0.33842474,0.48213825,1.0335004,0.6761797,0.0,1.5889442,0.68977195,0.0,0.373316,1,2014
1.8590295,0.98158705,2.316925,0.60182095,1.4556612,0.32889682,0.08826913,1.4193907,0.0,1.9475796,0.19727078,0.0,1.3607491,1.4732089,0.0,0.0,2,2014
1.6830374,1.1593161,0.73206025,1.422672,1.6552601,0.87994194,0.79815924,0.5460923,1.2288831,0.06664789,0.5155821,0.0,2.015739,0.9355252,0.0,0.0,2,2014
0.8355254,0.526674,1.8709068,0.37305254,0.16490996,0.08688152,5.2346563,1.2366619,4.4861197,1.6719344,0.67500997,0.0,1.3575644,2.5002675,0.6022441,0.053760648,2,2014
1.1632595,0.47443745,0.44419363,2.263811,0.0,2.1974106,0.0,0.0,0.0,0.8811579,2.2235692,0.0,0.0,2.6301632,5.696383,0.0,0,2014
0.9794982,0.74921155,0.78220046,0.83612406,0.0,0.29052812,0.0,1.351517,0.0,1.9483776,1.3970537,1.8202648,0.0,2.128251,2.3087032,0.0,0,2014
1.3801007,0.8420232,0.88480395,0.77915436,1.4362298,0.50971645,0.0,0.6639234,0.0,2.5107362,0.7731304,0.0,0.9352175,0.36915702,0.0,0.0,0,2014
1.2081462,0.91104865,1.3363495,1.1424952,0.6741855,0.99375665,0.0,1.1290369,0.9902936,0.7458237,0.0,0.6147372,2.1569936,1.3064214,0.0,0.0,1,2014
1.1805729,0.74091667,0.66530883,1.7150893,0.34480783,1.040979,0.0,0.49201357,0.3295725,0.5151818,0.0,0.49183702,1.7856295,1.390796,0.0,0.0,1,2014
0.7466361,1.3494046,1.0947905,1.7798026,1.1519723,1.2965703,0.16773655,0.4774493,0.0,0.70183563,0.0,0.0,1.0395703,0.0,0.0,0.0,2,2014
1.702869,1.5326983,1.529516,1.118919,1.3914294,1.422822,0.91543055,1.5449212,0.46409482,0.99471855,0.0,0.0,1.841285,1.0231243,0.0,0.0,2,2014
1.5483018,1.3283904,2.2233443,0.95312107,1.1155591,0.7890861,0.0,1.381677,0.0,2.2835758,0.0,0.0,0.92072165,0.74817616,0.0,0.0,1,2014
1.5154359,1.0948187,0.85619795,1.5736377,0.066429615,0.8058637,0.0,0.5388069,0.0,0.032562375,0.0,0.0,0.36820474,0.78793555,0.0,0.0,2,2014
2.2548914,1.2454908,0.6239094,1.0384295,1.4546751,0.28769183,0.3232196,0.28987718,1.1845953,0.05004096,0.6588706,0.0,1.357791,0.7842198,0.0,0.26626366,2,2014
0.830213,0.8459558,0.26686412,1.6081824,0.0,0.09018856,0.0,0.28785324,0.0,1.1088729,1.7513928,0.0,0.0,2.0310953,2.969867,0.33139777,0,2014
0.88158995,0.511411,0.7244734,0.6308392,0.0,0.75152546,0.0,0.0,0.0,2.5439043,1.9800224,0.7144123,0.0,1.4369006,3.1510074,0.042481005,2,2014
0.90965825,1.2020454,1.4398746,0.5151048,0.93429196,0.6719286,3.8979275,0.0,2.4133909,0.88664335,0.8003124,0.0,0.41379264,0.8095994,0.0,0.057969272,2,2014
0.014770687,0.7449078,0.42654064,1.0093764,0.5899442,0.39204437,0.0,1.0071622,0.0,2.2911642,0.74745715,0.0,0.0,1.1499596,0.4689489,0.0,0,2014
1.2766849,0.4621684,0.97972935,0.9667747,0.26653972,0.7399637,0.0,0.52606094,0.0,1.9426506,0.062382996,0.0,0.0,1.4316168,0.37630904,0.016031086,0,2014
1.5232079,1.2991045,0.9376203,0.6382226,0.6110766,0.33509976,0.0,0.17969143,0.0,0.8878252,1.2199835,2.2442927,0.27910787,0.70023847,0.0,0.0,2,2014
1.3386545,0.88688433,0.26038152,0.18726817,0.0,0.0,0.0,0.80017793,0.0,2.5035641,1.3616536,0.12348686,0.0,1.4231527,1.4180753,0.16912287,1,2014
0.89262265,0.5445359,1.1079314,0.3651063,0.9577668,0.46313855,3.4324713,0.14367372,5.1715837,2.1897879,0.6168779,0.4383521,3.1689374,1.5654577,0.0,0.0,2,2014
1.9044367,0.7289442,1.0210258,1.5750339,0.9633753,0.30376917,0.0,0.05249864,0.9216018,0.8960598,0.0,0.22571123,1.8015859,0.7345075,0.0,0.25983667,1,2014
1.8020581,1.8225857,1.107082,1.467402,0.34486756,0.3521893,0.0,0.7666726,0.61976194,0.14927197,0.0,0.2064563,1.0929685,0.6246267,0.0,0.35439932,1,2014
0.89717555,1.6343418,1.3779812,1.3806314,0.5979155,0.8110095,0.0,0.9224438,0.0,0.9212501,0.009950638,0.2670111,0.7536414,0.43163264,0.0,0.0,0,2014
0.9634791,1.3428206,1.7585211,2.9699588,0.0,2.0885093,0.0,0.5275665,0.0,0.92180717,4.2231855,0.0,0.0,1.9143248,8.377697,0.0,0,2014
1.202619,0.9353624,1.4255806,0.9218652,0.7467102,0.7659787,3.6116087,0.2700618,2.6351104,0.7718528,0.40620863,0.0,1.2906791,1.3331695,0.06898779,0.14919728,2,2014
0.78248215,0.6917158,0.21716726,0.9242845,0.4764211,0.0,0.0,0.1800617,3.5950994,2.1593344,0.0,3.1684105,3.0635087,0.33050823,0.0,0.08345801,1,2014
1.5059719,1.2483121,1.5747459,0.93210447,0.9744772,0.0,0.0,1.4381377,0.0,2.1759882,0.43140313,0.0,0.43866348,0.88027,0.0,0.0,0,2014
2.2011542,0.48776978,0.84495366,0.76485986,0.11260873,0.7628537,0.0,0.040908158,0.0,0.73792493,0.28274846,0.0,0.0,1.303754,0.5347606,0.3185135,0,2014
1.2806704,0.5816751,1.1387485,0.59528214,1.6675514,0.7426558,1.9105213,0.0,0.40119562,2.3425398,1.1333547,0.0,1.0256156,0.75885046,0.0,0.0,2,2014
1.3594637,0.31137544,0.6328535,0.7278597,0.0,0.7301705,0.0,1.2952516,0.0,2.267976,0.2601285,0.0,0.0,2.2306812,1.4480919,0.0,0,2014
2.7955356,3.298118,2.437338,3.2762837,0.0,1.7195646,0.0,0.23830909,0.0,0.50307935,1.5257645,0.0,0.0,1.1001922,6.1858854,0.27487904,0,2014
1.5171349,1.0066481,0.5015631,1.3800962,1.2075437,0.7456651,0.0,0.0,0.0,0.043688178,0.74732137,0.22770797,1.1111904,0.566046,0.0,0.0,1,2014
2.0142078,0.30400515,0.879036,1.0358983,1.1666797,0.82779145,0.0,0.0,0.0,2.186674,0.5298134,1.4790852,1.8291936,1.2435308,0.0,0.0,0,2014
0.93657655,0.150397,0.5119878,1.6716113,0.0,1.0833291,0.0,0.57633317,0.0,1.0312846,1.0702962,0.0,0.0,2.735657,3.6294487,0.0,0,2014
0.63273424,0.85772747,0.7753866,0.85677147,0.6717769,0.23459554,0.0,0.7732438,0.0,2.3540504,0.55013335,0.0,0.0,1.2693408,0.0,0.0,2,2014
1.0354614,1.4898263,1.4744112,1.6018572,1.4202743,1.4896891,1.9111624,0.5831426,1.0272753,0.56923586,0.0,0.0,2.1647637,0.92015475,0.0,0.0,2,2014
1.0960383,1.8154979,1.4176753,1.3264377,1.8413032,0.66516185,1.8597784,1.4478424,1.180289,2.203556,0.07371402,0.0,2.6346734,1.0255296,0.0,0.0,1,2014
1.6500216,0.11855352,0.8615551,0.8612263,1.483118,0.9714391,0.0,0.0,0.0,2.3214755,1.2470628,0.6314596,1.580896,1.3804042,0.0,0.0,2,2014
1.4184527,1.6498557,2.1322377,1.2720788,0.7613321,1.3305063,3.2646484,1.8067592,2.3269284,0.74344987,0.020592213,0.0,2.1026886,2.0091608,0.0,0.0,2,2014
1.2810972,0.740347,1.7017729,1.5905523,1.2992046,1.1641705,0.4666468,1.1474051,0.0,2.1383047,0.0,0.0,2.7548602,1.553333,0.0,0.0,0,2014
2.0030122,1.1587479,1.0596727,0.78464925,0.54392594,0.68534917,0.0,0.4431406,0.0,0.0,0.8595999,1.6474481,0.48164445,1.2340093,0.0,0.0,2,2014
0.72897834,0.59425086,0.7871714,0.6089223,0.0,0.6547085,0.0,0.0,0.0,1.1772645,1.6171448,0.21486112,0.0,1.4290428,2.657004,0.0,0,2014
1.3843364,0.9289133,0.6176897,1.6376143,0.80156153,0.6107555,0.0,0.36150473,0.0,2.4767199,0.13504922,0.71572846,1.3125422,0.8879684,0.0,0.287529,2,2014
0.907599,1.2190188,1.3998487,1.4242408,0.9277169,1.5162388,3.8476279,0.5059532,2.0231957,0.9597018,0.0,0.0,1.711663,1.4316489,0.0,0.12365818,2,2014
1.4772491,0.8747207,0.0,0.9427333,0.0,0.0,0.0,0.0,0.0,1.224465,1.4567719,0.41641152,0.0,1.0647024,1.1221508,0.72237265,0,2014
0.7526636,1.8614734,0.6224179,1.9034634,0.04808277,0.5940691,0.0,1.1054312,0.0,0.69193137,0.0,0.0,0.080148995,0.84360373,0.13861948,0.0,0,2014
1.4122715,1.2097703,0.38649094,0.848316,0.0,0.27677727,0.0,0.36858433,0.0,0.33977202,1.8598182,0.4139617,0.0,1.2573049,2.6682801,0.047165036,0,2014
1.3798307,1.2374496,2.0348701,1.4078946,0.91754735,0.92588025,3.3164065,1.592361,1.161459,1.9603629,0.0,0.0,1.9268382,1.8066185,0.0,0.046491444,2,2014
1.0920085,1.7176476,1.6666255,0.48322195,1.5100716,0.35210454,3.436813,1.3968935,2.001322,1.9391024,0.9787457,0.0,1.1067123,1.0133758,0.0,0.0,2,2014
0.8850194,1.2775524,1.6101067,1.0350972,1.0836091,0.7989416,4.0511975,1.1452395,1.7646887,2.0257387,0.30609444,0.0,1.9026341,1.9694674,0.0,0.0,2,2014
2.449473,2.869104,3.0803468,2.365941,0.0,1.4586788,0.0,0.95637983,0.0,2.030429,2.4654567,0.8862289,0.0,0.8806106,7.1747293,0.0,0,2014
1.9271656,0.6988254,0.94807935,0.963071,1.1597415,0.669682,0.0,0.15253407,1.2300148,0.0,0.24260873,0.6977435,2.1519117,1.0973703,0.0,0.0,0,2014
0.36132577,0.12153,0.5626483,1.4909388,0.0,1.3566186,0.0,0.57270277,0.0,2.6232388,2.2022047,0.0,0.0,2.2593868,4.957088,0.0,1,2014
1.1857998,1.2088442,1.8811557,2.0261052,0.0,2.280392,0.0,0.0,0.0,0.95314187,5.1956825,0.72751224,0.0,1.5409942,8.7051735,0.0,0,2014
2.3781948,0.91824216,1.0698831,1.1354,0.81926334,0.35844207,0.0,0.80013245,0.88795674,0.0,0.3274274,0.5474305,1.5318582,1.0322931,0.0,0.0,0,2014
2.7388916,0.3675494,0.8695292,0.9877547,1.6661443,1.091604,0.19836614,0.1341812,0.33504647,0.47857714,0.5246915,0.0,1.8487046,1.2346343,0.0,0.1268673,1,2014
1.1580184,0.8795919,0.5742547,1.2615156,1.6296856,0.24015623,0.5928302,0.66086686,1.2956023,2.3565662,0.8246385,0.073417604,2.34985,0.667009,0.0,0.0,2,2014
1.0701032,0.6545351,1.5191026,0.4608159,0.39677706,0.46147832,0.0,0.6849435,0.0,2.290471,0.56414264,0.0,0.0,1.0288957,0.6947508,0.0,0,2014
1.2800167,1.2312396,2.3067255,1.6869445,0.8228965,1.5628383,0.9530334,1.2183725,2.0260792,0.73211026,0.0,0.37511402,3.4105175,1.3396423,0.0,0.0,2,2014
0.8912115,1.6964917,1.4918534,1.3183005,1.8702848,0.7241512,1.7017183,1.3150287,0.8557042,2.1312077,0.33429253,0.0,2.6924617,1.2064104,0.0,0.0,1,2014
2.5198302,0.9419131,1.1099517,0.65923476,1.4303657,0.44015262,0.0,0.30718356,0.047828376,0.0,1.0525701,0.26374096,1.0453187,0.9231347,0.0,0.0,0,2014
0.6014916,1.1345408,0.46111402,1.8485713,0.52739394,0.7701271,0.0,0.97813684,0.0,2.484031,0.0,0.0,0.38277736,1.4189463,0.15338978,0.03974116,0,2014
0.8792504,1.1729107,0.6573559,1.2028496,0.0,0.5913769,0.0,0.363639,0.0,0.22818935,2.8695154,1.3977475,0.0,2.1232388,4.114687,0.0,0,2014
2.0553842,1.2571324,1.523064,0.6652207,1.3622464,0.5728225,0.18553467,1.0792968,0.81158185,0.7035687,0.4487926,0.0,1.9300437,1.569054,0.0,0.0,1,2014
1.0434132,1.6561548,1.1835427,2.0005298,1.3828725,1.264565,2.2760465,1.059484,1.0991836,0.50458443,0.0,0.0,2.2840962,1.2449679,0.0,0.08387178,1,2014
0.68342924,0.7690303,0.92776424,1.1010636,0.0,0.8156102,0.0,1.0879295,0.46808094,0.6284735,0.42982167,1.8608913,0.95873773,0.67739666,0.06299353,0.0,0,2014
1.720229,1.1545835,1.3516365,1.3276522,1.017571,0.46446627,0.0,0.869071,0.0,2.4418266,0.0,0.0,1.132628,0.87360954,0.0,0.26945674,0,2014
1.3434023,0.7447534,1.9707872,0.49397922,0.0,0.8059219,0.0,0.6476767,0.0,2.1381464,3.7261746,1.4900521,0.0,2.1795752,6.4285245,0.0,1,2014
1.7166862,0.20691782,0.9013246,0.6266817,1.2037169,1.022739,0.0,0.029559672,0.0,2.4437416,0.9489541,0.081296414,1.0688976,1.4417212,0.0,0.0,0,2014
1.3977919,1.5099299,0.8488119,1.3629606,1.4363143,0.43421516,1.9581174,1.3790147,0.36038792,2.307176,0.114344954,0.0,1.5123353,1.4670479,0.0,0.058454633,2,2014
1.1334655,0.86585253,0.236682,1.5966825,0.61306936,0.50822157,0.0,0.47221547,2.638527,0.05811417,0.0,1.3649659,2.3483086,0.58088285,0.0,0.0,0,2014
1.0464532,0.34086242,1.8645024,0.67559737,0.0,0.67847264,0.0,1.0646182,0.0,1.9566779,0.0,0.0,0.0,2.1784837,1.454852,0.0,0,2014
2.061154,0.63486564,0.6489435,0.79794383,1.0448518,0.37338096,0.49169284,0.25617325,4.451087,0.457384,0.0,1.6069322,3.434863,1.4899348,0.0,0.12624449,2,2014
1.1571746,0.9876574,1.8192706,1.3914928,0.92836505,1.292605,1.613229,0.27513045,2.6772227,0.8136741,0.0,0.44814694,3.1962981,1.2386723,0.0,0.0,1,2014
1.3428634,1.0044031,2.0089607,1.5042958,0.12643236,0.4574073,0.0,1.0071274,0.0,2.1600828,0.0,0.0,0.41638595,0.9518181,0.0020691305,0.28732377,2,2014
1.0024506,0.58916706,1.679024,1.0472736,0.9731182,0.8290643,3.888406,0.4858215,2.8572469,2.0042584,0.39493632,0.0,2.022147,1.266659,0.0,0.0,0,2014
1.7502596,1.0059171,0.22746885,1.9789071,1.2960985,0.07436919,0.0,0.049430013,0.527156,0.5030863,1.0994365,0.40620905,1.3219576,0.32775182,0.0,0.087679386,0,2014
1.193856,1.7497588,1.5596658,2.615642,0.0,1.0784514,0.0,0.13887334,0.0,0.44120044,2.4297836,0.0,0.0,1.5262897,5.9562397,0.0064036846,0,2014
1.3317847,0.742331,1.604584,0.76165,1.156502,1.0630989,3.6685498,1.1106907,1.8598292,1.9165022,0.69591707,0.0,1.991821,1.8939528,0.04321514,0.0,1,2014
0.67513955,0.3714436,0.87411875,0.95136845,0.79252505,0.95881206,0.0,0.0,0.0,2.4819164,0.94148535,0.0,0.0,0.6089139,0.527836,0.0,2,2014
0.59797513,1.5120375,1.3283684,1.4873455,0.76300853,0.65741694,0.0,0.3632667,0.0,2.4071329,0.0,0.0,0.9080455,1.1861641,0.0,0.10366148,2,2014
0.7821964,0.18595535,0.4006945,0.2902815,0.0,0.6575327,0.0,0.6814177,0.0,2.5278974,2.8487723,0.0,0.0,1.5410471,4.4974976,0.0,0,2014
2.6918797,1.2219248,1.2430909,0.36185482,0.980946,0.6774745,0.0,0.7326586,0.50326973,0.014601231,0.29327747,0.0,0.8653983,0.99875605,0.0,0.0,0,2014
0.6302527,1.1158154,0.7518493,1.8849864,1.0744938,1.0748239,0.0,0.95190924,0.0,2.4844656,0.0,0.0,1.441257,1.5889812,0.0,0.022803545,0,2014
1.0934509,0.8416623,1.1238003,0.26821023,0.4008473,0.29991633,4.772847,1.0438478,3.8952801,0.57725257,1.0194664,0.0,1.1090311,3.1044497,0.26482427,0.03167373,1,2014
0.77731174,0.5353293,0.59483653,0.69307446,0.0,0.7441322,0.0,0.0,0.0,0.7567887,1.0218472,0.0,0.0,1.1522044,1.2371218,0.0,1,2014
1.8989539,0.573409,0.22789383,0.6285182,1.1324788,0.88297796,0.0,0.0,0.0,1.2724727,1.379909,0.0,0.1686269,0.8773725,0.0,0.09493047,2,2014
1.0648336,0.8169371,0.6420001,0.61909026,0.061576426,0.8418114,0.0,0.15537816,1.0307834,0.0,0.16969195,1.8095169,0.9141004,0.8139218,0.0,0.0,0,2014
0.4564498,0.94650275,1.5965496,1.4341588,0.0,0.4554258,0.0,0.9927145,0.0,1.7675047,3.776179,5.7192383,0.0,2.9399505,4.650168,0.0,1,2014
1.0970765,1.2485595,0.32784623,1.541909,1.1265318,0.5588833,0.0,1.1129977,0.0,2.5692103,0.14733347,0.0,0.92660946,1.1977496,0.0,0.09939742,0,2014
2.1813626,0.80803245,0.8020391,0.8828117,0.9448929,0.42455715,0.0,0.53212,1.6039164,0.0,0.37429184,0.60427153,1.7146425,1.124306,0.0,0.0,1,2014
1.7222712,1.7985243,1.5388939,1.5732465,1.5681646,0.46680865,0.3582371,0.84564537,0.47700617,0.0,0.37457934,0.0,1.5471982,0.9621074,0.0,0.07945067,2,2014
0.48282796,1.2644284,1.5046996,1.6083404,1.1399113,1.1517577,4.9179616,1.6423359,2.5769122,1.9471505,0.4477437,0.0,2.3793325,2.159954,0.0,0.0,1,2014
1.1364506,1.4375968,0.0,0.93613577,0.8519188,0.6721923,0.0,0.4964174,0.0,1.0288229,0.7355515,0.0,0.0,0.23026901,0.0,0.0,0,2014
1.3204166,1.2460462,1.4818586,1.1549562,0.8604617,0.6445078,0.0,0.23648709,0.0,2.549719,0.3370751,0.0,0.0,0.0,0.2898686,0.0,1,2014
1.6573887,0.3366066,1.9145575,0.057999194,0.0914942,0.6589385,4.2301826,1.5272765,4.7357407,1.6484408,0.7324581,0.21964006,2.270785,3.2040722,1.1671789,0.0,2,2014
1.3820267,0.46740922,2.493311,1.471715,1.0735421,0.9684132,1.0963514,0.14195001,0.0,1.9821148,0.0,0.0,2.8516614,1.9316707,0.0,0.27458578,2,2014
1.7081703,1.1876454,0.9030675,1.9222405,1.27879,0.39117026,0.0,0.38726008,0.0,0.8865192,0.45416427,0.34567642,1.3912207,0.5330705,0.0,0.012649834,1,2014
1.4969883,2.0718625,2.7566788,2.3517394,0.0,0.6137651,0.0,1.3313257,0.0,2.0230732,0.21255311,0.0,0.0,1.5449835,4.4972405,0.1337452,0,2014
2.6496377,0.9958689,0.29626322,1.3779666,0.93266904,0.6595813,0.0,0.7021514,0.999039,0.17538851,0.12723413,0.067641765,1.4588431,0.62065643,0.0,0.14835203,2,2014
1.1299005,0.4385013,0.8411335,0.96796477,0.09016329,0.34307516,0.0,0.096870005,0.0,2.340903,1.0167706,0.0,0.0,1.1860441,1.5139394,0.18669742,0,2014
1.6784918,0.8487398,0.54081786,0.0,1.4479709,1.0758957,3.0143816,0.0,2.3492167,0.3962115,1.136065,0.0,0.22392958,0.9148034,0.0,0.0,2,2014
0.8198809,0.36686614,1.9983482,1.356108,0.0,1.2553538,0.0,0.8712972,0.0,2.1867387,2.4704905,0.0,0.0,2.3687222,6.872764,0.0,0,2014
0.5908754,0.5814668,1.3557777,0.9164704,0.53543866,0.5822834,0.0,0.0,0.0,2.2387047,1.7017412,3.9652216,0.8019768,0.9770515,0.0,0.0,1,2014
2.3948574,1.5869806,0.6351359,0.908606,1.4880145,0.5435144,0.42951643,1.1710622,0.5278228,0.7125634,0.55307823,0.0,0.55507976,0.54272866,0.0,0.0,0,2014
0.19932216,0.40878558,0.20704377,2.0222833,0.0,0.6309619,0.0,0.0,0.0,1.388732,1.7929709,0.0,0.0,1.0851908,3.6112237,0.0,0,2014
1.7156506,0.336563,2.065932,1.1377659,0.59861124,0.48638856,0.0,0.29255277,0.0,2.0513496,0.0,0.44901836,1.4725034,1.6049019,0.0,0.22969759,0,2014
2.1160107,0.957142,2.201024,1.1392498,1.5557475,1.0565633,1.5799947,0.8615498,0.9239986,0.39172736,0.26990712,0.0,2.9579775,2.1695209,0.0,0.01945448,0,2014
0.76954967,0.5988575,2.523306,1.8065016,0.0,1.1010377,0.0,1.8733854,0.0,1.7684417,0.0,0.0,0.9117022,2.5712836,0.99115455,0.0,0,2014
0.54755646,1.467639,0.59749234,1.1712333,1.1277927,0.80534506,4.8895626,2.1129653,3.398217,2.1354325,0.78651434,0.0,2.0400171,2.3396156,0.0,0.0,2,2014
1.1180499,1.67695,0.2495724,1.1180626,1.7007997,0.87280506,0.0,0.3893513,0.009101689,0.8368351,0.86958647,0.0,0.889696,0.18091851,0.0,0.0,2,2014
2.028811,1.509186,1.9640056,0.89458436,1.189348,1.3300005,1.8211088,1.3457177,0.6475792,0.2469967,0.11632019,0.0,1.7478299,1.894419,0.0,0.0,2,2014
1.164047,1.276114,1.2552582,0.6270335,1.700785,0.85387444,3.3573809,0.95905507,2.1054435,2.0506403,0.95616114,0.0,2.6696556,1.9679086,0.0,0.0,0,2014
0.46937057,1.5738776,0.38863164,1.8399684,0.49811405,0.7146923,0.0,0.6145933,0.32897815,1.3234057,0.0,0.0,1.4024897,0.4706317,0.0,0.0,0,2014
1.1526723,0.9197495,0.33018136,1.6680714,0.10536295,0.9856994,0.0,0.29484385,0.0,0.21068984,0.0,0.21157324,0.68682045,0.7471122,0.0,0.0,1,2014
0.8024289,1.4829649,0.8937622,1.5335374,0.0,0.5525173,0.0,0.38969874,0.0,0.21336722,1.6992104,1.5082458,0.0,0.95705396,3.0614321,0.0,0,2014
1.7638593,0.8077518,0.76751894,0.52341115,0.4935664,0.43756884,0.0,0.0,1.5120947,0.0,0.3030913,1.7115363,1.2874501,0.8983575,0.0,0.0,0,2014
1.5069909,0.5780816,1.8250287,1.1125195,0.144808,0.85416347,0.0,0.0,0.0,2.1931608,0.6110485,0.0,0.0,1.6333987,1.7993182,0.3831057,0,2014
2.1505861,1.332438,0.5864165,1.1264001,1.6309109,0.45327178,0.8099943,0.47191915,1.5669029,0.08159876,0.5662202,0.0,1.3686905,0.6304401,0.0,0.12021071,2,2014
2.2595768,0.75201,1.5251331,1.4356353,0.81654227,0.8331557,0.0,1.044223,0.0,0.7897502,0.0,0.0,1.2126429,1.3501122,0.0,0.016351879,1,2014
1.1229765,0.6639843,1.3486378,1.1859227,1.7690469,1.3533967,2.6667387,0.39582235,1.1780698,2.2628877,0.50518197,0.0,2.2088544,0.77027905,0.0,0.0,2,2014
0.9799403,1.4423937,1.2137694,1.183643,1.1468709,1.2560067,4.6712375,1.8159804,2.1149201,2.0933821,0.110595465,0.0,2.0428112,2.3687875,0.0,0.0,0,2014
0.73312956,0.9077942,1.4250658,0.72594315,0.0,0.5417905,0.0,0.62345135,0.0,0.0,1.438436,0.90257674,0.0,1.0998998,2.760646,0.0,0,2014
1.0416305,1.3391968,0.17360538,1.7221241,1.2665014,0.64913416,0.27857918,1.6057491,2.2433057,2.348931,0.3828515,0.54722184,2.9833739,0.6533696,0.0,0.0,0,2014
0.39555413,1.8492233,0.52643967,1.137721,1.3324599,0.5902012,4.222464,0.3509814,2.3559375,0.85895103,1.2704573,0.0,1.6674478,2.1169567,0.0,0.099761486,2,2014
0.4388799,0.8590045,0.7391646,1.1094148,0.0,0.9978659,0.0,0.07394916,0.0,0.84250987,0.45744354,0.0,0.0,1.0449754,1.0813478,0.0,0,2014
0.8431438,1.1817905,1.4856862,1.9566422,1.1723595,0.68771935,0.0,0.8179656,0.0,1.8223536,0.0,0.0,1.7292838,1.1943578,0.0,0.0,0,2014
1.2871547,1.0043939,0.0,1.8357317,1.042177,0.6839834,0.0,0.0,0.0,0.41996592,0.9993363,0.30750376,1.0268759,0.6256873,0.0,0.031445622,1,2014
1.2629321,0.861715,0.46538064,1.0250928,0.24321136,0.82816243,0.0,0.32119715,0.0,1.229,0.11665231,0.0,0.3580143,0.9249927,0.08931841,0.0,2,2014
1.9166427,1.1988369,2.1036859,1.145875,1.1305096,0.593523,0.4315434,2.071984,0.0,1.8617189,0.03711289,0.0,1.5684288,2.1097455,0.0,0.0,2,2014
1.9240912,1.0215073,1.2032137,0.7141552,1.5435175,0.6685379,0.5359277,0.79178613,0.0,2.438083,0.25294167,0.0,1.3556253,1.3253698,0.0,0.09310359,2,2014
1.4662414,0.98175603,1.3196895,0.30549204,0.0,0.48768407,4.318618,1.3020775,5.781944,0.0,0.8257818,0.14876081,1.8907616,3.4325361,0.3205681,0.12830728,2,2014
1.5596772,0.7216347,1.182088,1.1342502,0.5135443,0.9988614,0.0,0.34111226,0.0,2.401484,0.36425674,0.0,0.18327165,1.2207847,0.514053,0.15346897,0,2014
2.2637115,0.5482868,1.5499012,0.0025538206,0.0,0.15765822,0.0,0.62803024,0.0,0.8731924,0.77804476,1.1675274,0.0,0.71385974,1.1856208,0.0,0,2014
1.457531,1.2640543,0.7689805,1.6021373,0.60523504,0.828896,0.0,0.1352889,0.0,0.72953165,0.0,0.0,1.0383971,0.86266375,0.0,0.24037111,0,2014
0.63603985,0.15933806,2.5683014,1.0210216,0.0,1.4064195,0.0,0.35041696,0.0,2.2663038,2.7813041,1.0626539,0.0,2.0037086,7.350661,0.0,0,2014
1.9523039,0.6606885,1.0994451,1.2864971,0.0,0.588365,0.0,0.0,0.0,0.15792215,0.09730393,0.3518473,0.0,1.08638,0.38595334,0.4014672,0,2014
1.8729733,1.3048463,1.1378992,1.5586872,0.70435554,0.42021883,0.0,0.96599597,0.0,0.85903305,0.0028573275,0.0,0.7476286,0.79873914,0.0,0.013241291,0,2014
1.4511737,0.88643235,0.86245906,0.64652705,1.7346636,1.2914388,2.272545,0.70151067,1.1325965,2.4823024,0.4217158,0.0,1.5659106,0.5031792,0.0,0.0,2,2014
1.7939882,0.53214794,1.6508923,0.8723817,0.9333786,0.65900856,0.0,0.8569505,0.0,2.345203,0.0,0.0,0.82045275,0.9756359,0.0,0.0,2,2014
2.1828594,1.8150884,1.2730497,2.141832,0.3352306,0.24226755,0.0,1.4360014,0.0,0.61069924,0.0,0.0,0.46063912,0.82815903,0.0,0.5414948,0,2014
1.4614389,1.4488649,1.4532888,0.9193353,0.0,0.0,0.0,0.54667294,0.0,0.841272,1.1763862,2.2168596,0.0,0.46133083,1.6107172,0.46380088,1,2014
1.3429152,1.6421112,0.84285533,1.5924168,1.5597508,0.0,1.5457947,1.1049984,0.19053689,2.1266568,0.38977396,0.0,1.9041336,1.7935535,0.0,0.4068253,2,2014
1.4488912,0.89940745,1.4034364,1.4491966,1.4818468,0.5560694,1.000448,0.054787457,0.0,2.3532326,0.026997149,0.0,2.1758683,1.5189981,0.0,0.44438067,2,2014
0.78794783,0.1852265,1.3072621,1.8693008,0.0,1.7066166,0.0,0.0,0.0,2.4145865,3.6518395,0.76017773,0.0,1.4046978,7.53317,0.0,0,2014
2.4982133,1.230412,1.0801059,1.1896069,0.78788304,0.86109847,0.0,1.6227062,0.0,1.0690503,0.0,0.0,0.5988115,0.38225406,0.0,0.0,0,2014
0.927215,2.135416,1.4225407,2.5594292,1.3987951,0.14145058,1.5909599,1.4072917,0.37608165,2.0590644,0.0,0.0,2.529284,1.675764,0.0,0.528664,1,2014
0.89216423,1.3836708,1.1033196,0.36115038,0.54641294,0.70788145,5.101891,1.1884679,4.9213886,0.0,0.8012869,0.0,1.5501454,2.899686,0.0,0.17169529,0,2014
0.47134358,0.77263224,0.7944938,1.1393808,0.0,0.03645426,0.0,1.352346,0.0,2.1534653,0.40622947,0.0,0.0,1.7972686,1.899691,0.0,0,2014
0.15045983,1.1375701,0.40432554,1.716181,0.538371,0.77953994,0.0,0.44798467,0.0,0.58006,0.79227424,0.0,0.18087342,0.950324,0.17702797,0.0,0,2014
1.702806,1.1125109,0.50330806,0.8172537,1.0714723,0.36538875,0.0,0.090142965,0.0,1.1912527,1.0314717,0.0,0.0,0.21556216,0.0,0.037241697,0,2014
0.48331833,0.6092539,0.81339586,1.5278469,0.026381075,1.3005974,0.0,0.85063183,0.0,0.9431194,0.0,0.0,0.9613581,1.2704798,0.44035202,0.0,0,2014
0.91525096,1.3201506,1.1784189,1.1868119,0.49984032,0.5153693,0.0,0.0,0.0,0.0,1.8956742,3.290478,0.5005686,1.2703967,0.0,0.0,1,2014
1.2222898,1.110347,0.7549244,1.9031713,1.3773596,0.5152206,2.5948737,1.1912822,2.7295177,1.9392021,0.4489419,0.0,3.5348577,2.0936148,0.0,0.0,2,2014
0.30304065,0.21958241,0.5161966,0.8416726,0.06106448,1.3211651,0.0,0.0,0.0,2.5598357,1.9489298,0.0,0.0,1.0656195,2.7140431,0.0,0,2014
0.7760912,0.6789863,1.3839927,1.4926991,1.1251427,0.5961454,0.0,0.5594685,0.97897625,2.1035433,0.10035372,1.148417,3.3962078,1.3597398,0.0,0.0,2,2014
1.2312626,0.74811864,1.5166148,0.6721977,0.4675942,0.59872437,0.0,0.041893065,0.0,2.3744977,0.48340756,2.6861129,0.5698721,0.25729448,0.0,0.0,2,2014
2.154501,0.9551906,0.0,1.9362476,0.555055,1.0444212,0.0,0.32389718,0.6452507,0.50732577,0.0,0.4524504,1.7592726,0.9543853,0.0,0.39187187,2,2014
0.97947717,0.45167816,2.127246,2.292329,0.0,1.0076419,0.0,1.4410169,0.0,1.9207726,0.0,0.0,0.0,2.1951544,4.644612,0.0,0,2014
1.612862,1.4501755,1.1634322,1.5183427,0.94013584,0.36541927,0.0,0.42146227,0.96252984,0.0,0.10102308,0.0,1.4203966,0.54296637,0.0,0.04058355,0,2014
1.1299325,0.43997127,1.1922593,0.639811,0.0,0.53390074,0.0,0.994948,0.0,0.66473305,1.5827167,0.0,0.0,1.0306094,3.8280814,0.0,0,2014
2.0362291,0.55335146,2.1755002,0.51834804,0.9690621,1.3434649,1.8881867,0.6282675,0.9411539,2.2033012,0.0,0.008191511,2.1964889,1.6070656,0.0,0.0,2,2014
1.9312489,1.2364032,0.66439044,1.6053774,0.9030268,0.3845868,0.0,0.8026329,0.0,0.95805335,0.09136486,0.0,0.8352099,0.59146994,0.0,0.058713973,2,2014
2.1378822,0.45992523,1.0068867,0.0,1.4426017,1.5848968,0.0,0.26398963,0.0,2.6472745,1.0065806,0.0,0.4078156,1.1170757,0.0,0.0,0,2014
1.4861059,1.122318,1.822257,0.15732288,0.74671763,0.4977567,5.001799,2.1521668,2.7157154,1.8473861,0.5089721,0.0,0.7724421,3.0021343,0.0,0.028549135,2,2014
1.4207318,1.0237346,1.1837724,0.70081395,0.0,0.0,0.0,0.6181445,0.0,2.067675,0.85207385,3.5041783,0.0,0.92988276,1.2073907,0.115237,0,2014
1.7352662,1.119029,0.96195394,0.79238737,1.3112373,0.6324996,0.0,0.17527026,0.0,0.05920893,0.9576436,0.0,0.27951002,0.80851364,0.0,0.0,0,2014
1.9513745,0.7816477,0.61703503,0.88556397,0.92521244,0.79449403,0.0,0.3386284,0.0,0.8976107,0.80563277,0.35175455,0.9336048,1.449126,0.0,0.0,0,2014
0.35475957,1.1487122,1.1236207,0.78589386,0.0,0.69975233,0.0,0.0,0.0,0.11101717,1.6598449,2.2431889,0.0,1.0617467,1.8889251,0.0,2,2014
0.9024749,1.0449613,0.37821543,0.68818504,1.4240705,0.81891185,0.0,0.0034358501,0.0,2.143003,1.4896679,0.71729136,0.7693492,0.40203482,0.0,0.0,0,2014
0.8034755,1.3918555,1.8701103,1.4992088,0.9431354,0.45722723,2.2585754,1.2358422,5.2081323,1.7354393,0.0,1.5057001,5.2574944,2.6972308,0.0,0.0,2,2014
0.8262975,0.97557384,1.0479728,0.6199853,1.9148499,1.0625262,1.4706622,0.3491454,0.4484771,2.2552972,1.2028192,0.0,2.3246949,1.3074806,0.0,0.0,1,2014
1.229038,1.2157063,1.024962,1.6254766,1.1392883,0.68490773,0.04496689,0.0,0.0,2.4622865,0.69177246,0.0,0.50776607,0.83142066,0.3710642,0.16378945,0,2014
1.11115,1.9317175,1.2463367,1.0876193,1.9870404,1.186725,2.8749645,0.97519094,1.9521525,0.76232785,0.94129896,0.0,3.211334,2.4170399,0.0,0.0,2,2014
0.15027303,0.49244624,1.6951499,1.3866355,0.0,0.0027074814,0.0,0.96362245,0.0,1.8462188,0.4806825,0.0,0.0,1.817755,2.5939956,0.0,0,2014
0.9305772,0.2910525,0.24221462,1.0988591,0.0,1.0470183,0.0,0.20593852,0.0,0.5244229,0.5375298,0.0,0.0,0.69596946,2.8577023,0.0,2,2014
0.8534453,0.7472103,1.8961248,1.5292476,0.0,1.1051657,0.0,0.5916548,0.0,1.546222,3.6350977,5.555669,0.0,1.470421,6.8145404,0.0,1,2014
1.9444869,1.3374646,0.8122659,1.516283,1.3635947,0.25982636,0.9273981,0.79597014,1.332706,0.32738617,0.45630425,0.0,1.5190473,0.85112196,0.0,0.0916298,1,2014
2.2925124,1.057604,0.596156,2.3489032,0.83771753,1.0729105,0.0,1.1418253,0.5396054,0.08551878,0.0,0.0,2.3157325,1.4924726,0.0,0.22977078,1,2014
1.6642516,1.0496303,2.0274017,1.3158875,0.0,0.8400613,0.0,0.3890385,0.0,2.364307,1.5751402,0.0,0.0,0.3555684,6.6691365,0.0,2,2014
2.401815,1.0957143,1.6032629,1.0322542,0.40774506,0.02576816,0.0,0.6196712,0.553691,0.6303259,0.0,0.8207392,0.9195931,0.6178219,0.0,0.27243924,2,2014
0.55523014,0.85302323,1.5399895,1.6737039,0.0,0.57356095,0.0,0.6795689,0.0,2.2305267,0.0,0.14959466,0.0,0.7876555,1.5057609,0.25982738,0,2014
2.273285,1.6565822,1.3911301,2.1850662,0.33300823,1.2111512,0.0,1.655905,0.0,0.22263044,0.0,0.0,1.3928434,1.0503098,0.0,0.30250514,2,2014
1.660341,0.5115089,1.7572558,0.657108,0.99122673,1.5372031,0.0,0.3694498,0.0,2.4980953,0.0,0.0,0.7686253,0.6988617,0.0,0.0,0,2014
1.5407901,1.1773514,0.7676636,0.35696635,1.7616475,1.3028951,2.5835407,0.18799174,1.6337183,0.9943095,0.97773796,0.0,2.0073512,1.4700701,0.0,0.0,2,2014
1.3580316,1.4094164,1.5628654,1.1580689,0.46129137,0.8145347,4.57541,1.9761355,3.8880527,0.42167628,0.38053554,0.0,2.5728345,3.9684494,0.0,0.30696982,2,2014
0.9315607,0.22472456,1.8786085,1.6041331,0.0,1.1312606,0.0,1.1537132,0.0,2.165662,0.3686992,0.0,0.0,1.1866553,5.5067444,0.0,0,2014
2.3354812,0.64163446,0.2469213,1.4791621,1.0403951,0.7444017,0.0,0.58087254,0.0,0.8615458,0.7037046,0.26524717,1.4654512,1.4528458,0.0,0.0,1,2014
0.49740735,0.92159003,0.6229788,0.92249227,0.0,0.0,0.0,0.3235821,0.0,0.9823408,1.9032321,1.7969633,0.0,0.8032513,2.6089334,0.0,0,2014
1.259859,1.8207976,1.2780983,2.0597987,1.0717897,1.0609856,0.78827107,1.195508,0.20618711,0.3840479,0.0,0.0,2.1772306,1.7565715,0.0,0.0,0,2014
1.2545052,1.3316522,1.535655,0.38072732,1.8432827,1.0178705,1.262762,1.016448,0.21573097,2.2489347,0.58007866,0.0,1.6088755,0.7948742,0.0,0.0,2,2014
1.0091254,0.48043984,0.082414925,0.48364833,0.3065045,1.1657724,0.0,0.022634208,0.0,1.296652,0.9003649,0.17924713,0.06510818,1.2365918,0.4401651,0.0,0,2014
0.48954424,0.58132064,0.4174226,1.4706285,0.85999346,0.9995973,0.0,0.08812606,0.0,1.8727806,0.84438264,0.4636016,1.1685412,1.364399,0.0,0.0,0,2014
1.4745107,1.2372761,0.5313616,0.0,1.3713379,0.5504032,3.5720608,0.0,2.2648659,0.18062282,1.8187094,0.0,0.0,2.604815,0.0,0.118154645,2,2014
0.0,1.2118165,0.3097787,1.0008591,0.870926,0.8986441,0.0,0.043549,0.0,2.7409077,1.6880128,0.0,0.0,0.13735723,1.1269879,0.0,2,2014
0.7676466,0.793114,1.1108942,1.2764921,0.6369192,0.68720686,0.0,0.0,0.0,0.0,0.8905183,0.0,0.46219975,1.307289,0.23612228,0.0,0,2014
0.10814875,0.29512957,0.683464,0.7678274,0.0,0.31942666,0.0,0.14248621,0.0,2.3445554,2.8361056,2.436167,0.0,1.3720262,3.495176,0.0,0,2014
1.924251,0.85490453,0.98158854,1.6119194,0.79888535,0.41348663,0.0,0.754668,0.37017447,0.7661425,0.04120487,0.25620383,1.6338036,0.7658404,0.0,0.0,0,2014
1.8710719,0.8200707,1.3040856,0.8003981,1.0668523,0.69475585,2.8967006,0.80598474,0.7858204,2.151864,0.0,0.0,1.2509427,1.6710114,0.0,0.18764663,2,2014
0.16938156,0.8366754,0.93025947,1.5273118,0.0,0.08931261,0.0,1.3300952,0.0,2.3050048,0.47381854,0.0,0.0,1.2583498,2.9608812,0.0,2,2014
0.6317064,1.456598,1.4221559,1.1526666,0.0,0.12884718,0.0,0.07684904,1.7804792,0.098906636,0.0,2.052758,1.2081726,0.5757999,0.0,0.32233042,0,2014
0.956102,1.0213708,1.9220464,0.95710605,0.40304706,0.614936,0.0,0.28823686,0.0,2.3487394,0.0,0.72605616,0.41081858,0.03477919,0.0,0.0,0,2014
1.7317687,1.3130571,0.2144013,1.092864,1.2548909,0.93075526,0.0,0.5844234,0.089220256,0.7693672,0.49226052,0.0,1.095781,1.0239679,0.0,0.0,2,2014
1.1358764,1.5923332,1.9485494,1.0153191,0.9626665,0.6367494,2.2214172,1.5418603,2.7941766,1.9822567,0.1439386,0.0,2.8986778,1.4325305,0.0,0.0,0,2014
0.91969544,0.42396694,1.6755939,1.0417697,0.0,0.4330586,0.0,1.0708971,0.0,2.1840277,1.1722513,0.028918825,0.0,1.4368451,4.5396476,0.0,0,2014
1.1603318,0.2615777,1.7269828,1.1703154,0.0,0.85031766,0.0,0.0,0.0,1.0276155,3.3199642,3.2862952,0.0,1.0588012,6.3024483,0.0,1,2014
1.008073,1.4266875,0.0,0.029055476,0.9821149,0.47954988,4.688701,0.44683808,2.9290903,0.13522172,1.1334738,0.0,0.17301169,2.8530014,0.0,0.24369687,1,2014
0.9200089,0.511226,0.41330642,1.2983032,0.0,0.18460727,0.0,0.38801068,0.0,0.9475267,1.3101344,0.54634994,0.0,1.5960387,2.8798115,0.057346046,0,2014
0.4460023,0.4311147,2.33923,2.2242026,0.0,1.6915753,0.0,0.480053,0.0,2.2870185,3.4195428,0.10770572,0.0,1.3350706,8.298343,0.0,0,2014
1.7021034,0.4512667,0.98863494,0.7157806,1.3417081,0.52187765,0.0,0.23899287,0.0,2.37749,1.203419,0.68542653,0.84344876,0.6738112,0.0,0.0,0,2014
1.0612173,1.7702214,0.0,0.6559227,1.0869608,0.86145264,4.2024255,1.3685861,3.6923125,0.17773235,1.3214831,0.0,1.4544199,2.7853255,0.0,0.0,2,2014
2.2404225,1.0755081,0.69945383,1.6938584,0.7357942,0.6481483,0.0,0.7727232,1.1360507,0.0,0.0,0.05461783,2.4497452,2.1561995,0.0,0.3186602,1,2014
1.116298,1.6139231,0.55496144,0.7907535,1.4714917,0.44854465,1.6695964,0.46750557,3.422798,0.8730911,1.1710378,0.384566,2.9324234,1.4188235,0.0,0.0,2,2014
0.1382479,0.0,1.3154054,1.0148859,0.0,1.2790592,0.0,0.05753702,0.0,2.2770295,2.2199373,0.3747748,0.0,1.2915236,5.618129,0.0,0,2014
0.39881286,0.22788003,1.8499386,1.3991666,0.0,1.4203969,0.0,0.26359206,0.0,2.4652154,3.1906054,0.0,0.0,0.99358654,7.6374645,0.0,0,2014
1.5151753,1.7806953,1.5298457,1.7209246,1.6163836,1.003031,2.551725,1.8048984,1.4284649,0.3860156,0.7750073,0.0,2.9589057,2.5758693,0.0,0.0,2,2014
1.3022211,1.3908958,1.9206141,0.49155423,1.5527282,1.1418563,0.46254176,0.352053,0.0,0.393011,0.8626199,0.0,1.1558889,1.2118187,0.0,0.0,1,2014
1.8065809,0.82963383,0.5358547,0.6400645,1.3740106,0.52874744,0.0,0.0,0.0,1.0215175,1.5210395,0.19956365,0.5014875,0.72049797,0.0,0.0,2,2014
0.9298867,0.30917382,0.9208164,1.0219684,0.0,0.48712853,0.0,0.0,0.0,2.2788687,0.8590152,1.0537696,0.0,1.6419967,2.0008316,0.1977458,0,2014
0.8671922,0.8598511,0.8085737,1.3302267,0.65012836,0.70098305,0.0,1.1108773,0.85837877,1.7991993,0.07538587,0.5619089,2.3339982,1.272309,0.0,0.0,2,2014
